sample_id,sample_title,steatosis,ballooning,lobular_inflammation,fibrosis,NAS,current_label,current_provenance,three_features_present,review_flag,source_diagnosis_available_in_GEO
GSM3758005,440349.1.X_1,2,2,1,3,5,NASH,derived_from_histology,True,,False
GSM3758006,440350.1.X_1,1,2,1,3,4,NASH,derived_from_histology,True,,False
GSM3758007,440351.1.X_4,2,2,1,3,5,NASH,derived_from_histology,True,,False
GSM3758008,440352.1.X_4,2,2,1,3,5,NASH,derived_from_histology,True,,False
GSM3758009,440353.1.X_4,2,2,2,3,6,NASH,derived_from_histology,True,,False
GSM3758010,440354.1.X_4,2,2,2,3,6,NASH,derived_from_histology,True,,False
GSM3758011,440355.1.X_4,3,1,1,3,5,NASH,derived_from_histology,True,,False
GSM3758012,440357.1.X_5,3,2,1,3,6,NASH,derived_from_histology,True,,False
GSM3758013,440375.1.X_8,1,2,1,3,4,NASH,derived_from_histology,True,,False
GSM3758014,440376.1.X_1,2,1,1,3,4,NASH,derived_from_histology,True,,False
GSM3758015,440377.1.X_1,1,1,2,3,4,NASH,derived_from_histology,True,,False
GSM3758016,440378.1.X_1,2,2,1,2,5,NASH,derived_from_histology,True,,False
GSM3758017,440379.1.X_1,2,2,1,1,5,NASH,derived_from_histology,True,,False
GSM3758018,440380.1.X_1,2,2,1,2,5,NASH,derived_from_histology,True,,False
GSM3758019,440381.1.X_1,1,2,2,2,5,NASH,derived_from_histology,True,,False
GSM3758020,440382.1.X_1,2,0,1,2,3,NAFL,derived_from_histology,False,,False
GSM3758021,440383.1.X_1,2,1,1,2,4,NASH,derived_from_histology,True,,False
GSM3758022,440384.1.X_1,2,2,1,1,5,NASH,derived_from_histology,True,,False
GSM3758023,440385.1.X_1,3,0,1,1,4,NAFL,derived_from_histology,False,,False
GSM3758024,440388.1.X_1,1,1,1,2,3,NASH,derived_from_histology,True,,False
GSM3758025,440389.1.X_1,1,1,1,1,3,NASH,derived_from_histology,True,,False
GSM3758026,440390.1.X_1,1,1,1,2,3,NASH,derived_from_histology,True,,False
GSM3758027,440391.1.X_3,2,0,1,1,3,NAFL,derived_from_histology,False,,False
GSM3758028,440393.1.X_3,0,0,2,2,2,control,derived_from_histology,False,derived_control_has_abnormal_histology,False
GSM3758029,440394.1.X_3,1,0,1,1,2,NAFL,derived_from_histology,False,,False
GSM3758030,440395.1.X_3,3,1,1,2,5,NASH,derived_from_histology,True,,False
GSM3758031,440408.1.X_6,1,2,1,3,4,NASH,derived_from_histology,True,,False
GSM3758032,440409.1.X_6,1,1,1,3,3,NASH,derived_from_histology,True,,False
GSM3758033,440410.1.X_6,1,0,2,4,3,NAFL,derived_from_histology,False,,False
GSM3758034,440411.1.X_7,1,2,2,4,5,NASH,derived_from_histology,True,,False
GSM3758035,440417.1.X_8,1,1,1,0,3,NASH,derived_from_histology,True,,False
GSM3758036,440418.1.X_8,2,1,2,1,5,NASH,derived_from_histology,True,,False
GSM3758037,440419.1.X_8,1,1,1,0,3,NASH,derived_from_histology,True,,False
GSM3758038,440420.1.X_8,2,1,0,1,3,NASH,derived_from_histology,False,derived_NASH_lacks_one_of_three_features,False
GSM3758039,440421.1.X_1,0,1,0,0,1,control,derived_from_histology,False,derived_control_has_abnormal_histology,False
GSM3758040,440422.1.X_1,3,2,1,1,6,NASH,derived_from_histology,True,,False
GSM3758041,440423.1.X_1,3,0,1,0,4,NAFL,derived_from_histology,False,,False
GSM3758042,440424.1.X_1,2,0,1,0,3,NAFL,derived_from_histology,False,,False
GSM3758043,440426.1.X_2,2,0,1,0,3,NAFL,derived_from_histology,False,,False
GSM3758044,440429.1.X_2,1,0,1,0,2,NAFL,derived_from_histology,False,,False
GSM3758045,440430.1.X_2,1,0,1,0,2,NAFL,derived_from_histology,False,,False
GSM3758046,440432.1.X_1,2,1,1,0,4,NASH,derived_from_histology,True,,False
GSM3758047,440435.1.X_3,1,1,1,0,3,NASH,derived_from_histology,True,,False
GSM3758048,440436.1.X_4,1,0,1,0,2,NAFL,derived_from_histology,False,,False
GSM3758049,440437.1.X_1,1,1,2,0,4,NASH,derived_from_histology,True,,False
GSM3758050,440438.1.X_4,3,0,1,0,4,NAFL,derived_from_histology,False,,False
GSM3758051,440440.1.X_4,3,0,2,0,5,NAFL,derived_from_histology,False,,False
GSM3758052,440441.1.X_5,2,0,1,0,3,NAFL,derived_from_histology,False,,False
GSM3758053,440451.1.X_7,2,0,0,0,2,NAFL,derived_from_histology,False,,False
GSM3758054,440474.1.X_2,1,0,1,0,2,NAFL,derived_from_histology,False,,False
GSM3758055,440475.1.X_2,1,0,0,0,1,NAFL,derived_from_histology,False,,False
GSM3758056,440476.1.X_2,1,0,1,0,2,NAFL,derived_from_histology,False,,False
GSM3758057,440477.1.X_2,1,2,1,1,4,NASH,derived_from_histology,True,,False
GSM3758058,440478.1.X_2,1,2,1,1,4,NASH,derived_from_histology,True,,False
GSM3758059,440479.1.X_3,1,2,1,1,4,NASH,derived_from_histology,True,,False
GSM3758060,440480.1.X_3,3,1,1,1,5,NASH,derived_from_histology,True,,False
GSM3758061,440481.1.X_3,2,0,1,1,3,NAFL,derived_from_histology,False,,False
GSM3758062,440482.1.X_3,1,2,1,1,4,NASH,derived_from_histology,True,,False
GSM3758063,440483.1.X_3,2,0,1,1,3,NAFL,derived_from_histology,False,,False
GSM3758064,440484.1.X_4,1,0,1,1,2,NAFL,derived_from_histology,False,,False
GSM3758065,440485.1.X_4,2,2,1,1,5,NASH,derived_from_histology,True,,False
GSM3758066,440487.1.X_4,2,2,1,1,5,NASH,derived_from_histology,True,,False
GSM3758067,440488.1.X_4,1,0,0,1,1,NAFL,derived_from_histology,False,,False
GSM3758068,440490.1.X_5,3,1,1,1,5,NASH,derived_from_histology,True,,False
GSM3758069,440492.1.X_5,3,1,2,1,6,NASH,derived_from_histology,True,,False
GSM3758070,440525.1.X_4,2,1,1,1,4,NASH,derived_from_histology,True,,False
GSM3758071,440526.1.X_4,2,0,1,1,3,NAFL,derived_from_histology,False,,False
GSM3758072,440527.1.X_4,3,2,1,1,6,NASH,derived_from_histology,True,,False
GSM3758073,440528.1.X_5,0,0,1,0,1,control,derived_from_histology,False,derived_control_has_abnormal_histology,False
GSM3758074,440529.1.X_5,0,0,1,0,1,control,derived_from_histology,False,derived_control_has_abnormal_histology,False
GSM3758075,440534.1.X_5,0,0,0,0,0,control,derived_from_histology,False,,False
GSM3758076,440538.1.X_6,0,0,0,0,0,control,derived_from_histology,False,,False
GSM3758077,440548.1.X_7,0,0,0,0,0,control,derived_from_histology,False,,False
GSM3758078,449058.1.X_7,3,1,2,3,6,NASH,derived_from_histology,True,,False
GSM3758079,449060.1.X_8,3,2,1,1,6,NASH,derived_from_histology,True,,False
GSM3758080,449063.1.X_8,2,2,1,1,5,NASH,derived_from_histology,True,,False
GSM3758081,449064.1.X_8,1,1,1,1,3,NASH,derived_from_histology,True,,False
GSM3758082,449065.1.X_5,0,0,0,0,0,control,derived_from_histology,False,,False
