symbol,ensembl_id,cluster,cluster_name,direction,fibrosis_specificity,fibrosis_rho,fibrosis_q,delta_F0_F4,largest_transition,transition_beta,transition_q,matched_frac_reproducible,matched_frac_significant,GO_BP,KEGG,Reactome,Hallmark,n_databases,P,T,X,F,B,HighConfidenceScore,tier,F0,F1,F2,F3,F4
PLPP4,ENSG00000203805,C1,"Early increase (F0→F1), then continued",increasing,shared,0.533,4.492009984226152e-30,1.406,F2→F3,0.6325877073670789,2.120899227790369e-05,0.92,0.06,True,False,True,False,2,2,2,2,0,2,8,Tier 1 - high confidence,-0.449,-0.234,-0.018,0.639,0.957
NFASC,ENSG00000163531,C1,"Early increase (F0→F1), then continued",increasing,shared,0.532,4.340055864691139e-34,1.69,F2→F3,0.7078611342853625,3.458612537769002e-07,1.0,0.16,True,True,True,True,4,2,2,2,0,2,8,Tier 1 - high confidence,-0.518,-0.251,-0.009,0.666,1.172
IL32,ENSG00000008517,C1,"Early increase (F0→F1), then continued",increasing,shared,0.522,9.123651262305563e-33,1.49,F0→F1,0.5828476023499136,0.0001380773000611,0.92,0.04,False,False,True,True,2,2,2,2,0,2,8,Tier 1 - high confidence,-0.642,-0.114,0.211,0.561,0.848
EPHA3,ENSG00000044524,C1,"Early increase (F0→F1), then continued",increasing,shared,0.498,1.501747135099094e-28,1.564,F2→F3,0.6358343478651524,7.188681690273363e-06,0.98,0.08,True,True,True,False,3,2,2,2,0,2,8,Tier 1 - high confidence,-0.457,-0.286,0.024,0.631,1.107
LYZ,ENSG00000090382,C1,"Early increase (F0→F1), then continued",increasing,shared,0.487,2.9610666293297304e-18,1.202,F0→F1,0.3503362209840452,0.0121593843541107,0.76,0.02,True,False,True,False,2,2,2,2,0,2,8,Tier 1 - high confidence,-0.457,-0.102,0.189,0.299,0.745
CACNA1C,ENSG00000151067,C2,Late increase (largest at F3→F4),increasing,fibrosis_only,0.447,5.947382737481359e-21,1.437,F3→F4,0.9586328563595328,0.0123681249464563,1.0,0.26,True,True,True,False,3,2,2,2,1,2,9,Tier 1 - high confidence,-0.283,-0.29,-0.052,0.442,1.154
PDGFRA,ENSG00000134853,C2,Late increase (largest at F3→F4),increasing,fibrosis_only,0.417,1.4011992834303177e-18,1.271,F2→F3,0.5620057492352893,0.0002510166232,0.92,0.02,True,True,True,False,3,2,2,2,1,2,9,Tier 1 - high confidence,-0.348,-0.3,-0.023,0.527,0.923
PLK3,ENSG00000173846,C2,Late increase (largest at F3→F4),increasing,fibrosis_only,0.414,7.467643105651969e-20,1.606,F3→F4,0.734221874028553,0.0284795955942182,1.0,0.3,True,False,False,True,2,2,2,2,1,2,9,Tier 1 - high confidence,-0.39,-0.162,0.012,0.433,1.216
TAX1BP3,ENSG00000213977,C2,Late increase (largest at F3→F4),increasing,fibrosis_only,0.408,8.386552880316161e-15,1.455,F3→F4,0.6827306238931147,0.0489908825857191,1.0,0.12,True,False,False,True,2,2,2,2,1,2,9,Tier 1 - high confidence,-0.338,-0.24,0.041,0.399,1.117
TPM4,ENSG00000167460,C2,Late increase (largest at F3→F4),increasing,fibrosis_only,0.403,9.704353239043416e-12,1.409,F3→F4,0.764954845401338,0.019426195601061,1.0,0.44,True,True,True,True,4,2,2,2,1,2,9,Tier 1 - high confidence,-0.33,-0.065,0.039,0.208,1.079
TREM2,ENSG00000095970,C3,"Early rise, then plateau",increasing,shared,0.469,1.0759086214905444e-28,1.063,F0→F1,0.562160529653889,8.020661401003377e-06,0.96,0.04,True,False,True,False,2,2,2,2,0,2,8,Tier 1 - high confidence,-0.588,-0.081,0.264,0.495,0.475
TYMS,ENSG00000176890,C3,"Early rise, then plateau",increasing,shared,0.489,6.778966825094647e-22,0.901,F0→F1,0.4825871543587945,0.0009911441021423,0.96,0.04,True,False,True,False,2,2,1,2,0,2,7,Tier 1 - high confidence,-0.494,-0.113,0.148,0.502,0.407
FABP5,ENSG00000164687,C3,"Early rise, then plateau",increasing,shared,0.464,9.932198085215113e-19,0.916,F0→F1,0.5511664764240167,5.958946494539871e-05,0.88,0.02,True,False,True,True,3,2,1,2,0,2,7,Tier 1 - high confidence,-0.544,-0.05,0.224,0.362,0.372
HTR7,ENSG00000148680,C3,"Early rise, then plateau",increasing,shared,0.44,1.58094226598715e-19,0.687,F2→F3,0.4725965197982906,0.0025741120398219,0.74,0.0,False,False,True,True,2,2,1,2,0,2,7,Tier 1 - high confidence,-0.363,-0.173,0.086,0.533,0.324
CDC45,ENSG00000093009,C3,"Early rise, then plateau",increasing,shared,0.401,5.1355121691949995e-16,0.787,F0→F1,0.3872029951956117,0.0025435151900182,0.92,0.08,True,True,True,True,4,2,1,2,0,2,7,Tier 1 - high confidence,-0.424,-0.091,0.152,0.456,0.363
OAT,ENSG00000065154,C4,Mid decrease (largest at F1→F2),decreasing,shared,-0.398,1.5843531376640632e-20,-1.236,F2→F3,-0.4306461737638571,0.0039526053811784,0.96,0.14,True,True,True,False,3,1,2,2,0,2,7,Tier 1 - high confidence,0.468,0.221,-0.114,-0.511,-0.768
NAAA,ENSG00000138744,C4,Mid decrease (largest at F1→F2),decreasing,shared,-0.348,4.877591287060027e-19,-1.177,F2→F3,-0.4033793127901718,0.0139245380785543,0.84,0.04,True,False,True,False,2,1,2,2,0,2,7,Tier 1 - high confidence,0.466,0.131,-0.125,-0.494,-0.711
KNG1,ENSG00000113889,C4,Mid decrease (largest at F1→F2),decreasing,fibrosis_only,-0.312,4.50990729550471e-06,-0.57,F1→F2,-0.3161361087123081,0.0188369378227778,0.86,0.0,False,True,True,False,2,1,1,2,1,2,7,Tier 1 - high confidence,0.168,0.227,-0.077,-0.294,-0.402
F2,ENSG00000180210,C4,Mid decrease (largest at F1→F2),decreasing,fibrosis_only,-0.307,5.571506660472975e-10,-0.83,F1→F2,-0.3548068893201911,0.00913897831947,0.86,0.0,False,True,True,True,3,1,1,2,1,2,7,Tier 1 - high confidence,0.295,0.241,-0.096,-0.407,-0.535
ACADSB,ENSG00000196177,C5,Late decrease (largest at F3→F4),decreasing,shared,-0.447,4.620234115738562e-25,-1.405,F1→F2,-0.4375328792451526,0.0015579056616147,0.94,0.02,True,True,True,False,3,2,2,2,0,2,8,Tier 1 - high confidence,0.475,0.245,-0.146,-0.485,-0.93
CYP2C19,ENSG00000165841,C5,Late decrease (largest at F3→F4),decreasing,shared,-0.443,1.257283810587927e-30,-1.468,F1→F2,-0.5148870568366344,0.0003019726639244,1.0,0.0,True,True,True,False,3,2,2,2,0,2,8,Tier 1 - high confidence,0.497,0.322,-0.168,-0.599,-0.971
SLC38A4,ENSG00000139209,C5,Late decrease (largest at F3→F4),decreasing,fibrosis_only,-0.43,1.2047553364480247e-14,-1.15,F3→F4,-0.509850164777819,0.104530058095673,0.96,0.08,True,False,True,False,2,2,2,1,1,2,8,Tier 1 - high confidence,0.229,0.275,-0.049,-0.313,-0.921
MME,ENSG00000196549,C5,Late decrease (largest at F3→F4),decreasing,fibrosis_only,-0.421,9.55261922869862e-16,-1.465,F3→F4,-0.6396155726739124,0.0393857385051752,1.0,0.16,True,False,False,False,1,2,2,2,1,1,8,Tier 1 - high confidence,0.236,0.357,0.014,-0.448,-1.229
SULT1E1,ENSG00000109193,C5,Late decrease (largest at F3→F4),decreasing,shared,-0.414,7.349945784106725e-15,-1.492,F3→F4,-0.7091897834633145,0.0170816061263615,1.0,0.32,True,True,True,False,3,2,2,2,0,2,8,Tier 1 - high confidence,0.291,0.319,-0.064,-0.321,-1.201
