sample_key,sample_id,deposited_RLE_column_sum
HUnafld001,GSM5772501,17154256.559239455
HUnafld002,GSM5772502,18215101.15870282
HUnafld003,GSM5772503,18996295.8352328
HUnafld004,GSM5772504,17996958.30398584
HUnafld005,GSM5772505,16921511.360904112
HUnafld006,GSM5772506,17439088.11667955
HUnafld007,GSM5772507,16802026.15688651
HUnafld008,GSM5772508,16692147.743204337
HUnafld009,GSM5772509,16038312.253153773
HUnafld010,GSM5772510,17867616.690644905
HUnafld011,GSM5772511,18919721.270004135
HUnafld012,GSM5772512,17107111.961009026
HUnafld013,GSM5772513,19190908.05568061
HUnafld015,GSM5772514,14767545.179187957
HUnafld016,GSM5772515,16125584.61798813
HUnafld017,GSM5772516,16923973.802300908
HUnafld018,GSM5772517,14798216.561208105
HUnafld019,GSM5772518,17417563.864308152
HUnafld020,GSM5772519,15469845.877768468
HUnafld021,GSM5772520,16778472.79888274
HUnafld023,GSM5772521,13936285.241306288
HUnafld024,GSM5772522,15241360.002807874
HUnafld025,GSM5772523,17653423.60193422
HUnafld026,GSM5772524,18060411.593627747
HUnafld027,GSM5772525,15408506.343876678
HUnafld029,GSM5772526,14593266.471450226
HUnafld034,GSM5772527,15922412.412348293
HUnafld035_1,GSM5772528,15315164.138487794
HUnafld035_2,GSM5772607,14430133.453111328
HUnafld036,GSM5772529,16816592.49222388
HUnafld037,GSM5772530,15722636.468397027
HUnafld038_1,GSM5772531,15534587.972103726
HUnafld038_2,GSM5772608,16688777.77016034
HUnafld039_1,GSM5772532,17425745.35096345
HUnafld039_2,GSM5772609,15853723.20531459
HUnafld040,GSM5772533,16709777.254486665
HUnafld041,GSM5772534,14415658.933004335
HUnafld042,GSM5772535,15448007.757124398
HUnafld043,GSM5772536,15533784.63177902
HUnafld044,GSM5772537,14992785.26741852
HUnafld045,GSM5772538,16303305.674977072
HUnafld046_1,GSM5772539,15198905.43670686
HUnafld046_2,GSM5772610,17890866.74338863
HUnafld047_1,GSM5772540,13886427.236110345
HUnafld047_2,GSM5772611,16274730.017509792
HUnafld048_1,GSM5772541,13479525.963888578
HUnafld048_2,GSM5772612,17337605.98768088
HUnafld049_1,GSM5772542,12095296.008540258
HUnafld049_2,GSM5772613,15061121.943365147
HUnafld050_1,GSM5772543,13207105.103961376
HUnafld050_2,GSM5772614,14708579.99259903
HUnafld051,GSM5772544,14949250.7245312
HUnafld052_1,GSM5772545,15742030.634157129
HUnafld052_2,GSM5772615,17901833.519871466
HUnafld053_1,GSM5772546,14966379.153143074
HUnafld053_2,GSM5772616,14778742.158190586
HUnafld054_1,GSM5772547,14669528.895903261
HUnafld054_2,GSM5772617,17699542.724125743
HUnafld055,GSM5772548,14350684.22883679
HUnafld056_1,GSM5772549,13853922.194512833
HUnafld056_2,GSM5772618,15350567.104813926
HUnafld057_1,GSM5772550,14017861.717248391
HUnafld057_2,GSM5772619,18155811.93928796
HUnafld058_1,GSM5772551,16448342.450022748
HUnafld058_2,GSM5772620,14636448.388235886
HUnafld059_1,GSM5772552,14884636.111366332
HUnafld059_2,GSM5772621,14849206.87629458
HUnafld060_1,GSM5772553,16108090.735583689
HUnafld060_2,GSM5772622,14734199.298606165
HUnafld061,GSM5772554,16429822.463634225
HUnafld062,GSM5772555,13671993.138404746
HUnafld063_1,GSM5772556,14757769.524618281
HUnafld063_2,GSM5772623,17684474.31202884
HUnafld064_1,GSM5772557,15558385.982598996
HUnafld064_2,GSM5772624,16958098.520772792
HUnafld065,GSM5772558,15410434.901831735
HUnafld066_1,GSM5772559,15447933.026203185
HUnafld066_2,GSM5772625,14258145.756578144
HUnafld067_1,GSM5772560,15043006.237210317
HUnafld067_2,GSM5772626,14461100.172399163
HUnafld068_1,GSM5772561,14533478.347084349
HUnafld068_2,GSM5772627,16487748.541974487
HUnafld069_1,GSM5772562,14799151.810171725
HUnafld069_2,GSM5772628,14920545.715827392
HUnafld070_1,GSM5772563,15852595.942022793
HUnafld070_2,GSM5772629,16858339.69337454
HUnafld071_1,GSM5772564,15486479.652145421
HUnafld071_2,GSM5772630,16806044.417509627
HUnafld072_1,GSM5772565,15867556.596849134
HUnafld072_2,GSM5772631,16328552.390449159
HUnafld073,GSM5772566,13955067.618319571
HUnafld074_1,GSM5772567,13538710.525619825
HUnafld074_2,GSM5772632,16012781.24489489
HUnafld075_1,GSM5772568,15406198.087371055
HUnafld075_2,GSM5772633,15652493.509606395
HUnafld076_1,GSM5772569,15086714.69440431
HUnafld076_2,GSM5772634,16000196.970931679
HUnafld077_1,GSM5772570,14046019.386095485
HUnafld077_2,GSM5772635,14887301.714752914
HUnafld078_1,GSM5772571,16967087.70404266
HUnafld078_2,GSM5772636,17161679.757370517
HUnafld079_1,GSM5772572,14044632.948510982
HUnafld079_2,GSM5772637,15847199.25966516
HUnafld080_1,GSM5772573,15563448.642465219
HUnafld080_2,GSM5772638,16491381.839020148
HUnafld081_1,GSM5772574,16097783.656310787
HUnafld081_2,GSM5772639,19300674.275640506
HUnafld082_1,GSM5772575,15010848.531335032
HUnafld082_2,GSM5772640,20542686.837929867
HUnafld083,GSM5772576,15295153.830779161
HUnafld084,GSM5772577,14727090.590887332
HUnafld085_1,GSM5772578,15241583.115215655
HUnafld085_2,GSM5772641,16309138.144283393
HUnafld086,GSM5772579,16818485.825431123
HUnafld087_1,GSM5772580,16300069.898970071
HUnafld087_2,GSM5772642,16095288.95317493
HUnafld088_1,GSM5772581,14950207.268684618
HUnafld088_2,GSM5772643,17573685.338025987
HUnafld089_1,GSM5772582,15070771.84725906
HUnafld089_2,GSM5772644,14792552.408146381
HUnafld090_1,GSM5772583,15333012.55746918
HUnafld090_2,GSM5772645,17925737.991309892
HUnafld091_1,GSM5772584,15688739.510868123
HUnafld091_2,GSM5772646,16320110.94382243
HUnafld092_1,GSM5772585,15788318.98329125
HUnafld092_2,GSM5772647,16039897.308911495
HUnafld093_1,GSM5772586,15968853.876658197
HUnafld093_2,GSM5772648,17238874.294580348
HUnafld094_1,GSM5772587,14000065.834146552
HUnafld094_2,GSM5772649,15352082.267943252
HUnafld095_1,GSM5772588,12856615.135886755
HUnafld095_2,GSM5772650,12325005.489216253
HUnafld096_1,GSM5772589,15082044.790782899
HUnafld096_2,GSM5772651,18112290.64268285
HUnafld097_1,GSM5772590,14978068.532365173
HUnafld097_2,GSM5772652,15221699.911863
HUnafld098_1,GSM5772591,14112834.89328437
HUnafld098_2,GSM5772653,14303088.444567157
HUnafld099_1,GSM5772592,14820333.936337233
HUnafld099_2,GSM5772654,15276295.697123613
HUnafld100,GSM5772593,14537545.990239996
HUnafld101_1,GSM5772594,15030196.33112704
HUnafld101_2,GSM5772655,17185013.726908304
HUnafld102_1,GSM5772595,15848585.277151007
HUnafld102_2,GSM5772656,16561873.380272066
HUnafld103_1,GSM5772596,14241839.851765625
HUnafld103_2,GSM5772657,14156332.843625136
HUnafld104,GSM5772597,15775543.89285755
HUnafld105,GSM5772598,14969074.453055494
HUnafld106_1,GSM5772599,15337281.235810833
HUnafld106_2,GSM5772658,15784351.158878814
HUnafld107_1,GSM5772600,15284428.882379545
HUnafld107_2,GSM5772659,15003703.550778162
HUnafld108_1,GSM5772601,14846627.977642655
HUnafld108_2,GSM5772660,20381820.209410395
HUnafld109_1,GSM5772602,13440248.006668685
HUnafld109_2,GSM5772661,13538732.79956295
HUnafld110_1,GSM5772603,14094677.43044892
HUnafld110_2,GSM5772662,16869507.653553374
HUnafld111_1,GSM5772604,14459369.979276199
HUnafld111_2,GSM5772663,13665445.59179318
HUnafld112_1,GSM5772605,15541188.740303848
HUnafld112_2,GSM5772664,17101086.535568222
HUnafld113,GSM5772606,15934353.110339567
