Gene,Ensembl_ID,ensembl_id,spearman_across_samples_cpm_vs_deposited
IL32,ENSG00000008517,ENSG00000008517,0.9881055051487492
LYZ,ENSG00000090382,ENSG00000090382,0.9872811611551696
NFASC,ENSG00000163531,ENSG00000163531,0.9852842354413504
ADAMTSL2,ENSG00000197859,ENSG00000197859,0.9733924611973392
PLPP4,ENSG00000203805,ENSG00000203805,0.9971879725881824
PDGFRA,ENSG00000134853,ENSG00000134853,0.9688871356086676
CACNA1C,ENSG00000151067,ENSG00000151067,0.9857032089562388
ITGA2,ENSG00000164171,ENSG00000164171,0.9885843320229074
PLK3,ENSG00000173846,ENSG00000173846,0.97766653517065
TAX1BP3,ENSG00000213977,ENSG00000213977,0.9776121230258592
TREM2,ENSG00000095970,ENSG00000095970,0.9967414162725016
CDC45,ENSG00000093009,ENSG00000093009,0.9966515806308912
HTR7,ENSG00000148680,ENSG00000148680,0.9957249664950032
FABP5,ENSG00000164687,ENSG00000164687,0.9883612422292656
TYMS,ENSG00000176890,ENSG00000176890,0.9601349421190808
CYP2C19,ENSG00000165841,ENSG00000165841,0.9679512467182674
ACADSB,ENSG00000196177,ENSG00000196177,0.9701141294736984
OAT,ENSG00000065154,ENSG00000065154,0.9887666127079564
DNAJC12,ENSG00000108176,ENSG00000108176,0.9841415588284506
CLPX,ENSG00000166855,ENSG00000166855,0.8595051215431283
DGAT2,ENSG00000062282,ENSG00000062282,0.9822888468706212
AKR1D1,ENSG00000122787,ENSG00000122787,0.9652224776570127
FCN2,ENSG00000160339,ENSG00000160339,0.9670969760450532
CYP4F3,ENSG00000186529,ENSG00000186529,0.9337477725028224
SORD,ENSG00000140263,ENSG00000140263,0.9561737379783166
