ensembl_id,symbol,median_rho_original,q_value_original,median_rho_corrected,q_value_corrected,membership_change
ENSG00000076662,,,,-0.1261197462951837,2.0626642873270173e-07,added
ENSG00000188732,,,,-0.3793568993700799,5.1973255089766e-08,added
ENSG00000213639,,,,0.0870927291254006,0.0482314259168607,added
ENSG00000111711,,,,0.1188726650956749,0.0214337935762664,added
ENSG00000154727,,,,-0.0851265776821436,0.0162560344940628,added
ENSG00000197557,,,,-0.1355129089794993,0.0198954233070188,added
ENSG00000197763,TXNRD3,-0.1990821296810998,4.473551706381197e-05,,,removed
ENSG00000170802,,,,-0.1963832491351838,0.0001306834887247,added
ENSG00000221963,,,,-0.1267116518952826,0.0276696503825032,added
ENSG00000084453,SLCO1A2,-0.2711150871101072,9.262780824909937e-09,,,removed
ENSG00000171402,XAGE3,-0.1290598731786288,0.0386549681750181,,,removed
ENSG00000124839,,,,-0.1553145931235679,0.0020666788455834,added
ENSG00000173588,CEP83,0.0612010853206251,0.028487321471827,,,removed
ENSG00000178035,IMPDH2,0.0640190341259198,0.027472275241228,,,removed
ENSG00000161594,KLHL10,-0.0996944642515969,0.0421605928248453,,,removed
ENSG00000147647,,,,-0.2002728122748863,5.250498009634424e-05,added
ENSG00000196914,,,,-0.2016751717742348,0.0002021818357711,added
ENSG00000064309,CDON,-0.1971508023022853,0.0004961303005222,,,removed
ENSG00000170615,SLC26A5,-0.2274981003225545,0.0075024775852251,,,removed
ENSG00000254004,,,,0.1436577019195821,0.0487838389419026,added
ENSG00000163848,,,,-0.0987931900437438,0.0407424380243392,added
ENSG00000063854,,,,-0.113782189586094,0.0411233644232525,added
ENSG00000185955,,,,0.0973671168216396,0.0027672059441277,added
ENSG00000144331,,,,-0.2072713799650313,2.158619890858064e-05,added
ENSG00000141505,,,,-0.0988346736423345,0.014279821755106,added
ENSG00000204899,,,,0.1638187308346606,0.0019445020282394,added
ENSG00000117479,SLC19A2,-0.2470896763865234,1.6622323398152377e-10,,,removed
ENSG00000104375,,,,-0.2363372650600191,0.0003012724545007,added
ENSG00000117305,,,,-0.0899759146704652,0.000266804760361,added
ENSG00000158987,RAPGEF6,0.0715335642733723,0.0473916013041136,,,removed
ENSG00000114127,,,,-0.143728618876626,3.354520681926513e-05,added
ENSG00000105254,TBCB,0.1204907999106135,0.0008733988684393,,,removed
ENSG00000078177,,,,-0.2306352184164416,9.714688056547878e-05,added
ENSG00000170917,,,,-0.1688917110253137,1.7798264442376343e-05,added
ENSG00000122008,,,,-0.0872373447047562,0.0157494560172757,added
ENSG00000170276,,,,0.1548548862252308,0.0289832382872391,added
ENSG00000152256,,,,0.1788770632532386,0.0483851410837716,added
ENSG00000155886,SLC24A2,-0.2205082682985543,9.681843222283376e-05,,,removed
ENSG00000146477,SLC22A3,-0.3152131238914078,9.411776372792604e-09,,,removed
ENSG00000043591,,,,0.1145971197220755,0.0468040985339017,added
ENSG00000071082,RPL31,0.054191139042568,0.0245801754132384,,,removed
ENSG00000166016,,,,-0.1499333981709134,0.0146341311769586,added
ENSG00000115677,,,,-0.1596496291762957,4.919487080580028e-05,added
ENSG00000169967,,,,-0.1884850545964002,0.001448382466715,added
ENSG00000168116,KIAA1586,-0.0844193958994615,0.034949825367173,,,removed
ENSG00000160202,CRYAA,0.1394289317323971,0.0438778148640677,,,removed
ENSG00000137561,TTPA,-0.1380001126198533,0.0009439667475919,,,removed
ENSG00000038945,MSR1,0.1490734607420676,0.0321343163643428,,,removed
ENSG00000186231,KLHL32,-0.2432961433303712,2.347911398577169e-05,,,removed
ENSG00000139278,,,,0.2637582002243967,6.261655993937642e-06,added
ENSG00000154146,,,,0.1329436591806239,3.2022753028777216e-06,added
ENSG00000096401,,,,-0.1582549465208211,0.0016385528081827,added
ENSG00000105402,NAPA,0.0600459751081457,0.0433446218110792,,,removed
ENSG00000130164,,,,0.0883600649981836,0.0217160044617414,added
ENSG00000118407,FILIP1,0.2017884156772817,0.0179040870174141,,,removed
ENSG00000197272,,,,-0.1283050772785907,0.0001007695360464,added
ENSG00000178772,,,,-0.0816065447716665,0.0414101762738669,added
ENSG00000172717,,,,-0.1958025853480877,0.0079063475545049,added
ENSG00000119509,,,,-0.272526500941581,2.3919867429178145e-06,added
ENSG00000185222,TCEAL9,0.3606376643482205,5.2011419968790145e-14,,,removed
ENSG00000133704,,,,-0.1382382491386106,0.0434202745739059,added
ENSG00000187912,,,,0.0709382229764791,0.0499591611398784,added
ENSG00000176046,,,,-0.0362338342504814,0.0334250597698831,added
ENSG00000242110,,,,-0.1262255847479647,0.0090207894574552,added
ENSG00000093217,XYLB,-0.2962021399142839,8.70380397787218e-10,,,removed
ENSG00000166707,,,,0.1571672464245177,2.439208758488687e-06,added
ENSG00000139178,C1RL,-0.1998626882703599,4.576416588366755e-05,,,removed
ENSG00000198945,L3MBTL3,-0.2163369666504825,2.932258979096744e-08,,,removed
ENSG00000197181,PIWIL2,-0.2426478828070875,0.000203651674328,,,removed
ENSG00000100344,PNPLA3,-0.20725205855912,0.0305714405674287,,,removed
ENSG00000060749,QSER1,-0.1628986086365884,0.0166300346003809,,,removed
ENSG00000134864,,,,-0.1254714857718999,0.0242364923838347,added
ENSG00000203972,GLYATL3,-0.265260367446026,1.8914736483498095e-06,,,removed
ENSG00000136950,ARPC5L,0.2366335397111692,1.849476112591916e-08,,,removed
ENSG00000070019,GUCY2C,-0.2578646215302068,0.0001109686782145,,,removed
ENSG00000163249,CCNYL1,-0.1871532550419274,1.2728182358747197e-05,,,removed
ENSG00000095574,,,,-0.1363872098263437,8.695698697111845e-05,added
ENSG00000156162,DPY19L4,-0.102299886263106,0.0443190817959857,,,removed
ENSG00000135338,LCA5,0.1019874271352274,0.0421625222322271,,,removed
ENSG00000175906,ARL4D,-0.1753081672251631,3.586453599486355e-05,,,removed
ENSG00000143184,XCL1,0.173848087278276,0.0435050577775252,,,removed
ENSG00000111816,,,,-0.2433635311323213,0.0015493463765729,added
ENSG00000179344,,,,0.1365948325464971,0.0077723358119366,added
ENSG00000140386,,,,-0.1936579089760725,0.0064506302823803,added
ENSG00000174837,ADGRE1,-0.0762883378082909,0.048970516515551,,,removed
ENSG00000117597,UTP25,-0.2079857895213032,0.0082597007748891,,,removed
ENSG00000089006,,,,-0.1259004960756727,0.0410982462055068,added
ENSG00000065665,SEC61A2,-0.2125460439686609,0.0078933789102127,,,removed
ENSG00000142864,,,,-0.0781880277512413,0.03325175500267,added
ENSG00000174306,,,,-0.2349008770198191,0.0003848862346823,added
ENSG00000188624,IGFL3,-0.1151319245199014,0.0498435797434681,,,removed
ENSG00000132005,RFX1,0.0441756378315695,0.0161781578423112,,,removed
ENSG00000096654,ZNF184,0.0601695688085209,0.0324066651097158,,,removed
ENSG00000174010,,,,-0.1277064839480848,0.0027151246448367,added
ENSG00000205129,,,,0.0927701189775817,0.0348274933250612,added
ENSG00000138386,,,,-0.1197216655327502,0.0153482430664914,added
ENSG00000091181,,,,0.0844855449324497,0.0226630944788893,added
ENSG00000070761,,,,-0.0862377027080809,0.0026779151018541,added
ENSG00000100412,ACO2,0.1019488896413182,0.0317867059967322,,,removed
ENSG00000164736,SOX17,0.168232991177165,0.0010246403951748,,,removed
ENSG00000102471,NDFIP2,-0.0911576000176415,0.0014063410851074,,,removed
ENSG00000183304,FAM9A,-0.1462592931685144,0.0140316546614715,,,removed
ENSG00000131467,PSME3,0.2600470178227968,4.119319312301046e-06,,,removed
ENSG00000184402,SS18L1,-0.0521143440870468,0.0004370523957014,,,removed
ENSG00000147027,,,,0.1031076196450802,0.0477213623274132,added
ENSG00000123453,,,,-0.2887503299642414,7.646716048149016e-10,added
ENSG00000152760,DYNLT5,-0.1439066035111263,0.0024866509099472,,,removed
ENSG00000160007,,,,-0.1961344541368133,7.64671442832975e-06,added
ENSG00000125249,RAP2A,0.1817301939077111,0.0087783382362623,,,removed
ENSG00000198301,SDAD1,0.1485397626402773,0.0463666896951791,,,removed
ENSG00000188559,,,,-0.2512883379085383,2.689913938179264e-05,added
ENSG00000177885,GRB2,0.0804793615302137,0.0230513099474497,,,removed
ENSG00000165775,,,,-0.1056172420119134,0.043701651038689,added
ENSG00000247077,,,,0.1240558964659538,0.0256319654375289,added
ENSG00000168566,SNRNP48,-0.1511247496659075,0.0034348380900168,,,removed
ENSG00000070018,,,,-0.3593270330684305,1.3896816038818722e-08,added
ENSG00000182287,,,,0.0911136780378611,0.0494924159110074,added
ENSG00000128309,MPST,-0.1144535744796299,0.0254689732634247,,,removed
ENSG00000052850,ALX4,-0.1317689008817241,0.0453362967058364,,,removed
ENSG00000156463,,,,-0.3495615435245044,8.545660005110279e-09,added
ENSG00000133742,CA1,-0.1942857214738364,0.0146764022241717,,,removed
ENSG00000143621,ILF2,0.0821997506074651,0.0130275034591558,,,removed
ENSG00000060971,,,,-0.2008681535717796,1.56035865693224e-06,added
ENSG00000137812,KNL1,0.0802707632729978,0.0449887318287274,,,removed
ENSG00000226979,,,,0.1856763251616365,0.0011312747352735,added
ENSG00000124209,RAB22A,0.1498804789445229,0.0214925146245528,,,removed
ENSG00000101972,,,,-0.1097809351471136,0.0373376166768178,added
ENSG00000160888,,,,0.1398258259303259,0.0489986745033009,added
ENSG00000147481,SNTG1,-0.2727754025331251,3.508894806018494e-07,,,removed
ENSG00000180481,GLIPR1L2,-0.1910857324523029,0.0014272214245858,,,removed
ENSG00000134532,,,,-0.4057184789294452,8.272614618380189e-11,added
ENSG00000120903,CHRNA2,-0.1095062478159494,0.0359919858472563,,,removed
ENSG00000176225,RTTN,-0.3417706360454561,5.198179737342042e-10,,,removed
ENSG00000169738,,,,-0.1554991049823951,9.016808429957742e-05,added
ENSG00000168509,,,,-0.2228701865695433,1.3468069049330304e-07,added
ENSG00000121892,,,,-0.1934065426507176,0.0003175050755445,added
ENSG00000143110,,,,0.0993117350261275,0.0413693078428371,added
ENSG00000204710,,,,-0.1797430564596285,0.0001057127195029,added
ENSG00000152749,GPR180,-0.1405820475742021,0.021545600839555,,,removed
ENSG00000070087,PFN2,-0.0798418828166824,0.0002701007236062,,,removed
ENSG00000111684,LPCAT3,-0.2338155564499672,2.776512902065548e-06,,,removed
ENSG00000092439,,,,-0.1802825745058711,0.0040122978516408,added
ENSG00000182054,IDH2,0.0413591477949244,0.0341651671400085,,,removed
ENSG00000137310,,,,0.3468528884813426,9.233500758135675e-15,added
ENSG00000137491,,,,-0.0880684365571698,0.0472429539273713,added
ENSG00000151287,,,,-0.1575975095168316,0.0301788633576005,added
ENSG00000157303,SUSD3,0.187943828059611,0.003827315028532,,,removed
ENSG00000064393,,,,-0.1994922536856263,0.0010429887471905,added
ENSG00000143554,SLC27A3,0.0400902692610599,0.0002102085553584,,,removed
ENSG00000138073,PREB,0.0835598083429076,0.0415871090316301,,,removed
ENSG00000097096,,,,-0.2692397940683189,9.085322837228844e-07,added
ENSG00000123843,C4BPB,-0.232183105788364,7.656936258570039e-05,,,removed
ENSG00000134193,REG4,-0.100423348401291,2.103555852259372e-07,,,removed
ENSG00000069702,TGFBR3,-0.1345379705272817,0.0015597755352687,,,removed
ENSG00000162972,MAIP1,-0.0653552445922802,0.0037725988580135,,,removed
ENSG00000115091,ACTR3,0.1875589681345662,0.0406171644284011,,,removed
ENSG00000102763,,,,-0.3042723219388367,1.6433664497366446e-07,added
ENSG00000108389,,,,-0.3555766653201555,4.68671377912387e-08,added
ENSG00000198356,GET3,0.15424631512174,0.0408497223570632,,,removed
ENSG00000049541,RFC2,0.1151792114870689,0.036761811980359,,,removed
ENSG00000184601,C14orf180,-0.1158287586507776,0.0495505408130889,,,removed
ENSG00000214456,,,,-0.2620197919218361,0.0002139540830111,added
ENSG00000176771,,,,-0.0989060341238638,0.0454217073791741,added
ENSG00000198690,,,,-0.3091805801865566,8.656163580531538e-06,added
ENSG00000049246,,,,-0.1347617325024993,0.0059157372160077,added
ENSG00000162836,ACP6,-0.0230026554185412,0.0118123777003027,,,removed
ENSG00000142867,BCL10,0.1746393273407554,0.0317584705813593,,,removed
