path,bytes,sha256
README.md,5508,0c5a130b4f121bc6bc9c7b7fb7db807a487de099f250a2f875b928770187a38b
00_START_HERE/01_OVERVIEW.md,5804,5a04e9c4f903cdacd7eab282681b9b9644f68629f8a051d13c7b131699198c7a
00_START_HERE/02_STAGE_BY_STAGE.md,34995,dc8cf41e4d6e70cf46978bead95ac627801d32572a2f2d03b188d9b6d3d3344f
00_START_HERE/03_STATISTICS.md,18651,e9910e9b157dc393890fb503fd149bda6eab0d64f4446138855548e8b31d3407
00_START_HERE/04_DECISIONS.md,11684,306ead782f26ead6c4ba9257fac52d5c32bc4edb90d324d24fe22209e14e1c1e
00_START_HERE/05_LIMITATIONS.md,14696,567d9f230534b13d80e9833be19c8a4c0931de4babcea815287449e984a52a8d
00_START_HERE/06_HOW_TO_VERIFY.md,6510,7ff441b53c293cf9aa11a5244c9570103d295cabec177147b8353589c1151fdb
01_FIGURES/FIGURE_CAPTIONS.md,8621,11fe91ea50d40ff415eebf73dd7c72170a6bfd97d22083bc14b21bc6d345999c
01_FIGURES/main/Figure1_pipeline.png,504552,dfc4cd7c2640044c49d6c27962070760680a21cd25cbca278396a4914f74ef59
01_FIGURES/main/Figure2_ladder_overlap.png,137245,2bb521dc9e31a5cdfb8dbbbc6b0077b2e366442c749a0ef7792c9f6bab735d8a
01_FIGURES/main/Figure3_shared_gene_agreement.png,269652,164069f29acebf745fa787a061338375a799d10212411902cd9d5740f812fe14
01_FIGURES/main/Figure4_trajectory_shapes.png,215219,2292d624e73b03f16ce2467e48930d945f894f4516cb17fc6001d61ad2028296
01_FIGURES/main/Figure5_stage_heatmap.png,200448,6713a7ba8b0877dcdf73ff80c1b3af402d33517626c6b7f47beb0a6e30202250
01_FIGURES/main/Figure6_choosing_k.png,204347,e971f27a715aa615ac19baf3780ce6e162bd438c00d859f62b7b5dced972b468
01_FIGURES/main/Figure7_stage_transitions.png,192411,ca9f21b24661e7fb94bf38b469a2f27c63763e47a6d84a9f092f4ee227d447fc
01_FIGURES/main/Figure8_hallmark_enrichment.png,499952,821f71d5a8e81f0edf09cebc8834d98523b993cde9a30286ff822299f85877a7
01_FIGURES/main/Figure9_mechanism_subgraph.png,1536051,6a9ffb34e411ddc5e7bcf8be341e9fa898bd1dc1addb6bcbbd0ac84d4d6dff72
01_FIGURES/supplementary/FigureS10_dotplot_shared_down.png,366700,1a556d4dbea71a7c2175de4c21d031d652a186339135d01a7f3015d91fd48608
01_FIGURES/supplementary/FigureS11_dotplot_C1_all.png,386152,18ea61b21a033e29b0cc929faea67632a669a8fb51cecafd821548861e740750
01_FIGURES/supplementary/FigureS12_dotplot_C1_core.png,199200,8577989d00ef153df0c85cd0467210bcc04a3334b268fbf42a07d6c2c5050cae
01_FIGURES/supplementary/FigureS13_dotplot_C2_all.png,374740,0a3be10f9458e1c5665c9629611fef5dc837d99c00f51328f5084495efec5ec9
01_FIGURES/supplementary/FigureS14_dotplot_C2_core.png,374520,eaef4445075077b37d71fbea7d681d20ebd17e4288d4a36d96b211132c1d2722
01_FIGURES/supplementary/FigureS15_dotplot_C3_all.png,294210,6331ff6b3df1c87d57ee5e280e55ba15c963a0e9c725700080c39a481c869f11
01_FIGURES/supplementary/FigureS16_dotplot_C3_core.png,276923,3a82558d15e5121f5c9c33011ce3d081686003c42e10ebe54b2a7d9e92aa36bc
01_FIGURES/supplementary/FigureS17_dotplot_C4_all.png,223732,dc69354f1f78417cafbbb3793b1184d2914806ba4d576cabf54caef437297094
01_FIGURES/supplementary/FigureS18_dotplot_C4_core.png,89102,eb386e34c2c05ac525917a20723f1629440d6163f1bc272b23c518b951a05a7b
01_FIGURES/supplementary/FigureS19_dotplot_C5_all.png,378158,9f77f96700d451e862f40a471643a84a75efead63bad7bd6180b35e2d2f4eab7
01_FIGURES/supplementary/FigureS1_all_gene_trajectories.png,1039098,11837cda1866e0806985a4f45c9a4307973edde6614f7845327bfd8e0eec0175
01_FIGURES/supplementary/FigureS20_dotplot_C5_core.png,369257,455dfb07d584327d7b8f8c341fdbe112432cac2e3a42a3c090e25ba51ad57470
01_FIGURES/supplementary/FigureS2_transition_deltas.png,162509,ccff76f39e56b5f2e824cef8307a30d7c257e77d637882164335efa10bd32fe4
01_FIGURES/supplementary/FigureS3_enrichment_GO_BP.png,542127,38010731824f1ed739d620f3212422d6040923bbeccd7120d3dab33b601a01f3
01_FIGURES/supplementary/FigureS4_enrichment_Reactome.png,544089,4d2f9fc3a57ac7c51647458c2e8d02718f701c290d95ec4e5bc6ffacdbbc2f0b
01_FIGURES/supplementary/FigureS5_enrichment_KEGG.png,451161,3fdcc890c3fad9322b896228f571ae844b18641d598de98abb703d0fa82cd32b
01_FIGURES/supplementary/FigureS6_dotplot_fibrosis_only_up.png,377669,a74db6ce545f416736b8b26c979f2b8562ba52f0afadb57c4e3993a798a8d45b
01_FIGURES/supplementary/FigureS7_dotplot_fibrosis_only_down.png,365460,bb34680a50505aa911255ba8d62485ceb6771ac17c3d78a48724049559dbf025
01_FIGURES/supplementary/FigureS8_dotplot_inflammation_only_up.png,248822,2adaf7b0fa98d192ab89c3892cd939bbb6660d9070706a4afe9fbec5e64614ad
01_FIGURES/supplementary/FigureS9_dotplot_shared_up.png,373026,5730856aa34f9cfe8562c48524f9895d51d7de7047dc29c52dda61f4a86002e2
02_TABLES/TABLE_CAPTIONS.md,5441,6aec19abe30211b6cd4fc2bfb2b1af9452e635721a88df74d7052d5a9726889b
02_TABLES/main/Table1_cohort.csv,678,f1f05af0647f1d2731c192c297bfdc907b3e7c2168d0998af61b6c58c0517d32
02_TABLES/main/Table2_gene_groups.csv,503,2b0b418021398c74532627f403a4e880cb73ce3dba05dc6c4812354f8aea31fd
02_TABLES/main/Table3_trajectory_clusters.csv,491,e6e980080050897760af34eac96342506e3bca04b9f4c6e5d4f45ef259b2ef8f
02_TABLES/main/Table4_stage_transitions.csv,581,7e97870209a38f743f19975abaf5777b1f7eb0c35a2db3d9e44cf92b3e9841a0
02_TABLES/main/Table5_enrichment_counts.csv,477,35c919b2503d2e0a5d090e5804c8ae913514d06283122a04e58c00b25923749e
02_TABLES/main/Table6_prioritised_25_genes.csv,7542,12d1c4a0dd8cf6e3d9cbc574f4f4250ebbe184a0720ece0d0ed7e9bb3fcdfee9
02_TABLES/supplementary/TableS10_cluster_core_check.csv,1328,a294e39c53292381245e755448e3b490dad76fbc8cd5103d4fde945e69c78fcc
02_TABLES/supplementary/TableS11_evidence_scores_all_genes.csv,1260523,bb12c3f0eeee421dbffbdb56b7c8f6aaa98737dcf7f056dae4f0f1a663cc8607
02_TABLES/supplementary/TableS12_tier1_507_genes.csv,143984,d9474bac46d1af63dcba82f384007f57016bb6b04ff4d908f0fb47ca3da66f18
02_TABLES/supplementary/TableS13_leave_one_study_out.csv,43912,462907b75a67454390ecdc83b5307fd65e9ec6682f415813a7d6b72082652bc7
02_TABLES/supplementary/TableS14_tier_cutoff_sensitivity.csv,146,5aea4d9a9437b52516808ffbe3a34604204e892e564da85f1a6b40722d785159
02_TABLES/supplementary/TableS15_leave_one_score_out.csv,215,ee063df250a85c3d03b9c190b9ce18c95c9f45a15483285f9caa12055d7b7062
02_TABLES/supplementary/TableS16_shortlist_rule_comparison.csv,391,1633194e939bae864744861b03b3a82ae4830fe8fdafec08ab78714181f438e4
02_TABLES/supplementary/TableS17_knowledge_graph_connections.xlsx,866779,3115d79ad44388f6f605790d334b1ade509fa296f913c45a5f55089e965b8872
02_TABLES/supplementary/TableS1_top20_fibrosis_genes.csv,3101,e5f8480f1cb182901589d0bca24ea56803e7f1b89bac448547a05a5af9463fac
02_TABLES/supplementary/TableS2_gene_cluster_assignments.csv,486723,e07556aacb1b9e937e62a138d0bfd991373e843061bdb17d235fd797184d0dfe
02_TABLES/supplementary/TableS3_representative_genes.csv,8222,8ed9d55bde598b1b7c6d0714511e720a07754de01bea2981386277dd7b3ceed0
02_TABLES/supplementary/TableS4_choosing_k.csv,709,587c7959284d4a647f31e720a0ea4e2cc7e01e53faf620b0891916c27d0352b6
02_TABLES/supplementary/TableS5_clustering_robustness.csv,185,14ccdd5f1ae7f016f4ab6c26fbf5a8545bcf255ca31c60ec796ab608209ff245
02_TABLES/supplementary/TableS6_all_genes_all_transitions.csv,2412170,4ef09dd590a0f4c26a5df3aab294c7c7668df2462c27ab6044eb0055c8ff0647
02_TABLES/supplementary/TableS7_top_genes_per_transition.csv,20867,57252f73e648a7089780b17327fa84c139f8218a1fa7d02f92b2f6e4ccfb45ef
02_TABLES/supplementary/TableS8_top_pathways_per_group.csv,153412,e6f26a776866e1c5fa32d4c8fddeaba069c14bddb664686355a364e98838cad4
02_TABLES/supplementary/TableS9_all_significant_terms.csv,1102893,c0991c7286b0b979ccf850b7d4e9bf3da33f35a3a125fa45d363f736335f1bf3
03_RESULTS/Task1_gene_groups/README.txt,1332,a364ec5b71ff1a4a54aa02b67c19aa1ae11a40d0da9ecfe7ffe7ac082581334f
03_RESULTS/Task1_gene_groups/task1_shared_rho_scatter.png,269652,164069f29acebf745fa787a061338375a799d10212411902cd9d5740f812fe14
03_RESULTS/Task1_gene_groups/task1_summary.csv,503,2b0b418021398c74532627f403a4e880cb73ce3dba05dc6c4812354f8aea31fd
03_RESULTS/Task1_gene_groups/task1_top20_fibrosis_genes.csv,3101,e5f8480f1cb182901589d0bca24ea56803e7f1b89bac448547a05a5af9463fac
03_RESULTS/Task1_gene_groups/task1_venn.png,137245,2bb521dc9e31a5cdfb8dbbbc6b0077b2e366442c749a0ef7792c9f6bab735d8a
03_RESULTS/Task2_trajectories/README.txt,4470,1c0fbb1ed7c1394dcbbd31df4361150a5c6bc07953ad013b32746d14845e4714
03_RESULTS/Task2_trajectories/task2_bootstrap_shape_stability.csv,377,76b81864b428d5ac499c596187fa1d73f1e9c3d8e9ec1d367d21cd329542e03a
03_RESULTS/Task2_trajectories/task2_choosing_k.csv,709,587c7959284d4a647f31e720a0ea4e2cc7e01e53faf620b0891916c27d0352b6
03_RESULTS/Task2_trajectories/task2_choosing_k.png,204347,e971f27a715aa615ac19baf3780ce6e162bd438c00d859f62b7b5dced972b468
03_RESULTS/Task2_trajectories/task2_cluster_means.png,215219,2292d624e73b03f16ce2467e48930d945f894f4516cb17fc6001d61ad2028296
03_RESULTS/Task2_trajectories/task2_cluster_sizes.csv,491,e6e980080050897760af34eac96342506e3bca04b9f4c6e5d4f45ef259b2ef8f
03_RESULTS/Task2_trajectories/task2_cluster_trajectories.png,1039098,11837cda1866e0806985a4f45c9a4307973edde6614f7845327bfd8e0eec0175
03_RESULTS/Task2_trajectories/task2_gene_clusters.csv,486723,e07556aacb1b9e937e62a138d0bfd991373e843061bdb17d235fd797184d0dfe
03_RESULTS/Task2_trajectories/task2_heatmap.png,200448,6713a7ba8b0877dcdf73ff80c1b3af402d33517626c6b7f47beb0a6e30202250
03_RESULTS/Task2_trajectories/task2_representative_genes.csv,8222,8ed9d55bde598b1b7c6d0714511e720a07754de01bea2981386277dd7b3ceed0
03_RESULTS/Task2_trajectories/task2_robustness.csv,185,14ccdd5f1ae7f016f4ab6c26fbf5a8545bcf255ca31c60ec796ab608209ff245
03_RESULTS/Task2_trajectories/task2_robustness_crosstab.csv,287,d80df4a00aa39476365fae01fb5b3aaba9b910fc0afbdf9d9a5c60179c2ea4d6
03_RESULTS/Task3_transitions/README.txt,4343,b335116e634829c7b0b02d0d2fbe337e7cf769897b59c19a03e8aaaa6bd28b28
03_RESULTS/Task3_transitions/task3_all_genes_all_transitions.csv,2412170,4ef09dd590a0f4c26a5df3aab294c7c7668df2462c27ab6044eb0055c8ff0647
03_RESULTS/Task3_transitions/task3_cluster_by_transition.csv,1586,b8ec474a0fcf261fa19ac2a39d3edd252c19a1466944ba5d60b533432b0c1966
03_RESULTS/Task3_transitions/task3_delta_distributions.png,162509,ccff76f39e56b5f2e824cef8307a30d7c257e77d637882164335efa10bd32fe4
03_RESULTS/Task3_transitions/task3_top_genes_per_transition.csv,20867,57252f73e648a7089780b17327fa84c139f8218a1fa7d02f92b2f6e4ccfb45ef
03_RESULTS/Task3_transitions/task3_transition_comparison.png,192411,ca9f21b24661e7fb94bf38b469a2f27c63763e47a6d84a9f092f4ee227d447fc
03_RESULTS/Task3_transitions/task3_transition_summary.csv,581,7e97870209a38f743f19975abaf5777b1f7eb0c35a2db3d9e44cf92b3e9841a0
03_RESULTS/Task4_enrichment/README.txt,5661,a3810dc5b55a4d35c1b66fa4a8f77dd9fa6abde4f0328370c6dca20c966ad830
03_RESULTS/Task4_enrichment/task4_all_significant.csv,1102893,c0991c7286b0b979ccf850b7d4e9bf3da33f35a3a125fa45d363f736335f1bf3
03_RESULTS/Task4_enrichment/task4_cluster_core_check.csv,1328,a294e39c53292381245e755448e3b490dad76fbc8cd5103d4fde945e69c78fcc
03_RESULTS/Task4_enrichment/task4_heatmap_go_bp.png,542127,38010731824f1ed739d620f3212422d6040923bbeccd7120d3dab33b601a01f3
03_RESULTS/Task4_enrichment/task4_heatmap_hallmark.png,499952,821f71d5a8e81f0edf09cebc8834d98523b993cde9a30286ff822299f85877a7
03_RESULTS/Task4_enrichment/task4_heatmap_kegg.png,451161,3fdcc890c3fad9322b896228f571ae844b18641d598de98abb703d0fa82cd32b
03_RESULTS/Task4_enrichment/task4_heatmap_reactome.png,544089,4d2f9fc3a57ac7c51647458c2e8d02718f701c290d95ec4e5bc6ffacdbbc2f0b
03_RESULTS/Task4_enrichment/task4_significant_counts.csv,477,35c919b2503d2e0a5d090e5804c8ae913514d06283122a04e58c00b25923749e
03_RESULTS/Task4_enrichment/task4_top_pathways_per_group.csv,153412,e6f26a776866e1c5fa32d4c8fddeaba069c14bddb664686355a364e98838cad4
03_RESULTS/Task4_enrichment/dot_plots/dot_C1_all.png,386152,18ea61b21a033e29b0cc929faea67632a669a8fb51cecafd821548861e740750
03_RESULTS/Task4_enrichment/dot_plots/dot_C1_core.png,199200,8577989d00ef153df0c85cd0467210bcc04a3334b268fbf42a07d6c2c5050cae
03_RESULTS/Task4_enrichment/dot_plots/dot_C2_all.png,374740,0a3be10f9458e1c5665c9629611fef5dc837d99c00f51328f5084495efec5ec9
03_RESULTS/Task4_enrichment/dot_plots/dot_C2_core.png,374520,eaef4445075077b37d71fbea7d681d20ebd17e4288d4a36d96b211132c1d2722
03_RESULTS/Task4_enrichment/dot_plots/dot_C3_all.png,294210,6331ff6b3df1c87d57ee5e280e55ba15c963a0e9c725700080c39a481c869f11
03_RESULTS/Task4_enrichment/dot_plots/dot_C3_core.png,276923,3a82558d15e5121f5c9c33011ce3d081686003c42e10ebe54b2a7d9e92aa36bc
03_RESULTS/Task4_enrichment/dot_plots/dot_C4_all.png,223732,dc69354f1f78417cafbbb3793b1184d2914806ba4d576cabf54caef437297094
03_RESULTS/Task4_enrichment/dot_plots/dot_C4_core.png,89102,eb386e34c2c05ac525917a20723f1629440d6163f1bc272b23c518b951a05a7b
03_RESULTS/Task4_enrichment/dot_plots/dot_C5_all.png,378158,9f77f96700d451e862f40a471643a84a75efead63bad7bd6180b35e2d2f4eab7
03_RESULTS/Task4_enrichment/dot_plots/dot_C5_core.png,369257,455dfb07d584327d7b8f8c341fdbe112432cac2e3a42a3c090e25ba51ad57470
03_RESULTS/Task4_enrichment/dot_plots/dot_fibrosis_only_down.png,365460,bb34680a50505aa911255ba8d62485ceb6771ac17c3d78a48724049559dbf025
03_RESULTS/Task4_enrichment/dot_plots/dot_fibrosis_only_up.png,377669,a74db6ce545f416736b8b26c979f2b8562ba52f0afadb57c4e3993a798a8d45b
03_RESULTS/Task4_enrichment/dot_plots/dot_inflammation_only_up.png,248822,2adaf7b0fa98d192ab89c3892cd939bbb6660d9070706a4afe9fbec5e64614ad
03_RESULTS/Task4_enrichment/dot_plots/dot_shared_down.png,366700,1a556d4dbea71a7c2175de4c21d031d652a186339135d01a7f3015d91fd48608
03_RESULTS/Task4_enrichment/dot_plots/dot_shared_up.png,373026,5730856aa34f9cfe8562c48524f9895d51d7de7047dc29c52dda61f4a86002e2
03_RESULTS/Task4_enrichment/enrichment_tables/C1_all__GO_BP.csv,894391,cd94f7b77644e6fde9e5d9acf911daeeac608111e5c7ae99dee3bf815cc1da2c
03_RESULTS/Task4_enrichment/enrichment_tables/C1_all__Hallmark.csv,11887,2bf4503db3f8c983dd6a8b3a8bb8e22856e06bf28cc7a36ab051415a581b92ff
03_RESULTS/Task4_enrichment/enrichment_tables/C1_all__KEGG.csv,32901,32e36cf334cf306dc4266e5184c99998dbf828bbe559f722d10918d76656baae
03_RESULTS/Task4_enrichment/enrichment_tables/C1_all__Reactome.csv,217199,a5f89cb5cb82f85bb3527bf09d2c13e8d8a0f4d4131a6526e285d9da82a9d4e4
03_RESULTS/Task4_enrichment/enrichment_tables/C1_core__GO_BP.csv,222008,c509c07489fbc6a77ee6a79e4475517ea3a51a3b87c387bfe0e1e8930ba5685e
03_RESULTS/Task4_enrichment/enrichment_tables/C1_core__Hallmark.csv,3793,63754365fc672fac5472a0578061613d6fade16302038f93f71c71a6745ccbf1
03_RESULTS/Task4_enrichment/enrichment_tables/C1_core__KEGG.csv,9113,8e00417e5b26f088987f17a53283fa60b1e831553ff7c63cfea21bbb5b82b28d
03_RESULTS/Task4_enrichment/enrichment_tables/C1_core__Reactome.csv,36599,8cd6b80d0bab10a8e027aa17eb8ed1429eb7ef83b979e3badb982016a5311609
03_RESULTS/Task4_enrichment/enrichment_tables/C2_all__GO_BP.csv,1033059,d243c2f5f4655f8098c3cbb3ca7d300e87df52d70b17b2e04fb0b23c716ce465
03_RESULTS/Task4_enrichment/enrichment_tables/C2_all__Hallmark.csv,14249,dae6fa13c2c15fbe5370be56f12ea39de1d37470dd57193f4bd0640ad066b1fc
03_RESULTS/Task4_enrichment/enrichment_tables/C2_all__KEGG.csv,32483,3f0a1e5f3062f3573282acee9eef1718cb084fa4582263805708e1f245937236
03_RESULTS/Task4_enrichment/enrichment_tables/C2_all__Reactome.csv,227134,aba460eade32c26458ac7ef94d447ce490d204be1120b1a912444177486a58c2
03_RESULTS/Task4_enrichment/enrichment_tables/C2_core__GO_BP.csv,811110,5a6b67bc0fc8c16c752d90ae9b3ad3111b46473132e5144d9154dcdac97c085f
03_RESULTS/Task4_enrichment/enrichment_tables/C2_core__Hallmark.csv,11281,f57abe3bdd1f4756fff3eb806deed0377a0a538024862bab0581aa5fce72d58c
03_RESULTS/Task4_enrichment/enrichment_tables/C2_core__KEGG.csv,24271,79fac7fd9f81dada54b898e438f44ed913d1942e4c62c0faa4b7009f73f02737
03_RESULTS/Task4_enrichment/enrichment_tables/C2_core__Reactome.csv,169738,e1803109f3fa03aafe7e27af0043d081f491d2a754ea1dcd2155189b9f2943f1
03_RESULTS/Task4_enrichment/enrichment_tables/C3_all__GO_BP.csv,368673,b63dba82aa83bcac93ba9d7ccf396e794cc2f22ccb71f43376a76c5c85057bc1
03_RESULTS/Task4_enrichment/enrichment_tables/C3_all__Hallmark.csv,5932,92f2d6975ca3c0d1e767a58c5b34db8add3033de4a87316686bbde2e77f7fb74
03_RESULTS/Task4_enrichment/enrichment_tables/C3_all__KEGG.csv,11444,5d815cf80b9162f1dfd32bf5696eceeaef7b90effcaf7aaf069c94f89f50cfdf
03_RESULTS/Task4_enrichment/enrichment_tables/C3_all__Reactome.csv,81429,dd2ad372527479e023591358a63c77d456600c3d433698230dcb096b5cb16591
03_RESULTS/Task4_enrichment/enrichment_tables/C3_core__GO_BP.csv,101931,738c1174fb1ccd58c6fb0179c47d0864562204992d7824d0c355bb0bb8dca8a3
03_RESULTS/Task4_enrichment/enrichment_tables/C3_core__Hallmark.csv,2522,7edc8251b46b6cebdd84805bfd084b47ac4b8ea556a97f2c99a3bab84cee2d24
03_RESULTS/Task4_enrichment/enrichment_tables/C3_core__KEGG.csv,2664,ad14b761f1797b3b9e88c79371f71b99d8b8d55cc2648884aac0e1d228bd4a08
03_RESULTS/Task4_enrichment/enrichment_tables/C3_core__Reactome.csv,19102,adda6b51f9e80bcb5cfed2eb8a88c314199f941e8aa3bec3739810aa0033bb02
03_RESULTS/Task4_enrichment/enrichment_tables/C4_all__GO_BP.csv,498766,ccda86cd12b1a731f717e379571987d4cb768be31cb320778e0ee1630b6c45ed
03_RESULTS/Task4_enrichment/enrichment_tables/C4_all__Hallmark.csv,7151,698dc17d3ca18f8b3342d00c8da954eae29dfcec4d01ccc53419aae8f94d720b
03_RESULTS/Task4_enrichment/enrichment_tables/C4_all__KEGG.csv,16595,d607d1447a2aae9f5c1cead0827a277eda724bec4597d8b4f62c7659b976c815
03_RESULTS/Task4_enrichment/enrichment_tables/C4_all__Reactome.csv,125772,dab85bf37f454eba858aa16b81c3d7fbeffc66f3052db673acfe776c335d9135
03_RESULTS/Task4_enrichment/enrichment_tables/C4_core__GO_BP.csv,245104,ac2832fd65e41151065f24b884ecbe14837ac3bd9a664e475604c22606f580fb
03_RESULTS/Task4_enrichment/enrichment_tables/C4_core__Hallmark.csv,3982,5b78084118221b1bc64664928aabf3f6ec4a4e20f2d6c17e8765f47d4f10570e
03_RESULTS/Task4_enrichment/enrichment_tables/C4_core__KEGG.csv,4605,f7910b1101818b9c0396eb331b935c8e8b7f5e3f673410219a9ce02c8e5253c2
03_RESULTS/Task4_enrichment/enrichment_tables/C4_core__Reactome.csv,42740,8b0ba59227517e32370ee33eb417a8d8b2b0732810793ecad9669dc3ab532983
03_RESULTS/Task4_enrichment/enrichment_tables/C5_all__GO_BP.csv,678835,dff118f8b5433393761806d1c01a11f109be7a9a22b491912d987a5d9a55ac3f
03_RESULTS/Task4_enrichment/enrichment_tables/C5_all__Hallmark.csv,9215,500a9edf9ae6ece86bcb3d1e01dd4a96eb1bd3e93d58873829d5b49d64f2538d
03_RESULTS/Task4_enrichment/enrichment_tables/C5_all__KEGG.csv,25732,38b0c286d766656d79ad3a9b966a66fc2db0a4d00ac98ecaf31f7ee5d81c1b63
03_RESULTS/Task4_enrichment/enrichment_tables/C5_all__Reactome.csv,160731,ddb93f0b39cf20aa9d8f596d48fd1b0aedbaa23f5cf6a4586ff190658e307579
03_RESULTS/Task4_enrichment/enrichment_tables/C5_core__GO_BP.csv,554285,77c832c7f8d9194f2b60d3b7a5324359b0a34e4b31c8aaadfc8e988b66a5abca
03_RESULTS/Task4_enrichment/enrichment_tables/C5_core__Hallmark.csv,7628,2a6e8ede4e7b6ec3a17563dce44dcb353582b693d3ca1ad506078c3fc5e8f544
03_RESULTS/Task4_enrichment/enrichment_tables/C5_core__KEGG.csv,21065,1dc0ed88da1229a440882669289cc87dadde488287d4bb83f67536e0dd67721c
03_RESULTS/Task4_enrichment/enrichment_tables/C5_core__Reactome.csv,111787,e6efa4b4164d2df823a05f7454e5ced28c5882def1967d2090671adaf8e31b86
03_RESULTS/Task4_enrichment/enrichment_tables/fibrosis_only_down__GO_BP.csv,712967,41fef326c450e8d422ecaf3db68abee1c8bb52bffa05397ba11199977dcd843f
03_RESULTS/Task4_enrichment/enrichment_tables/fibrosis_only_down__Hallmark.csv,9794,959437a1d447a9d0d711c51d7c4fc09422f713f81510f12f061c6c0ed5662d6b
03_RESULTS/Task4_enrichment/enrichment_tables/fibrosis_only_down__KEGG.csv,25141,ae44a85689f781eefa1857b4896bd42d046cc0c13953f456007575e00ab57480
03_RESULTS/Task4_enrichment/enrichment_tables/fibrosis_only_down__Reactome.csv,158558,655f4c03e0912524ba254b4757bbf4ea06552732efcf866dd79974dd645be949
03_RESULTS/Task4_enrichment/enrichment_tables/fibrosis_only_up__GO_BP.csv,1033429,927b5658814ec06cb1c8eca449f4c3e15b4081bd4cc41b1784f6f07797ee32b7
03_RESULTS/Task4_enrichment/enrichment_tables/fibrosis_only_up__Hallmark.csv,12757,56d10be94be5403fd22563f3b95a3c9ac6a3e2c530e3f894b77eb870771dac5c
03_RESULTS/Task4_enrichment/enrichment_tables/fibrosis_only_up__KEGG.csv,35494,03ee802c751285376be62c55a288598e4083cfda7e0eb8fa6a4800378b2bc43d
03_RESULTS/Task4_enrichment/enrichment_tables/fibrosis_only_up__Reactome.csv,234406,919ca0437ce784d71cc064d0621f3db6418b145640bf30e8c1ac2574d330d194
03_RESULTS/Task4_enrichment/enrichment_tables/inflammation_only_down__GO_BP.csv,596224,3332b4131abdd53cff68bf4545c9e5dc00433d17416de9f75555201fc098f9e4
03_RESULTS/Task4_enrichment/enrichment_tables/inflammation_only_down__Hallmark.csv,7281,988e43570fe8f944a04bd6bfb0046a9d3c92ba8fcb288451ecba50abf482f82f
03_RESULTS/Task4_enrichment/enrichment_tables/inflammation_only_down__KEGG.csv,22268,2bf9a5ed79ae80f686dcf5391bbc5e9b74626032e8ea3e0977d5ae38c92e20ad
03_RESULTS/Task4_enrichment/enrichment_tables/inflammation_only_down__Reactome.csv,134958,07771e6ef7c384a0feae95e42cad7407f663ceda8c8a0dcb1174c2c633c449b6
03_RESULTS/Task4_enrichment/enrichment_tables/inflammation_only_up__GO_BP.csv,732464,a2a37d72d4b263fda93cf779ef4e29bbfc01acaeeda0b043adb7fe3bd9e9c5ff
03_RESULTS/Task4_enrichment/enrichment_tables/inflammation_only_up__Hallmark.csv,9990,3e0b5c0f6c6388068e38d1837fa06a83e9d13022d473cd6907d0ac6a8f00ffa6
03_RESULTS/Task4_enrichment/enrichment_tables/inflammation_only_up__KEGG.csv,24174,c47688968477053bb2dd9e54ca2b754c2bb7797bc719bfeb893de752c4f0f655
03_RESULTS/Task4_enrichment/enrichment_tables/inflammation_only_up__Reactome.csv,193845,3783111371a4acc21c07f9674451b86c918b3a734456f533ca3c0c4a4418ba21
03_RESULTS/Task4_enrichment/enrichment_tables/shared_down__GO_BP.csv,525614,33f9ca54e43bfc793ea96858868bac21933a6b1e566bb7919ed2c1443df4f55e
03_RESULTS/Task4_enrichment/enrichment_tables/shared_down__Hallmark.csv,6793,469e4052df82546ec1624852bb21ea4ce251fcac66c39c80f55b7768a534f248
03_RESULTS/Task4_enrichment/enrichment_tables/shared_down__KEGG.csv,22163,86b93b26e321637e23cc5f09f2701eaca1c25ef0bba0d1f3f85ba568156f9406
03_RESULTS/Task4_enrichment/enrichment_tables/shared_down__Reactome.csv,140529,92626be94280f457ee469a655019882e004f52c349603cfbbf942ca08d3651ab
03_RESULTS/Task4_enrichment/enrichment_tables/shared_up__GO_BP.csv,1028105,d521c8d22e2ac18b83c1720391a3828197fded2beebccdd6c2074e9f8232d4a9
03_RESULTS/Task4_enrichment/enrichment_tables/shared_up__Hallmark.csv,14996,2cf36d2aab45de6a2b8a76ae526fcf43b721a17aa9e6a8916f2fc373044aec30
03_RESULTS/Task4_enrichment/enrichment_tables/shared_up__KEGG.csv,34166,e0df48b1958bd422f91b1f6a1fef8e87d01b23586dc8bcccf6973a8fbfbb1c50
03_RESULTS/Task4_enrichment/enrichment_tables/shared_up__Reactome.csv,245071,cd2638b7652dd5200827b57e0ccfcd8087bf87665acc2aa60d9aa23dda521e82
03_RESULTS/Task5_high_confidence_genes/00_all_4692_progression_genes.csv,711753,9b46c1c092c01e299b134a3475cd7768a5d2c54a2ec007c34cf0a0d8723ebbb8
03_RESULTS/Task5_high_confidence_genes/01_master_table.csv,1260523,bb12c3f0eeee421dbffbdb56b7c8f6aaa98737dcf7f056dae4f0f1a663cc8607
03_RESULTS/Task5_high_confidence_genes/03_rho_sensitivity.csv,147,8d5d65d9dd1f67d69f9ab1ebb4c6a651fca7fcecf472aa6998fa23638a0c981f
03_RESULTS/Task5_high_confidence_genes/04_delta_sensitivity.csv,145,78245069f931ff56e5fa49fd9e3e377fdd1328442ead492c3e4c04349bf73c61
03_RESULTS/Task5_high_confidence_genes/05_powermatched_per_gene.csv,671963,13a3ccbece34628d546b2798d8f6b48e63b21ad44e4b3ac94fa63a9c4cf02653
03_RESULTS/Task5_high_confidence_genes/08_leave_one_score_out.csv,215,ee063df250a85c3d03b9c190b9ce18c95c9f45a15483285f9caa12055d7b7062
03_RESULTS/Task5_high_confidence_genes/08_tier_sensitivity.csv,146,5aea4d9a9437b52516808ffbe3a34604204e892e564da85f1a6b40722d785159
03_RESULTS/Task5_high_confidence_genes/09a_tier1_genes.csv,178976,e6d921ef4b7e496bfb772aa269fbaa9ecc9aabf241df89381af50f554fa0b431
03_RESULTS/Task5_high_confidence_genes/09a_tier1_pathway_dominance.csv,71766,d7647f035c21e0af325c489be80e78bd8447151da0ca8fc8980a86a01b04f028
03_RESULTS/Task5_high_confidence_genes/09b_option_A_top5_per_cluster.csv,6944,e0010f3dfde7f0aca4bb062242c5eafca4352a5f65ef7dd1a52348a1b9406036
03_RESULTS/Task5_high_confidence_genes/09b_option_B_cluster_top_score.csv,11912,ea267b7134544bc56a00905e5067ee8ef4b0e7d584245d03385902be027eae24
03_RESULTS/Task5_high_confidence_genes/09b_option_comparison.csv,391,1633194e939bae864744861b03b3a82ae4830fe8fdafec08ab78714181f438e4
03_RESULTS/Task5_high_confidence_genes/10_loso_runs.csv,181802,f9fb663ea0b69e9eebef95816030bef17e6fad54611f500db4cfaa9aa2decc88
03_RESULTS/Task5_high_confidence_genes/10_loso_summary.csv,43912,462907b75a67454390ecdc83b5307fd65e9ec6682f415813a7d6b72082652bc7
03_RESULTS/Task5_high_confidence_genes/11_FINAL_shortlist_25_genes.csv,7542,12d1c4a0dd8cf6e3d9cbc574f4f4250ebbe184a0720ece0d0ed7e9bb3fcdfee9
03_RESULTS/Task5_high_confidence_genes/11_final_all_3645_genes.csv,973929,0d72752e35748bfe9d4b56acbee0f1aa17d00bdcadc23be02a80c7520ebff595
03_RESULTS/Task5_high_confidence_genes/11_final_tier1_507_genes.csv,143984,d9474bac46d1af63dcba82f384007f57016bb6b04ff4d908f0fb47ca3da66f18
03_RESULTS/Task5_high_confidence_genes/12_KG_supplementary.xlsx,866779,3115d79ad44388f6f605790d334b1ade509fa296f913c45a5f55089e965b8872
03_RESULTS/Task5_high_confidence_genes/12_mechanistic_subgraph.png,1536051,6a9ffb34e411ddc5e7bcf8be341e9fa898bd1dc1addb6bcbbd0ac84d4d6dff72
03_RESULTS/Task5_high_confidence_genes/CORRECTIONS.txt,2428,6d72ba9a940596a7a070f593dde7e15aa349cf27131a3490399b1a2993b787dd
03_RESULTS/Task5_high_confidence_genes/QUESTION_FOR_MENTOR.md,4398,a47e2da6d0e4ecfc39bfc71be032ddd06a26fe397f64f3b0bd85db47e39203e0
03_RESULTS/Task5_high_confidence_genes/README.txt,12483,44d0dddb7a55f786fdf53f9e6ca0a980957d2ec7a6812389642b035423c23fae
04_DATA/DATA_DICTIONARY.md,8156,4a535a5cf4c4c726bf6bf67cabaa2daacfc4fba045d97c6149f9e166f6f01827
04_DATA/gene_tables/README.txt,1713,27a257f74c0a487e0b7bf2a46a4f2e5221396d1355387e1989bf7f5a8b638075
04_DATA/gene_tables/genes_by_disease_group.csv,513329,658da7da4fb23e00d6b502b122c86467f98e2c6c37b16a5b5a8f2bef0054a0c6
04_DATA/gene_tables/genes_by_fibrosis_stage.csv,512946,be91e4862056d971c9be3addfb733856ae80c6235741a6551620981768ddffd2
04_DATA/gene_tables/genes_by_stage_and_age.csv,1022899,8eccc1c1b5a4b39493ab19ab758076cc99bf32a2931732cac726d77094220c51
04_DATA/gene_tables/genes_by_stage_and_sex.csv,663497,b3731d1b891b738222cd67a99062d65c2f8998d3ed64c2f7c822ccfadb72992d
04_DATA/gene_tables/sample_demographics.csv,50643,f6aed8d389f35875f78cf70d5ad72b2a563026976d46f5fef8e1e81dcb9d0a1b
04_DATA/graph_nodes/gene_progression_scores.csv,343208,bab5cd50b10964c601d3c5796802dad5eb5446843b34268968caf77dc3a53923
04_DATA/graph_nodes/nodes_dataset.csv,144,b878c76bcb889df51b3cf7be91aade8f0b32043a062c7d247798a3c82826ec96
04_DATA/graph_nodes/nodes_gene.csv,1668327,0fa9bb59f0ec8bf919c1e8eda053cdf47ed76df670b337734951aa5195427050
04_DATA/harmonisation/_mapping_summary.csv,372,7af2f73c09397fa169711de6d0a2f5d64dd0562fb51c5935a7e9242346409f04
04_DATA/harmonisation/_parse_summary.csv,687,e55db813d67ccf3b92fcc992c952d32afbdc241baa835c15214244bfee529bfb
04_DATA/harmonisation/gene_id_map.csv,17043827,393dc7dd7f0b10ab8144696f87e88ee6ac85e2011c570571f41733710e826b43
04_DATA/harmonisation/sample_crosswalk.csv,34844,4f32e8cc9e457d12954408614966ef16dbe66ae7ba524154c2f1bdba1ec8f9a3
04_DATA/harmonisation/samples_metadata.csv,199256,ab68507b58a80b7aba9a7423ed513291e1ea7d5edcaa23c4837509ed945285de
04_DATA/harmonisation/unmapped_genes.csv,52663,9afc03d3a38508563dfd70778ca881b31025625708848c62a476bb9b118a905e
04_DATA/knowledge_layer_optimuskg/edges_biological_process_gene.csv,6911594,1307e66c26190abe0663f8a93fe5033b5497363b398682a16a4f12f687b30fbc
04_DATA/knowledge_layer_optimuskg/edges_disease_disease.csv,1535944,29a6e07dab84e41db64c183941b5188601c27cee6d42084fd9b9d0522be26d84
04_DATA/knowledge_layer_optimuskg/edges_disease_gene.csv,96319024,a4f7745d6248107e2667d17c2788649ec15592802ce894edd522a4cc0cbdaf47
04_DATA/knowledge_layer_optimuskg/edges_disease_phenotype.csv,7078324,47d32090afe3bd95285010d09a21d341b4faa521ce3c6dc18bbaabdfcb9383f2
04_DATA/knowledge_layer_optimuskg/edges_drug_disease.csv,2751590,d9a4006258f9012dd7df88118a4591ee456e419f8b2a1289d2112a9e09509397
04_DATA/knowledge_layer_optimuskg/edges_drug_gene.csv,800476,e53791ba5076c0ba4e14654ff7c6322b28c922971ee316e68fd6185337ce5c8d
04_DATA/knowledge_layer_optimuskg/edges_gene_gene.csv,15881714,b6e563b49be257a0e45bed128597dd8691332cc9f5d25753ff634122e8ddead4
04_DATA/knowledge_layer_optimuskg/edges_my_progression.csv,564651,754d5b99193cc7d57a981942b225c0d2c8877709cefb80e4b284cc42a098396c
04_DATA/knowledge_layer_optimuskg/edges_pathway_gene.csv,2457328,02fb24f8bb82b369bd491a12473aebcb371058fad19f866d3e8ccf0133c6b595
04_DATA/knowledge_layer_optimuskg/nodes_bioprocess.csv,654713,d30a785bbec85dd43d595d49f55bd0842f8a19637d8dfa430b6471cbb2ab65fe
04_DATA/knowledge_layer_optimuskg/nodes_disease.csv,1955425,68aa02370198fa87131555ba36bd0c1851c3ba04321d7d82ff075294f79cef14
04_DATA/knowledge_layer_optimuskg/nodes_drug.csv,345115,6c1c196a4eac30d62daf9fc358629f3eefc753fd59205890da5cb716de43a3fc
04_DATA/knowledge_layer_optimuskg/nodes_pathway.csv,135767,9772b3939d89db7f7f115fefe88a89b148d37bb8a21f7598f9fc6049e72f3578
04_DATA/knowledge_layer_optimuskg/nodes_phenotype.csv,342239,b5de626e9e2442659e6aa2c645f2549795a8b2117de17d830e4f1a44c075ce10
04_DATA/knowledge_layer_primekg_superseded/edges_associated_with.csv,2669254,542f3982ea7fc9f42f5a84d1ebef6b572eb927226c18848fa9129042291554f3
04_DATA/knowledge_layer_primekg_superseded/edges_contraindicated_in.csv,608693,0de0a7f0dcfb952198847678efff876fed8b6a9f4600e2cd0ba74d250c39c950
04_DATA/knowledge_layer_primekg_superseded/edges_has_phenotype.csv,4132957,2b0fe17cbf8ca9ba52df68f79c24deb1e53dc9484e438ad2690b63260a9ace9c
04_DATA/knowledge_layer_primekg_superseded/edges_in_pathway.csv,1296201,324f629bf1efefe21ea10f2adb750efab4cc1b9a836f217733a1381cabf157e6
04_DATA/knowledge_layer_primekg_superseded/edges_interacts_with.csv,10526421,0fabd7e0ed7907cd6916a7c7756f9d3c71f0651b21cc505e8d66439fbbc8dad3
04_DATA/knowledge_layer_primekg_superseded/edges_involved_in.csv,3261116,85b6631de0f43cc0ea1355b788fec40754942b407208b0d461003dbdd70ad5eb
04_DATA/knowledge_layer_primekg_superseded/edges_off_label_for.csv,49377,975ec2e4a8341fcab451ebf165e153ae85d8683c3e96e2bb35a75b842c2fcebc
04_DATA/knowledge_layer_primekg_superseded/edges_related_disease.csv,672626,4616fcb186844a0ad78227742045b8ac387a7d76cb0c93b1417988017149af3d
04_DATA/knowledge_layer_primekg_superseded/edges_related_pathway.csv,70883,07dc5a12fcd0ecf5c521deb6018b1faac139417e2b6fd6763d530f9fe07feadd
04_DATA/knowledge_layer_primekg_superseded/edges_targets.csv,636540,b23f851eb42982d1871b3675330bf34a4948a44c27123b0861aa161a4313a328
04_DATA/knowledge_layer_primekg_superseded/edges_treats.csv,177004,8fd62e7c8be24614fc5522712a06da18164f77749865f588a9a423892d2ad86d
04_DATA/knowledge_layer_primekg_superseded/nodes_bioprocess.csv,616138,4ec6ffd6fccc2f52ada527ac4ef1c2611117f947aee92436a1d194938e204dbe
04_DATA/knowledge_layer_primekg_superseded/nodes_disease.csv,726497,8f0dfd010ab881feb9fe6f6aa3ffcd1bfcdb03e9a48e5acd5789092de44d6e6d
04_DATA/knowledge_layer_primekg_superseded/nodes_drug.csv,263663,e4744eefce54e757b4511151d11e4733e41f2eab61bb1f8883f2fe8a0b3c61ab
04_DATA/knowledge_layer_primekg_superseded/nodes_pathway.csv,135120,63c95c602f9ee6858696570be4a467b1ebf33e347986b67ea0ba6ee61817e93e
04_DATA/knowledge_layer_primekg_superseded/nodes_phenotype.csv,319688,137c5cacc36137650cbb5131ee7aa385b13d15836ab92adc4053bea588f903b7
04_DATA/progression_statistics/progression_both.csv,1715747,c18f5f99e43ace6b0178b8f655062155d03268d08eee9bf82caba312b2879a7c
04_DATA/progression_statistics/progression_disease.csv,1929442,8efd46629c891733d9917f146ebe072fddf0380cd0853252644a77c7cdaa5e4f
04_DATA/progression_statistics/progression_fibrosis.csv,1929382,a191924ae2ee7bc648ce9b39e9c3d22a5875993027135dac3de647854b805fef
05_CODE/CODE_MAP.md,4965,9a5bfb94c509f4e9665db48570967cc59c376a64018fc367abf892281ce72d8d
05_CODE/build_paper1_package.py,31786,c9352ee0930d3461902c2397ec6976d9b799afa28cc8fce4e6406952a4e85c88
05_CODE/requirements.txt,574,8911db28ae6371acf26f77f761157e6c976bb7dc4d8b8d2c218fb3edbe8605d2
05_CODE/analysis/hc0_all_progression_genes.py,4059,17590f799e3a376a0910066ffe0b6349e6befd42e49b1a5aa705423063ffed25
05_CODE/analysis/hc1_powermatched_transitions.py,9140,7efbf97917bfb0965bdb898d052f58a1662a026b4793f23fdf448e633606db82
05_CODE/analysis/hc2_high_confidence_genes.py,40792,c75bdb5c58d94da940c38ba580e7552cdd0ca214718290ced132f426c12cb435
05_CODE/analysis/hc3_loso_validation.py,7167,110ea6aabb83d39e233525fe33623268312ee4b1691a98a76b199d2dc1aab175
05_CODE/analysis/hc4_kg_subgraph.py,25346,cd0ced389383a87b0898d71cb4cbd140d235ef12ad4032431252bfaf07775e6e
05_CODE/analysis/hc5_audit_handover.py,6568,afc646c847728045af0d7ae571c8bee8b7f8ad9bd92353e864ec25abc996837c
05_CODE/analysis/make_figure1.py,6717,ff4acdcab345da49f0df4a4f61f3ec7514be85864432bc505709b670b084e520
05_CODE/analysis/task1_groups.py,4373,9b51bbe1503b9b300a261719a8cd3f22f64d710c2edabca17f591d8c3e5cb5e7
05_CODE/analysis/task2_trajectories.py,14109,26be4d9f2e728bf0778cdefc8516bb62d8e921b28e572b61dca28730653933e1
05_CODE/analysis/task3_transitions.py,12877,413a3826d770c84c81d9eb4fa6d5dba3b1dfef84e9d4d33358f961724733ef0d
05_CODE/analysis/task4_enrichment.py,11033,186dba12973db524471337792b552c80297892923300000bd8dd63ff2d2afd3b
05_CODE/cypher/01_create_kg_constraints.cypher,1140,ba640ed2e3ad216048288734992a324f5442f2458ae92a473d296d63f4fd3caa
05_CODE/cypher/02_load_edges.cypher,5487,45108b0dfa30a3315464e4256e7a51a9bd12cdad3d24f4dc071a6b095191beb0
05_CODE/cypher/03_reload_expression.cypher,6542,cc1ec06f12c3f84f60acf7f9af80206be250ac1c9084a01014969f939748bcae
05_CODE/pipeline/01_parse_expression.py,6889,9d89e019dfe9a1fd666cb016fae71f318354404a0619d7a8f7779bd72aee85d1
05_CODE/pipeline/02_map_gene_ids.py,8965,158d84be397d480306568c3118e2799995ef9e199d637bd5835e5d463faa1982
05_CODE/pipeline/03_build_crosswalk.py,4723,767a7d135a4e64412dd723992528194c3605df7c8f1c01140dfa95a3f1b6aff1
05_CODE/pipeline/04_normalize_clinical.py,11489,1b8bfceed935032981c87d643aed1891a42e2a46a9ed209efd31fd375cd76db1
05_CODE/pipeline/05_build_graph_all.py,7602,d781f67757cfd73796a19f8d490a2cd1d8d57e245d669876f050e2296c3aed81
05_CODE/pipeline/06_build_optimuskg_layer.py,7400,1b1cc1a9d0ddddc14943c03d83e65f4989f73a15c339fa3a4abdb36837884567
05_CODE/pipeline/07_find_progression_genes.py,9025,e7ce9c7a1a309ce13a7f1e2020701fb63fe393641983581f3933e89198018d53
05_CODE/pipeline/08_export_for_mentor.py,10374,e892211b4406c46c018b532a85aa74c9d4795c3abd7dd5520e33c735c6047525
05_CODE/unresolved/export_triples.py,4684,01d1f0a28542c6587794b63ef0750b3c57a2581e3be43a5690bbe4a1a7a2dc88
05_CODE/unresolved/train_link_prediction.py,7177,54a4cae85688b68c8fc9c60d062e045bf0610ed4918db395effd7a14ddf7b23f
06_PROVENANCE/DATA_SOURCES.md,4415,0d6544eaaf7d78e3d3ccc03f86550a4d8729d682c4fee484b3a383056f14db43
06_PROVENANCE/REBUILD.md,4055,f7fc48cbfe890c89beb9031633c0193cd398d2e820c9cd7fd121378821a3fb0b
07_REFERENCE_DRAFT/NOTE.md,3202,9b59e9be14569c9e85c802b680ad9dd0db0b396009face1dcf0619e622c8d48d
07_REFERENCE_DRAFT/Paper1_draft_v1.docx,2272620,3d0b617fa4752d31536780c94720f91c69c5840c477d16663541382d4d92d8fb
07_REFERENCE_DRAFT/QUESTION_FOR_MENTOR.md,4398,a47e2da6d0e4ecfc39bfc71be032ddd06a26fe397f64f3b0bd85db47e39203e0
07_REFERENCE_DRAFT/make_manuscript.py,50350,94648e2b9109c1e2f557cadfce3e6114597a0167d43591974738c0c2fe3325fa
08_SESSION_HISTORY/README.md,2427,37ca11d2f8d8a54dd23e03499f30b9e46a53d8267c5d98bc4decebb5d193450a
08_SESSION_HISTORY/SETUP.md,4905,621f841f22c63ffca5288b7714d4ff06ebde9236c72e729dcd062d940152c891
08_SESSION_HISTORY/sessions/01-prediction-explanation.md,4959,2d592bfa137d12fb23cd6e20b5966d7c28591f398cbfaaf87d9d00eb4f90e771
08_SESSION_HISTORY/sessions/02-problem-statement-clarification.md,53279,eff2ed3967ba1bc5e50ff16cf210e69118aaeb0f87394db578bf8d961ea66d4c
08_SESSION_HISTORY/sessions/03-paper1-work-steps.md,187182,9d4a5828a10aa07ab0b090c3a2bce0a9bab59d42e0fae62d2182cee57c9d527c
08_SESSION_HISTORY/sessions/04-geo-dispatch-and-unmapped-genes.md,507085,f6225deb5d65af486d70e3916bd87e0ad9eb745adcf9be05ab68b9ac0bede30a
