Mechanism_ID,mechanism,mechanism_type,n_tier1_genes,n_shortlist_genes,n_genes_total_in_kg,n_genes_in_background,fold_enrichment,p_value,q_value,passes_size_filter,is_major,is_enriched,eligible_for_figure,selected_for_figure,run,scoring
GO_0030198,extracellular matrix organization,BioProcess,27,1,143,115,7.65,7.849289142964027e-17,1.583594084592993e-13,True,True,True,True,True,normalisation_only,standard
GO_0098609,cell-cell adhesion,BioProcess,32,1,216,198,5.27,1.002905755303997e-14,1.348908240883876e-11,True,True,True,True,True,normalisation_only,standard
GO_0001525,angiogenesis,BioProcess,36,0,282,254,4.62,1.394850817378696e-14,1.40705576203076e-11,True,True,True,True,True,normalisation_only,standard
GO_0030335,positive regulation of cell migration,BioProcess,33,1,270,229,4.7,1.129330096699475e-13,9.113693880364765e-11,True,True,True,True,True,normalisation_only,standard
REACT:R-HSA-216083,Integrin cell surface interactions,Pathway,20,0,85,79,8.25,1.807457696027498e-13,1.215515300578492e-10,True,True,True,True,True,normalisation_only,standard
GO_0016477,cell migration,BioProcess,35,2,302,275,4.15,8.438906934338985e-13,4.864427068579686e-10,True,True,True,True,True,normalisation_only,standard
REACT:R-HSA-3000178,ECM proteoglycans,Pathway,18,0,76,68,8.63,1.292276829658747e-12,6.517921259591306e-10,True,True,True,True,True,normalisation_only,standard
REACT:R-HSA-9925563,Developmental Lineage of Pancreatic Ductal Cells,Pathway,15,0,48,44,11.11,1.630143413217488e-12,7.308476302591738e-10,True,True,True,True,True,normalisation_only,standard
GO_0070374,positive regulation of ERK1 and ERK2 cascade,BioProcess,26,2,187,159,5.33,2.557975688533986e-12,1.032143190323463e-09,True,True,True,True,True,normalisation_only,standard
GO_0007229,integrin-mediated signaling pathway,BioProcess,20,0,100,98,6.65,1.360759610424054e-11,4.991513661873689e-09,True,True,True,True,True,normalisation_only,standard
REACT:R-HSA-6785807,Interleukin-4 and Interleukin-13 signaling,Pathway,19,0,111,93,6.66,4.354681568489058e-11,1.464261677404446e-08,True,True,True,True,True,normalisation_only,standard
REACT:R-HSA-186797,Signaling by PDGF,Pathway,12,1,33,31,12.61,5.020789391737111e-11,1.55837578428148e-08,True,True,True,True,True,normalisation_only,standard
