sample_id,dataset_id,patient_id,biopsy_number,fibrosis_stage,disease_group,disease_provenance,fibrosis_stage_raw,disease_group_raw,disease_group_baseline,label_sensitivity_status
GSM3615293,GSE126848,GSM3615293,1,,NAFL,stated,,NAFLD,NAFL,unchanged
GSM3615294,GSE126848,GSM3615294,1,,NAFL,stated,,NAFLD,NAFL,unchanged
GSM3615295,GSE126848,GSM3615295,1,,NAFL,stated,,NAFLD,NAFL,unchanged
GSM3615296,GSE126848,GSM3615296,1,,NAFL,stated,,NAFLD,NAFL,unchanged
GSM3615297,GSE126848,GSM3615297,1,,NAFL,stated,,NAFLD,NAFL,unchanged
GSM3615298,GSE126848,GSM3615298,1,,NAFL,stated,,NAFLD,NAFL,unchanged
GSM3615299,GSE126848,GSM3615299,1,,NAFL,stated,,NAFLD,NAFL,unchanged
GSM3615300,GSE126848,GSM3615300,1,,NAFL,stated,,NAFLD,NAFL,unchanged
GSM3615301,GSE126848,GSM3615301,1,,NAFL,stated,,NAFLD,NAFL,unchanged
GSM3615302,GSE126848,GSM3615302,1,,NAFL,stated,,NAFLD,NAFL,unchanged
GSM3615303,GSE126848,GSM3615303,1,,NAFL,stated,,NAFLD,NAFL,unchanged
GSM3615304,GSE126848,GSM3615304,1,,NAFL,stated,,NAFLD,NAFL,unchanged
GSM3615305,GSE126848,GSM3615305,1,,NAFL,stated,,NAFLD,NAFL,unchanged
GSM3615306,GSE126848,GSM3615306,1,,NAFL,stated,,NAFLD,NAFL,unchanged
GSM3615307,GSE126848,GSM3615307,1,,NAFL,stated,,NAFLD,NAFL,unchanged
GSM3615308,GSE126848,GSM3615308,1,,NASH,stated,,NASH,NASH,unchanged
GSM3615309,GSE126848,GSM3615309,1,,NASH,stated,,NASH,NASH,unchanged
GSM3615310,GSE126848,GSM3615310,1,,NASH,stated,,NASH,NASH,unchanged
GSM3615311,GSE126848,GSM3615311,1,,NASH,stated,,NASH,NASH,unchanged
GSM3615312,GSE126848,GSM3615312,1,,NASH,stated,,NASH,NASH,unchanged
GSM3615313,GSE126848,GSM3615313,1,,NASH,stated,,NASH,NASH,unchanged
GSM3615314,GSE126848,GSM3615314,1,,NASH,stated,,NASH,NASH,unchanged
GSM3615315,GSE126848,GSM3615315,1,,NASH,stated,,NASH,NASH,unchanged
GSM3615316,GSE126848,GSM3615316,1,,NASH,stated,,NASH,NASH,unchanged
GSM3615317,GSE126848,GSM3615317,1,,NASH,stated,,NASH,NASH,unchanged
GSM3615318,GSE126848,GSM3615318,1,,NASH,stated,,NASH,NASH,unchanged
GSM3615319,GSE126848,GSM3615319,1,,NASH,stated,,NASH,NASH,unchanged
GSM3615320,GSE126848,GSM3615320,1,,NASH,stated,,NASH,NASH,unchanged
GSM3615321,GSE126848,GSM3615321,1,,NASH,stated,,NASH,NASH,unchanged
GSM3615322,GSE126848,GSM3615322,1,,NASH,stated,,NASH,NASH,unchanged
GSM3615323,GSE126848,GSM3615323,1,,NASH,stated,,NASH,NASH,unchanged
GSM3615324,GSE126848,GSM3615324,1,,control,stated,,healthy,control,unchanged
GSM3615325,GSE126848,GSM3615325,1,,control,stated,,healthy,control,unchanged
GSM3615326,GSE126848,GSM3615326,1,,control,stated,,healthy,control,unchanged
GSM3615327,GSE126848,GSM3615327,1,,control,stated,,healthy,control,unchanged
GSM3615328,GSE126848,GSM3615328,1,,control,stated,,healthy,control,unchanged
GSM3615329,GSE126848,GSM3615329,1,,control,stated,,healthy,control,unchanged
GSM3615330,GSE126848,GSM3615330,1,,control,stated,,healthy,control,unchanged
GSM3615331,GSE126848,GSM3615331,1,,control,stated,,healthy,control,unchanged
GSM3615332,GSE126848,GSM3615332,1,,control,stated,,healthy,control,unchanged
GSM3615333,GSE126848,GSM3615333,1,,control,stated,,healthy,control,unchanged
GSM3615334,GSE126848,GSM3615334,1,,control,stated,,healthy,control,unchanged
GSM3615335,GSE126848,GSM3615335,1,,control,stated,,healthy,control,unchanged
GSM3615336,GSE126848,GSM3615336,1,,control,stated,,healthy,control,unchanged
GSM3615337,GSE126848,GSM3615337,1,,control,stated,,healthy,control,unchanged
GSM3615338,GSE126848,GSM3615338,1,,obese,stated,,obese,obese,unchanged
GSM3615339,GSE126848,GSM3615339,1,,obese,stated,,obese,obese,unchanged
GSM3615340,GSE126848,GSM3615340,1,,obese,stated,,obese,obese,unchanged
GSM3615341,GSE126848,GSM3615341,1,,obese,stated,,obese,obese,unchanged
GSM3615342,GSE126848,GSM3615342,1,,obese,stated,,obese,obese,unchanged
GSM3615343,GSE126848,GSM3615343,1,,obese,stated,,obese,obese,unchanged
GSM3615344,GSE126848,GSM3615344,1,,obese,stated,,obese,obese,unchanged
GSM3615345,GSE126848,GSM3615345,1,,obese,stated,,obese,obese,unchanged
GSM3615346,GSE126848,GSM3615346,1,,obese,stated,,obese,obese,unchanged
GSM3615347,GSE126848,GSM3615347,1,,obese,stated,,obese,obese,unchanged
GSM3615348,GSE126848,GSM3615348,1,,obese,stated,,obese,obese,unchanged
GSM3615349,GSE126848,GSM3615349,1,,obese,stated,,obese,obese,unchanged
GSM3758005,GSE130970,GSM3758005,1,3,NASH,derived_from_histology,3,,NASH,unchanged
GSM3758006,GSE130970,GSM3758006,1,3,NASH,derived_from_histology,3,,NASH,unchanged
GSM3758007,GSE130970,GSM3758007,1,3,NASH,derived_from_histology,3,,NASH,unchanged
GSM3758008,GSE130970,GSM3758008,1,3,NASH,derived_from_histology,3,,NASH,unchanged
GSM3758009,GSE130970,GSM3758009,1,3,NASH,derived_from_histology,3,,NASH,unchanged
GSM3758010,GSE130970,GSM3758010,1,3,NASH,derived_from_histology,3,,NASH,unchanged
GSM3758011,GSE130970,GSM3758011,1,3,NASH,derived_from_histology,3,,NASH,unchanged
GSM3758012,GSE130970,GSM3758012,1,3,NASH,derived_from_histology,3,,NASH,unchanged
GSM3758013,GSE130970,GSM3758013,1,3,NASH,derived_from_histology,3,,NASH,unchanged
GSM3758014,GSE130970,GSM3758014,1,3,NASH,derived_from_histology,3,,NASH,unchanged
GSM3758015,GSE130970,GSM3758015,1,3,NASH,derived_from_histology,3,,NASH,unchanged
GSM3758016,GSE130970,GSM3758016,1,2,NASH,derived_from_histology,2,,NASH,unchanged
GSM3758017,GSE130970,GSM3758017,1,1,NASH,derived_from_histology,1,,NASH,unchanged
GSM3758018,GSE130970,GSM3758018,1,2,NASH,derived_from_histology,2,,NASH,unchanged
GSM3758019,GSE130970,GSM3758019,1,2,NASH,derived_from_histology,2,,NASH,unchanged
GSM3758020,GSE130970,GSM3758020,1,2,NAFL,derived_from_histology,2,,NAFL,unchanged
GSM3758021,GSE130970,GSM3758021,1,2,NASH,derived_from_histology,2,,NASH,unchanged
GSM3758022,GSE130970,GSM3758022,1,1,NASH,derived_from_histology,1,,NASH,unchanged
GSM3758023,GSE130970,GSM3758023,1,1,NAFL,derived_from_histology,1,,NAFL,unchanged
GSM3758024,GSE130970,GSM3758024,1,2,NASH,derived_from_histology,2,,NASH,unchanged
GSM3758025,GSE130970,GSM3758025,1,1,NASH,derived_from_histology,1,,NASH,unchanged
GSM3758026,GSE130970,GSM3758026,1,2,NASH,derived_from_histology,2,,NASH,unchanged
GSM3758027,GSE130970,GSM3758027,1,1,NAFL,derived_from_histology,1,,NAFL,unchanged
GSM3758028,GSE130970,GSM3758028,1,2,control,derived_from_histology,2,,control,unchanged
GSM3758029,GSE130970,GSM3758029,1,1,NAFL,derived_from_histology,1,,NAFL,unchanged
GSM3758030,GSE130970,GSM3758030,1,2,NASH,derived_from_histology,2,,NASH,unchanged
GSM3758031,GSE130970,GSM3758031,1,3,NASH,derived_from_histology,3,,NASH,unchanged
GSM3758032,GSE130970,GSM3758032,1,3,NASH,derived_from_histology,3,,NASH,unchanged
GSM3758033,GSE130970,GSM3758033,1,4,NAFL,derived_from_histology,4,,NAFL,unchanged
GSM3758034,GSE130970,GSM3758034,1,4,NASH,derived_from_histology,4,,NASH,unchanged
GSM3758035,GSE130970,GSM3758035,1,0,NASH,derived_from_histology,0,,NASH,unchanged
GSM3758036,GSE130970,GSM3758036,1,1,NASH,derived_from_histology,1,,NASH,unchanged
GSM3758037,GSE130970,GSM3758037,1,0,NASH,derived_from_histology,0,,NASH,unchanged
GSM3758038,GSE130970,GSM3758038,1,1,NASH,derived_from_histology,1,,NASH,unchanged
GSM3758039,GSE130970,GSM3758039,1,0,control,derived_from_histology,0,,control,unchanged
GSM3758040,GSE130970,GSM3758040,1,1,NASH,derived_from_histology,1,,NASH,unchanged
GSM3758041,GSE130970,GSM3758041,1,0,NAFL,derived_from_histology,0,,NAFL,unchanged
GSM3758042,GSE130970,GSM3758042,1,0,NAFL,derived_from_histology,0,,NAFL,unchanged
GSM3758043,GSE130970,GSM3758043,1,0,NAFL,derived_from_histology,0,,NAFL,unchanged
GSM3758044,GSE130970,GSM3758044,1,0,NAFL,derived_from_histology,0,,NAFL,unchanged
GSM3758045,GSE130970,GSM3758045,1,0,NAFL,derived_from_histology,0,,NAFL,unchanged
GSM3758046,GSE130970,GSM3758046,1,0,NASH,derived_from_histology,0,,NASH,unchanged
GSM3758047,GSE130970,GSM3758047,1,0,NASH,derived_from_histology,0,,NASH,unchanged
GSM3758048,GSE130970,GSM3758048,1,0,NAFL,derived_from_histology,0,,NAFL,unchanged
GSM3758049,GSE130970,GSM3758049,1,0,NASH,derived_from_histology,0,,NASH,unchanged
GSM3758050,GSE130970,GSM3758050,1,0,NAFL,derived_from_histology,0,,NAFL,unchanged
GSM3758051,GSE130970,GSM3758051,1,0,NAFL,derived_from_histology,0,,NAFL,unchanged
GSM3758052,GSE130970,GSM3758052,1,0,NAFL,derived_from_histology,0,,NAFL,unchanged
GSM3758053,GSE130970,GSM3758053,1,0,NAFL,derived_from_histology,0,,NAFL,unchanged
GSM3758054,GSE130970,GSM3758054,1,0,NAFL,derived_from_histology,0,,NAFL,unchanged
GSM3758055,GSE130970,GSM3758055,1,0,NAFL,derived_from_histology,0,,NAFL,unchanged
GSM3758056,GSE130970,GSM3758056,1,0,NAFL,derived_from_histology,0,,NAFL,unchanged
GSM3758057,GSE130970,GSM3758057,1,1,NASH,derived_from_histology,1,,NASH,unchanged
GSM3758058,GSE130970,GSM3758058,1,1,NASH,derived_from_histology,1,,NASH,unchanged
GSM3758059,GSE130970,GSM3758059,1,1,NASH,derived_from_histology,1,,NASH,unchanged
GSM3758060,GSE130970,GSM3758060,1,1,NASH,derived_from_histology,1,,NASH,unchanged
GSM3758061,GSE130970,GSM3758061,1,1,NAFL,derived_from_histology,1,,NAFL,unchanged
GSM3758062,GSE130970,GSM3758062,1,1,NASH,derived_from_histology,1,,NASH,unchanged
GSM3758063,GSE130970,GSM3758063,1,1,NAFL,derived_from_histology,1,,NAFL,unchanged
GSM3758064,GSE130970,GSM3758064,1,1,NAFL,derived_from_histology,1,,NAFL,unchanged
GSM3758065,GSE130970,GSM3758065,1,1,NASH,derived_from_histology,1,,NASH,unchanged
GSM3758066,GSE130970,GSM3758066,1,1,NASH,derived_from_histology,1,,NASH,unchanged
GSM3758067,GSE130970,GSM3758067,1,1,NAFL,derived_from_histology,1,,NAFL,unchanged
GSM3758068,GSE130970,GSM3758068,1,1,NASH,derived_from_histology,1,,NASH,unchanged
GSM3758069,GSE130970,GSM3758069,1,1,NASH,derived_from_histology,1,,NASH,unchanged
GSM3758070,GSE130970,GSM3758070,1,1,NASH,derived_from_histology,1,,NASH,unchanged
GSM3758071,GSE130970,GSM3758071,1,1,NAFL,derived_from_histology,1,,NAFL,unchanged
GSM3758072,GSE130970,GSM3758072,1,1,NASH,derived_from_histology,1,,NASH,unchanged
GSM3758073,GSE130970,GSM3758073,1,0,control,derived_from_histology,0,,control,unchanged
GSM3758074,GSE130970,GSM3758074,1,0,control,derived_from_histology,0,,control,unchanged
GSM3758075,GSE130970,GSM3758075,1,0,control,derived_from_histology,0,,control,unchanged
GSM3758076,GSE130970,GSM3758076,1,0,control,derived_from_histology,0,,control,unchanged
GSM3758077,GSE130970,GSM3758077,1,0,control,derived_from_histology,0,,control,unchanged
GSM3758078,GSE130970,GSM3758078,1,3,NASH,derived_from_histology,3,,NASH,unchanged
GSM3758079,GSE130970,GSM3758079,1,1,NASH,derived_from_histology,1,,NASH,unchanged
GSM3758080,GSE130970,GSM3758080,1,1,NASH,derived_from_histology,1,,NASH,unchanged
GSM3758081,GSE130970,GSM3758081,1,1,NASH,derived_from_histology,1,,NASH,unchanged
GSM3758082,GSE130970,GSM3758082,1,0,control,derived_from_histology,0,,control,unchanged
GSM3998167,GSE135251,GSM3998167,1,2,NAFLD,severity_band_to_spectrum,2,early,NAFLD,unchanged
GSM3998168,GSE135251,GSM3998168,1,3,NAFLD,severity_band_to_spectrum,3,moderate,NAFLD,unchanged
GSM3998169,GSE135251,GSM3998169,1,2,NAFLD,severity_band_to_spectrum,2,early,NAFLD,unchanged
GSM3998170,GSE135251,GSM3998170,1,3,NAFLD,severity_band_to_spectrum,3,moderate,NAFLD,unchanged
GSM3998171,GSE135251,GSM3998171,1,0,NAFLD,severity_band_to_spectrum,0,early,NAFLD,unchanged
GSM3998172,GSE135251,GSM3998172,1,1,NAFLD,severity_band_to_spectrum,1,early,NAFLD,unchanged
GSM3998173,GSE135251,GSM3998173,1,3,NAFLD,severity_band_to_spectrum,3,moderate,NAFLD,unchanged
GSM3998174,GSE135251,GSM3998174,1,2,NAFLD,severity_band_to_spectrum,2,early,NAFLD,unchanged
GSM3998175,GSE135251,GSM3998175,1,0,NAFLD,severity_band_to_spectrum,0,early,NAFLD,unchanged
GSM3998176,GSE135251,GSM3998176,1,2,NAFLD,severity_band_to_spectrum,2,early,NAFLD,unchanged
GSM3998177,GSE135251,GSM3998177,1,1,NAFLD,severity_band_to_spectrum,1,early,NAFLD,unchanged
GSM3998178,GSE135251,GSM3998178,1,2,NAFLD,severity_band_to_spectrum,2,early,NAFLD,unchanged
GSM3998179,GSE135251,GSM3998179,1,3,NAFLD,severity_band_to_spectrum,3,moderate,NAFLD,unchanged
GSM3998180,GSE135251,GSM3998180,1,2,NAFLD,severity_band_to_spectrum,2,early,NAFLD,unchanged
GSM3998181,GSE135251,GSM3998181,1,1,NAFLD,severity_band_to_spectrum,1,early,NAFLD,unchanged
GSM3998182,GSE135251,GSM3998182,1,2,NAFLD,severity_band_to_spectrum,2,early,NAFLD,unchanged
GSM3998183,GSE135251,GSM3998183,1,1,NAFLD,severity_band_to_spectrum,1,early,NAFLD,unchanged
GSM3998184,GSE135251,GSM3998184,1,2,NAFLD,severity_band_to_spectrum,2,early,NAFLD,unchanged
GSM3998185,GSE135251,GSM3998185,1,3,NAFLD,severity_band_to_spectrum,3,moderate,NAFLD,unchanged
GSM3998186,GSE135251,GSM3998186,1,2,NAFLD,severity_band_to_spectrum,2,early,NAFLD,unchanged
GSM3998187,GSE135251,GSM3998187,1,2,NAFLD,severity_band_to_spectrum,2,early,NAFLD,unchanged
GSM3998188,GSE135251,GSM3998188,1,3,NAFLD,severity_band_to_spectrum,3,moderate,NAFLD,unchanged
GSM3998189,GSE135251,GSM3998189,1,0,NAFLD,severity_band_to_spectrum,0,early,NAFLD,unchanged
GSM3998190,GSE135251,GSM3998190,1,3,NAFLD,severity_band_to_spectrum,3,moderate,NAFLD,unchanged
GSM3998191,GSE135251,GSM3998191,1,4,NAFLD,severity_band_to_spectrum,4,moderate,NAFLD,unchanged
GSM3998192,GSE135251,GSM3998192,1,1,NAFLD,severity_band_to_spectrum,1,early,NAFLD,unchanged
GSM3998193,GSE135251,GSM3998193,1,3,NAFLD,severity_band_to_spectrum,3,moderate,NAFLD,unchanged
GSM3998194,GSE135251,GSM3998194,1,1,NAFLD,severity_band_to_spectrum,1,early,NAFLD,unchanged
GSM3998195,GSE135251,GSM3998195,1,3,NAFLD,severity_band_to_spectrum,3,moderate,NAFLD,unchanged
GSM3998196,GSE135251,GSM3998196,1,1,NAFLD,severity_band_to_spectrum,1,early,NAFLD,unchanged
GSM3998197,GSE135251,GSM3998197,1,1,NAFLD,severity_band_to_spectrum,1,early,NAFLD,unchanged
GSM3998198,GSE135251,GSM3998198,1,1,NAFLD,severity_band_to_spectrum,1,early,NAFLD,unchanged
GSM3998199,GSE135251,GSM3998199,1,2,NAFLD,severity_band_to_spectrum,2,early,NAFLD,unchanged
GSM3998200,GSE135251,GSM3998200,1,3,NAFLD,severity_band_to_spectrum,3,moderate,NAFLD,unchanged
GSM3998201,GSE135251,GSM3998201,1,4,NAFLD,severity_band_to_spectrum,4,moderate,NAFLD,unchanged
GSM3998202,GSE135251,GSM3998202,1,0,NAFLD,severity_band_to_spectrum,0,early,NAFLD,unchanged
GSM3998203,GSE135251,GSM3998203,1,3,NAFLD,severity_band_to_spectrum,3,moderate,NAFLD,unchanged
GSM3998204,GSE135251,GSM3998204,1,1,NAFLD,severity_band_to_spectrum,1,early,NAFLD,unchanged
GSM3998205,GSE135251,GSM3998205,1,1,NAFLD,severity_band_to_spectrum,1,early,NAFLD,unchanged
GSM3998206,GSE135251,GSM3998206,1,0,NAFLD,severity_band_to_spectrum,0,early,NAFLD,unchanged
GSM3998207,GSE135251,GSM3998207,1,3,NAFLD,severity_band_to_spectrum,3,moderate,NAFLD,unchanged
GSM3998208,GSE135251,GSM3998208,1,4,NAFLD,severity_band_to_spectrum,4,moderate,NAFLD,unchanged
GSM3998209,GSE135251,GSM3998209,1,3,NAFLD,severity_band_to_spectrum,3,moderate,NAFLD,unchanged
GSM3998210,GSE135251,GSM3998210,1,3,NAFLD,severity_band_to_spectrum,3,moderate,NAFLD,unchanged
GSM3998211,GSE135251,GSM3998211,1,2,NAFLD,severity_band_to_spectrum,2,early,NAFLD,unchanged
GSM3998212,GSE135251,GSM3998212,1,1,NAFLD,severity_band_to_spectrum,1,early,NAFLD,unchanged
GSM3998213,GSE135251,GSM3998213,1,0,NAFLD,severity_band_to_spectrum,0,early,NAFLD,unchanged
GSM3998214,GSE135251,GSM3998214,1,4,NAFLD,severity_band_to_spectrum,4,moderate,NAFLD,unchanged
GSM3998215,GSE135251,GSM3998215,1,2,NAFLD,severity_band_to_spectrum,2,early,NAFLD,unchanged
GSM3998216,GSE135251,GSM3998216,1,0,control,stated,0,control,control,unchanged
GSM3998217,GSE135251,GSM3998217,1,0,control,stated,0,control,control,unchanged
GSM3998218,GSE135251,GSM3998218,1,0,control,stated,0,control,control,unchanged
GSM3998219,GSE135251,GSM3998219,1,0,NAFLD,severity_band_to_spectrum,0,early,NAFLD,unchanged
GSM3998220,GSE135251,GSM3998220,1,0,control,stated,0,control,control,unchanged
GSM3998221,GSE135251,GSM3998221,1,0,control,stated,0,control,control,unchanged
GSM3998222,GSE135251,GSM3998222,1,0,control,stated,0,control,control,unchanged
GSM3998223,GSE135251,GSM3998223,1,0,control,stated,0,control,control,unchanged
GSM3998224,GSE135251,GSM3998224,1,1,control,stated,1,control,control,unchanged
GSM3998225,GSE135251,GSM3998225,1,3,NAFLD,severity_band_to_spectrum,3,moderate,NAFLD,unchanged
GSM3998226,GSE135251,GSM3998226,1,4,NAFLD,severity_band_to_spectrum,4,moderate,NAFLD,unchanged
GSM3998227,GSE135251,GSM3998227,1,4,NAFLD,severity_band_to_spectrum,4,moderate,NAFLD,unchanged
GSM3998228,GSE135251,GSM3998228,1,1,NAFLD,severity_band_to_spectrum,1,early,NAFLD,unchanged
GSM3998229,GSE135251,GSM3998229,1,3,NAFLD,severity_band_to_spectrum,3,moderate,NAFLD,unchanged
GSM3998230,GSE135251,GSM3998230,1,4,NAFLD,severity_band_to_spectrum,4,moderate,NAFLD,unchanged
GSM3998231,GSE135251,GSM3998231,1,1,NAFLD,severity_band_to_spectrum,1,early,NAFLD,unchanged
GSM3998232,GSE135251,GSM3998232,1,1,NAFLD,severity_band_to_spectrum,1,early,NAFLD,unchanged
GSM3998233,GSE135251,GSM3998233,1,3,NAFLD,severity_band_to_spectrum,3,moderate,NAFLD,unchanged
GSM3998234,GSE135251,GSM3998234,1,1,NAFLD,severity_band_to_spectrum,1,early,NAFLD,unchanged
GSM3998235,GSE135251,GSM3998235,1,2,NAFLD,severity_band_to_spectrum,2,early,NAFLD,unchanged
GSM3998236,GSE135251,GSM3998236,1,1,NAFLD,severity_band_to_spectrum,1,early,NAFLD,unchanged
GSM3998237,GSE135251,GSM3998237,1,2,NAFLD,severity_band_to_spectrum,2,early,NAFLD,unchanged
GSM3998238,GSE135251,GSM3998238,1,2,NAFLD,severity_band_to_spectrum,2,early,NAFLD,unchanged
GSM3998239,GSE135251,GSM3998239,1,3,NAFLD,severity_band_to_spectrum,3,moderate,NAFLD,unchanged
GSM3998240,GSE135251,GSM3998240,1,2,NAFLD,severity_band_to_spectrum,2,early,NAFLD,unchanged
GSM3998241,GSE135251,GSM3998241,1,3,NAFLD,severity_band_to_spectrum,3,moderate,NAFLD,unchanged
GSM3998242,GSE135251,GSM3998242,1,4,NAFLD,severity_band_to_spectrum,4,moderate,NAFLD,unchanged
GSM3998243,GSE135251,GSM3998243,1,2,NAFLD,severity_band_to_spectrum,2,early,NAFLD,unchanged
GSM3998244,GSE135251,GSM3998244,1,0,NAFLD,severity_band_to_spectrum,0,early,NAFLD,unchanged
GSM3998245,GSE135251,GSM3998245,1,2,NAFLD,severity_band_to_spectrum,2,early,NAFLD,unchanged
GSM3998246,GSE135251,GSM3998246,1,2,NAFLD,severity_band_to_spectrum,2,early,NAFLD,unchanged
GSM3998247,GSE135251,GSM3998247,1,0,NAFLD,severity_band_to_spectrum,0,early,NAFLD,unchanged
GSM3998248,GSE135251,GSM3998248,1,2,NAFLD,severity_band_to_spectrum,2,early,NAFLD,unchanged
GSM3998249,GSE135251,GSM3998249,1,0,NAFLD,severity_band_to_spectrum,0,early,NAFLD,unchanged
GSM3998250,GSE135251,GSM3998250,1,4,NAFLD,severity_band_to_spectrum,4,moderate,NAFLD,unchanged
GSM3998251,GSE135251,GSM3998251,1,3,NAFLD,severity_band_to_spectrum,3,moderate,NAFLD,unchanged
GSM3998252,GSE135251,GSM3998252,1,2,NAFLD,severity_band_to_spectrum,2,early,NAFLD,unchanged
GSM3998253,GSE135251,GSM3998253,1,3,NAFLD,severity_band_to_spectrum,3,moderate,NAFLD,unchanged
GSM3998254,GSE135251,GSM3998254,1,0,NAFLD,severity_band_to_spectrum,0,early,NAFLD,unchanged
GSM3998255,GSE135251,GSM3998255,1,1,NAFLD,severity_band_to_spectrum,1,early,NAFLD,unchanged
GSM3998256,GSE135251,GSM3998256,1,2,NAFLD,severity_band_to_spectrum,2,early,NAFLD,unchanged
GSM3998257,GSE135251,GSM3998257,1,2,NAFLD,severity_band_to_spectrum,2,early,NAFLD,unchanged
GSM3998258,GSE135251,GSM3998258,1,4,NAFLD,severity_band_to_spectrum,4,moderate,NAFLD,unchanged
GSM3998259,GSE135251,GSM3998259,1,2,NAFLD,severity_band_to_spectrum,2,early,NAFLD,unchanged
GSM3998260,GSE135251,GSM3998260,1,2,NAFLD,severity_band_to_spectrum,2,early,NAFLD,unchanged
GSM3998261,GSE135251,GSM3998261,1,3,NAFLD,severity_band_to_spectrum,3,moderate,NAFLD,unchanged
GSM3998262,GSE135251,GSM3998262,1,3,NAFLD,severity_band_to_spectrum,3,moderate,NAFLD,unchanged
GSM3998263,GSE135251,GSM3998263,1,2,NAFLD,severity_band_to_spectrum,2,early,NAFLD,unchanged
GSM3998264,GSE135251,GSM3998264,1,2,NAFLD,severity_band_to_spectrum,2,early,NAFLD,unchanged
GSM3998265,GSE135251,GSM3998265,1,3,NAFLD,severity_band_to_spectrum,3,moderate,NAFLD,unchanged
GSM3998266,GSE135251,GSM3998266,1,0,NAFLD,severity_band_to_spectrum,0,early,NAFLD,unchanged
GSM3998267,GSE135251,GSM3998267,1,0,NAFLD,severity_band_to_spectrum,0,early,NAFLD,unchanged
GSM3998268,GSE135251,GSM3998268,1,3,NAFLD,severity_band_to_spectrum,3,moderate,NAFLD,unchanged
GSM3998269,GSE135251,GSM3998269,1,2,NAFLD,severity_band_to_spectrum,2,early,NAFLD,unchanged
GSM3998270,GSE135251,GSM3998270,1,0,NAFLD,severity_band_to_spectrum,0,early,NAFLD,unchanged
GSM3998271,GSE135251,GSM3998271,1,1,NAFLD,severity_band_to_spectrum,1,early,NAFLD,unchanged
GSM3998272,GSE135251,GSM3998272,1,0,NAFLD,severity_band_to_spectrum,0,early,NAFLD,unchanged
GSM3998273,GSE135251,GSM3998273,1,1,NAFLD,severity_band_to_spectrum,1,early,NAFLD,unchanged
GSM3998274,GSE135251,GSM3998274,1,3,NAFLD,severity_band_to_spectrum,3,moderate,NAFLD,unchanged
GSM3998275,GSE135251,GSM3998275,1,4,NAFLD,severity_band_to_spectrum,4,moderate,NAFLD,unchanged
GSM3998276,GSE135251,GSM3998276,1,0,NAFLD,severity_band_to_spectrum,0,early,NAFLD,unchanged
GSM3998277,GSE135251,GSM3998277,1,2,NAFLD,severity_band_to_spectrum,2,early,NAFLD,unchanged
GSM3998278,GSE135251,GSM3998278,1,2,NAFLD,severity_band_to_spectrum,2,early,NAFLD,unchanged
GSM3998279,GSE135251,GSM3998279,1,1,NAFLD,severity_band_to_spectrum,1,early,NAFLD,unchanged
GSM3998280,GSE135251,GSM3998280,1,3,NAFLD,severity_band_to_spectrum,3,moderate,NAFLD,unchanged
GSM3998281,GSE135251,GSM3998281,1,0,NAFLD,severity_band_to_spectrum,0,early,NAFLD,unchanged
GSM3998282,GSE135251,GSM3998282,1,3,NAFLD,severity_band_to_spectrum,3,moderate,NAFLD,unchanged
GSM3998283,GSE135251,GSM3998283,1,1,NAFLD,severity_band_to_spectrum,1,early,NAFLD,unchanged
GSM3998284,GSE135251,GSM3998284,1,2,NAFLD,severity_band_to_spectrum,2,early,NAFLD,unchanged
GSM3998285,GSE135251,GSM3998285,1,4,NAFLD,severity_band_to_spectrum,4,moderate,NAFLD,unchanged
GSM3998286,GSE135251,GSM3998286,1,0,NAFLD,severity_band_to_spectrum,0,early,NAFLD,unchanged
GSM3998287,GSE135251,GSM3998287,1,2,NAFLD,severity_band_to_spectrum,2,early,NAFLD,unchanged
GSM3998288,GSE135251,GSM3998288,1,0,NAFLD,severity_band_to_spectrum,0,early,NAFLD,unchanged
GSM3998289,GSE135251,GSM3998289,1,0,NAFLD,severity_band_to_spectrum,0,early,NAFLD,unchanged
GSM3998290,GSE135251,GSM3998290,1,0,NAFLD,severity_band_to_spectrum,0,early,NAFLD,unchanged
GSM3998291,GSE135251,GSM3998291,1,1,NAFLD,severity_band_to_spectrum,1,early,NAFLD,unchanged
GSM3998292,GSE135251,GSM3998292,1,1,NAFLD,severity_band_to_spectrum,1,early,NAFLD,unchanged
GSM3998293,GSE135251,GSM3998293,1,0,NAFLD,severity_band_to_spectrum,0,early,NAFLD,unchanged
GSM3998294,GSE135251,GSM3998294,1,1,NAFLD,severity_band_to_spectrum,1,early,NAFLD,unchanged
GSM3998295,GSE135251,GSM3998295,1,1,NAFLD,severity_band_to_spectrum,1,early,NAFLD,unchanged
GSM3998296,GSE135251,GSM3998296,1,1,NAFLD,severity_band_to_spectrum,1,early,NAFLD,unchanged
GSM3998297,GSE135251,GSM3998297,1,2,NAFLD,severity_band_to_spectrum,2,early,NAFLD,unchanged
GSM3998298,GSE135251,GSM3998298,1,3,NAFLD,severity_band_to_spectrum,3,moderate,NAFLD,unchanged
GSM3998299,GSE135251,GSM3998299,1,2,NAFLD,severity_band_to_spectrum,2,early,NAFLD,unchanged
GSM3998300,GSE135251,GSM3998300,1,1,NAFLD,severity_band_to_spectrum,1,early,NAFLD,unchanged
GSM3998301,GSE135251,GSM3998301,1,3,NAFLD,severity_band_to_spectrum,3,moderate,NAFLD,unchanged
GSM3998302,GSE135251,GSM3998302,1,1,NAFLD,severity_band_to_spectrum,1,early,NAFLD,unchanged
GSM3998303,GSE135251,GSM3998303,1,0,NAFLD,severity_band_to_spectrum,0,early,NAFLD,unchanged
GSM3998304,GSE135251,GSM3998304,1,0,NAFLD,severity_band_to_spectrum,0,early,NAFLD,unchanged
GSM3998305,GSE135251,GSM3998305,1,0,NAFLD,severity_band_to_spectrum,0,early,NAFLD,unchanged
GSM3998306,GSE135251,GSM3998306,1,1,NAFLD,severity_band_to_spectrum,1,early,NAFLD,unchanged
GSM3998307,GSE135251,GSM3998307,1,0,NAFLD,severity_band_to_spectrum,0,early,NAFLD,unchanged
GSM3998308,GSE135251,GSM3998308,1,3,NAFLD,severity_band_to_spectrum,3,moderate,NAFLD,unchanged
GSM3998309,GSE135251,GSM3998309,1,3,NAFLD,severity_band_to_spectrum,3,moderate,NAFLD,unchanged
GSM3998310,GSE135251,GSM3998310,1,1,NAFLD,severity_band_to_spectrum,1,early,NAFLD,unchanged
GSM3998311,GSE135251,GSM3998311,1,1,NAFLD,severity_band_to_spectrum,1,early,NAFLD,unchanged
GSM3998312,GSE135251,GSM3998312,1,2,NAFLD,severity_band_to_spectrum,2,early,NAFLD,unchanged
GSM3998313,GSE135251,GSM3998313,1,2,NAFLD,severity_band_to_spectrum,2,early,NAFLD,unchanged
GSM3998314,GSE135251,GSM3998314,1,3,NAFLD,severity_band_to_spectrum,3,moderate,NAFLD,unchanged
GSM3998315,GSE135251,GSM3998315,1,1,NAFLD,severity_band_to_spectrum,1,early,NAFLD,unchanged
GSM3998316,GSE135251,GSM3998316,1,1,NAFLD,severity_band_to_spectrum,1,early,NAFLD,unchanged
GSM3998317,GSE135251,GSM3998317,1,1,NAFLD,severity_band_to_spectrum,1,early,NAFLD,unchanged
GSM3998318,GSE135251,GSM3998318,1,2,NAFLD,severity_band_to_spectrum,2,early,NAFLD,unchanged
GSM3998319,GSE135251,GSM3998319,1,3,NAFLD,severity_band_to_spectrum,3,moderate,NAFLD,unchanged
GSM3998320,GSE135251,GSM3998320,1,1,NAFLD,severity_band_to_spectrum,1,early,NAFLD,unchanged
GSM3998321,GSE135251,GSM3998321,1,0,NAFLD,severity_band_to_spectrum,0,early,NAFLD,unchanged
GSM3998322,GSE135251,GSM3998322,1,3,NAFLD,severity_band_to_spectrum,3,moderate,NAFLD,unchanged
GSM3998323,GSE135251,GSM3998323,1,0,NAFLD,severity_band_to_spectrum,0,early,NAFLD,unchanged
GSM3998324,GSE135251,GSM3998324,1,3,NAFLD,severity_band_to_spectrum,3,moderate,NAFLD,unchanged
GSM3998325,GSE135251,GSM3998325,1,0,NAFLD,severity_band_to_spectrum,0,early,NAFLD,unchanged
GSM3998326,GSE135251,GSM3998326,1,0,NAFLD,severity_band_to_spectrum,0,early,NAFLD,unchanged
GSM3998327,GSE135251,GSM3998327,1,3,NAFLD,severity_band_to_spectrum,3,moderate,NAFLD,unchanged
GSM3998328,GSE135251,GSM3998328,1,3,NAFLD,severity_band_to_spectrum,3,moderate,NAFLD,unchanged
GSM3998329,GSE135251,GSM3998329,1,3,NAFLD,severity_band_to_spectrum,3,moderate,NAFLD,unchanged
GSM3998330,GSE135251,GSM3998330,1,3,NAFLD,severity_band_to_spectrum,3,moderate,NAFLD,unchanged
GSM3998331,GSE135251,GSM3998331,1,1,NAFLD,severity_band_to_spectrum,1,early,NAFLD,unchanged
GSM3998332,GSE135251,GSM3998332,1,4,NAFLD,severity_band_to_spectrum,4,moderate,NAFLD,unchanged
GSM3998333,GSE135251,GSM3998333,1,3,NAFLD,severity_band_to_spectrum,3,moderate,NAFLD,unchanged
GSM3998334,GSE135251,GSM3998334,1,3,NAFLD,severity_band_to_spectrum,3,moderate,NAFLD,unchanged
GSM3998335,GSE135251,GSM3998335,1,2,NAFLD,severity_band_to_spectrum,2,early,NAFLD,unchanged
GSM3998336,GSE135251,GSM3998336,1,0,NAFLD,severity_band_to_spectrum,0,early,NAFLD,unchanged
GSM3998337,GSE135251,GSM3998337,1,2,NAFLD,severity_band_to_spectrum,2,early,NAFLD,unchanged
GSM3998338,GSE135251,GSM3998338,1,3,NAFLD,severity_band_to_spectrum,3,moderate,NAFLD,unchanged
GSM3998339,GSE135251,GSM3998339,1,0,NAFLD,severity_band_to_spectrum,0,early,NAFLD,unchanged
GSM3998340,GSE135251,GSM3998340,1,3,NAFLD,severity_band_to_spectrum,3,moderate,NAFLD,unchanged
GSM3998341,GSE135251,GSM3998341,1,2,control,stated,2,control,control,unchanged
GSM3998342,GSE135251,GSM3998342,1,0,control,stated,0,control,control,unchanged
GSM3998343,GSE135251,GSM3998343,1,2,NAFLD,severity_band_to_spectrum,2,early,NAFLD,unchanged
GSM3998344,GSE135251,GSM3998344,1,1,NAFLD,severity_band_to_spectrum,1,early,NAFLD,unchanged
GSM3998345,GSE135251,GSM3998345,1,0,NAFLD,severity_band_to_spectrum,0,early,NAFLD,unchanged
GSM3998346,GSE135251,GSM3998346,1,0,NAFLD,severity_band_to_spectrum,0,early,NAFLD,unchanged
GSM3998347,GSE135251,GSM3998347,1,2,NAFLD,severity_band_to_spectrum,2,early,NAFLD,unchanged
GSM3998348,GSE135251,GSM3998348,1,2,NAFLD,severity_band_to_spectrum,2,early,NAFLD,unchanged
GSM3998349,GSE135251,GSM3998349,1,0,NAFLD,severity_band_to_spectrum,0,early,NAFLD,unchanged
GSM3998350,GSE135251,GSM3998350,1,2,NAFLD,severity_band_to_spectrum,2,early,NAFLD,unchanged
GSM3998351,GSE135251,GSM3998351,1,1,NAFLD,severity_band_to_spectrum,1,early,NAFLD,unchanged
GSM3998352,GSE135251,GSM3998352,1,1,NAFLD,severity_band_to_spectrum,1,early,NAFLD,unchanged
GSM3998353,GSE135251,GSM3998353,1,0,NAFLD,severity_band_to_spectrum,0,early,NAFLD,unchanged
GSM3998354,GSE135251,GSM3998354,1,3,NAFLD,severity_band_to_spectrum,3,moderate,NAFLD,unchanged
GSM3998355,GSE135251,GSM3998355,1,2,NAFLD,severity_band_to_spectrum,2,early,NAFLD,unchanged
GSM3998356,GSE135251,GSM3998356,1,2,NAFLD,severity_band_to_spectrum,2,early,NAFLD,unchanged
GSM3998357,GSE135251,GSM3998357,1,1,NAFLD,severity_band_to_spectrum,1,early,NAFLD,unchanged
GSM3998358,GSE135251,GSM3998358,1,1,NAFLD,severity_band_to_spectrum,1,early,NAFLD,unchanged
GSM3998359,GSE135251,GSM3998359,1,4,NAFLD,severity_band_to_spectrum,4,moderate,NAFLD,unchanged
GSM3998360,GSE135251,GSM3998360,1,2,NAFLD,severity_band_to_spectrum,2,early,NAFLD,unchanged
GSM3998361,GSE135251,GSM3998361,1,0,NAFLD,severity_band_to_spectrum,0,early,NAFLD,unchanged
GSM3998362,GSE135251,GSM3998362,1,2,NAFLD,severity_band_to_spectrum,2,early,NAFLD,unchanged
GSM3998363,GSE135251,GSM3998363,1,1,NAFLD,severity_band_to_spectrum,1,early,NAFLD,unchanged
GSM3998364,GSE135251,GSM3998364,1,3,NAFLD,severity_band_to_spectrum,3,moderate,NAFLD,unchanged
GSM3998365,GSE135251,GSM3998365,1,3,NAFLD,severity_band_to_spectrum,3,moderate,NAFLD,unchanged
GSM3998366,GSE135251,GSM3998366,1,0,NAFLD,severity_band_to_spectrum,0,early,NAFLD,unchanged
GSM3998367,GSE135251,GSM3998367,1,1,NAFLD,severity_band_to_spectrum,1,early,NAFLD,unchanged
GSM3998368,GSE135251,GSM3998368,1,2,NAFLD,severity_band_to_spectrum,2,early,NAFLD,unchanged
GSM3998369,GSE135251,GSM3998369,1,3,NAFLD,severity_band_to_spectrum,3,moderate,NAFLD,unchanged
GSM3998370,GSE135251,GSM3998370,1,2,NAFLD,severity_band_to_spectrum,2,early,NAFLD,unchanged
GSM3998371,GSE135251,GSM3998371,1,2,NAFLD,severity_band_to_spectrum,2,early,NAFLD,unchanged
GSM3998372,GSE135251,GSM3998372,1,3,NAFLD,severity_band_to_spectrum,3,moderate,NAFLD,unchanged
GSM3998373,GSE135251,GSM3998373,1,3,NAFLD,severity_band_to_spectrum,3,moderate,NAFLD,unchanged
GSM3998374,GSE135251,GSM3998374,1,3,NAFLD,severity_band_to_spectrum,3,moderate,NAFLD,unchanged
GSM3998375,GSE135251,GSM3998375,1,1,NAFLD,severity_band_to_spectrum,1,early,NAFLD,unchanged
GSM3998376,GSE135251,GSM3998376,1,2,NAFLD,severity_band_to_spectrum,2,early,NAFLD,unchanged
GSM3998377,GSE135251,GSM3998377,1,1,NAFLD,severity_band_to_spectrum,1,early,NAFLD,unchanged
GSM3998378,GSE135251,GSM3998378,1,3,NAFLD,severity_band_to_spectrum,3,moderate,NAFLD,unchanged
GSM3998379,GSE135251,GSM3998379,1,3,NAFLD,severity_band_to_spectrum,3,moderate,NAFLD,unchanged
GSM3998380,GSE135251,GSM3998380,1,1,NAFLD,severity_band_to_spectrum,1,early,NAFLD,unchanged
GSM3998381,GSE135251,GSM3998381,1,2,NAFLD,severity_band_to_spectrum,2,early,NAFLD,unchanged
GSM3998382,GSE135251,GSM3998382,1,3,NAFLD,severity_band_to_spectrum,3,moderate,NAFLD,unchanged
GSM4957321,GSE162694,GSM4957321,1,0,NAFLD,recovered_from_description,0,,NAFLD,unchanged
GSM4957322,GSE162694,GSM4957322,1,1,NAFLD,recovered_from_description,1,,NAFLD,unchanged
GSM4957323,GSE162694,GSM4957323,1,0,control,recovered_from_description,normal liver histology,,control,unchanged
GSM4957324,GSE162694,GSM4957324,1,3,NAFLD,recovered_from_description,3,,NAFLD,unchanged
GSM4957325,GSE162694,GSM4957325,1,1,NAFLD,recovered_from_description,1,,NAFLD,unchanged
GSM4957326,GSE162694,GSM4957326,1,0,control,recovered_from_description,normal liver histology,,control,unchanged
GSM4957327,GSE162694,GSM4957327,1,0,NAFLD,recovered_from_description,0,,NAFLD,unchanged
GSM4957328,GSE162694,GSM4957328,1,2,NAFLD,recovered_from_description,2,,NAFLD,unchanged
GSM4957329,GSE162694,GSM4957329,1,1,NAFLD,recovered_from_description,1,,NAFLD,unchanged
GSM4957330,GSE162694,GSM4957330,1,0,control,recovered_from_description,normal liver histology,,control,unchanged
GSM4957331,GSE162694,GSM4957331,1,0,control,recovered_from_description,normal liver histology,,control,unchanged
GSM4957332,GSE162694,GSM4957332,1,1,NAFLD,recovered_from_description,1,,NAFLD,unchanged
GSM4957333,GSE162694,GSM4957333,1,2,NAFLD,recovered_from_description,2,,NAFLD,unchanged
GSM4957334,GSE162694,GSM4957334,1,2,NAFLD,recovered_from_description,2,,NAFLD,unchanged
GSM4957335,GSE162694,GSM4957335,1,4,NAFLD,recovered_from_description,4,,NAFLD,unchanged
GSM4957336,GSE162694,GSM4957336,1,0,control,recovered_from_description,normal liver histology,,control,unchanged
GSM4957337,GSE162694,GSM4957337,1,4,NAFLD,recovered_from_description,4,,NAFLD,unchanged
GSM4957338,GSE162694,GSM4957338,1,4,NAFLD,recovered_from_description,4,,NAFLD,unchanged
GSM4957339,GSE162694,GSM4957339,1,4,NAFLD,recovered_from_description,4,,NAFLD,unchanged
GSM4957340,GSE162694,GSM4957340,1,4,NAFLD,recovered_from_description,4,,NAFLD,unchanged
GSM4957341,GSE162694,GSM4957341,1,4,NAFLD,recovered_from_description,4,,NAFLD,unchanged
GSM4957342,GSE162694,GSM4957342,1,4,NAFLD,recovered_from_description,4,,NAFLD,unchanged
GSM4957343,GSE162694,GSM4957343,1,2,NAFLD,recovered_from_description,2,,NAFLD,unchanged
GSM4957344,GSE162694,GSM4957344,1,2,NAFLD,recovered_from_description,2,,NAFLD,unchanged
GSM4957345,GSE162694,GSM4957345,1,3,NAFLD,recovered_from_description,3,,NAFLD,unchanged
GSM4957346,GSE162694,GSM4957346,1,2,NAFLD,recovered_from_description,2,,NAFLD,unchanged
GSM4957347,GSE162694,GSM4957347,1,1,NAFLD,recovered_from_description,1,,NAFLD,unchanged
GSM4957348,GSE162694,GSM4957348,1,2,NAFLD,recovered_from_description,2,,NAFLD,unchanged
GSM4957349,GSE162694,GSM4957349,1,4,NAFLD,recovered_from_description,4,,NAFLD,unchanged
GSM4957350,GSE162694,GSM4957350,1,2,NAFLD,recovered_from_description,2,,NAFLD,unchanged
GSM4957351,GSE162694,GSM4957351,1,2,NAFLD,recovered_from_description,2,,NAFLD,unchanged
GSM4957352,GSE162694,GSM4957352,1,2,NAFLD,recovered_from_description,2,,NAFLD,unchanged
GSM4957353,GSE162694,GSM4957353,1,2,NAFLD,recovered_from_description,2,,NAFLD,unchanged
GSM4957354,GSE162694,GSM4957354,1,2,NAFLD,recovered_from_description,2,,NAFLD,unchanged
GSM4957355,GSE162694,GSM4957355,1,3,NAFLD,recovered_from_description,3,,NAFLD,unchanged
GSM4957356,GSE162694,GSM4957356,1,3,NAFLD,recovered_from_description,3,,NAFLD,unchanged
GSM4957357,GSE162694,GSM4957357,1,2,NAFLD,recovered_from_description,2,,NAFLD,unchanged
GSM4957358,GSE162694,GSM4957358,1,0,control,recovered_from_description,normal liver histology,,control,unchanged
GSM4957359,GSE162694,GSM4957359,1,1,NAFLD,recovered_from_description,1,,NAFLD,unchanged
GSM4957360,GSE162694,GSM4957360,1,4,NAFLD,recovered_from_description,4,,NAFLD,unchanged
GSM4957361,GSE162694,GSM4957361,1,1,NAFLD,recovered_from_description,1,,NAFLD,unchanged
GSM4957362,GSE162694,GSM4957362,1,2,NAFLD,recovered_from_description,2,,NAFLD,unchanged
GSM4957363,GSE162694,GSM4957363,1,0,NAFLD,recovered_from_description,0,,NAFLD,unchanged
GSM4957364,GSE162694,GSM4957364,1,0,NAFLD,recovered_from_description,0,,NAFLD,unchanged
GSM4957365,GSE162694,GSM4957365,1,1,NAFLD,recovered_from_description,1,,NAFLD,unchanged
GSM4957366,GSE162694,GSM4957366,1,4,NAFLD,recovered_from_description,4,,NAFLD,unchanged
GSM4957367,GSE162694,GSM4957367,1,1,NAFLD,recovered_from_description,1,,NAFLD,unchanged
GSM4957368,GSE162694,GSM4957368,1,0,NAFLD,recovered_from_description,0,,NAFLD,unchanged
GSM4957369,GSE162694,GSM4957369,1,0,NAFLD,recovered_from_description,0,,NAFLD,unchanged
GSM4957370,GSE162694,GSM4957370,1,1,NAFLD,recovered_from_description,1,,NAFLD,unchanged
GSM4957371,GSE162694,GSM4957371,1,0,NAFLD,recovered_from_description,0,,NAFLD,unchanged
GSM4957372,GSE162694,GSM4957372,1,0,NAFLD,recovered_from_description,0,,NAFLD,unchanged
GSM4957373,GSE162694,GSM4957373,1,0,NAFLD,recovered_from_description,0,,NAFLD,unchanged
GSM4957374,GSE162694,GSM4957374,1,3,NAFLD,recovered_from_description,3,,NAFLD,unchanged
GSM4957375,GSE162694,GSM4957375,1,0,NAFLD,recovered_from_description,0,,NAFLD,unchanged
GSM4957376,GSE162694,GSM4957376,1,1,NAFLD,recovered_from_description,1,,NAFLD,unchanged
GSM4957377,GSE162694,GSM4957377,1,1,NAFLD,recovered_from_description,1,,NAFLD,unchanged
GSM4957378,GSE162694,GSM4957378,1,0,NAFLD,recovered_from_description,0,,NAFLD,unchanged
GSM4957379,GSE162694,GSM4957379,1,0,NAFLD,recovered_from_description,0,,NAFLD,unchanged
GSM4957380,GSE162694,GSM4957380,1,0,NAFLD,recovered_from_description,0,,NAFLD,unchanged
GSM4957381,GSE162694,GSM4957381,1,1,NAFLD,recovered_from_description,1,,NAFLD,unchanged
GSM4957382,GSE162694,GSM4957382,1,0,NAFLD,recovered_from_description,0,,NAFLD,unchanged
GSM4957383,GSE162694,GSM4957383,1,1,NAFLD,recovered_from_description,1,,NAFLD,unchanged
GSM4957384,GSE162694,GSM4957384,1,2,NAFLD,recovered_from_description,2,,NAFLD,unchanged
GSM4957385,GSE162694,GSM4957385,1,2,NAFLD,recovered_from_description,2,,NAFLD,unchanged
GSM4957386,GSE162694,GSM4957386,1,0,NAFLD,recovered_from_description,0,,NAFLD,unchanged
GSM4957387,GSE162694,GSM4957387,1,1,NAFLD,recovered_from_description,1,,NAFLD,unchanged
GSM4957388,GSE162694,GSM4957388,1,0,NAFLD,recovered_from_description,0,,NAFLD,unchanged
GSM4957389,GSE162694,GSM4957389,1,0,NAFLD,recovered_from_description,0,,NAFLD,unchanged
GSM4957390,GSE162694,GSM4957390,1,2,NAFLD,recovered_from_description,2,,NAFLD,unchanged
GSM4957391,GSE162694,GSM4957391,1,0,control,recovered_from_description,normal liver histology,,control,unchanged
GSM4957392,GSE162694,GSM4957392,1,1,NAFLD,recovered_from_description,1,,NAFLD,unchanged
GSM4957393,GSE162694,GSM4957393,1,1,NAFLD,recovered_from_description,1,,NAFLD,unchanged
GSM4957394,GSE162694,GSM4957394,1,0,NAFLD,recovered_from_description,0,,NAFLD,unchanged
GSM4957395,GSE162694,GSM4957395,1,4,NAFLD,recovered_from_description,4,,NAFLD,unchanged
GSM4957396,GSE162694,GSM4957396,1,2,NAFLD,recovered_from_description,2,,NAFLD,unchanged
GSM4957397,GSE162694,GSM4957397,1,0,NAFLD,recovered_from_description,0,,NAFLD,unchanged
GSM4957398,GSE162694,GSM4957398,1,0,control,recovered_from_description,normal liver histology,,control,unchanged
GSM4957399,GSE162694,GSM4957399,1,0,NAFLD,recovered_from_description,0,,NAFLD,unchanged
GSM4957400,GSE162694,GSM4957400,1,2,NAFLD,recovered_from_description,2,,NAFLD,unchanged
GSM4957401,GSE162694,GSM4957401,1,0,NAFLD,recovered_from_description,0,,NAFLD,unchanged
GSM4957402,GSE162694,GSM4957402,1,0,control,recovered_from_description,normal liver histology,,control,unchanged
GSM4957403,GSE162694,GSM4957403,1,3,NAFLD,recovered_from_description,3,,NAFLD,unchanged
GSM4957404,GSE162694,GSM4957404,1,0,control,recovered_from_description,normal liver histology,,control,unchanged
GSM4957405,GSE162694,GSM4957405,1,0,NAFLD,recovered_from_description,0,,NAFLD,unchanged
GSM4957406,GSE162694,GSM4957406,1,0,control,recovered_from_description,normal liver histology,,control,unchanged
GSM4957407,GSE162694,GSM4957407,1,3,NAFLD,recovered_from_description,3,,NAFLD,unchanged
GSM4957408,GSE162694,GSM4957408,1,0,NAFLD,recovered_from_description,0,,NAFLD,unchanged
GSM4957409,GSE162694,GSM4957409,1,0,control,recovered_from_description,normal liver histology,,control,unchanged
GSM4957410,GSE162694,GSM4957410,1,0,NAFLD,recovered_from_description,0,,NAFLD,unchanged
GSM4957411,GSE162694,GSM4957411,1,1,NAFLD,recovered_from_description,1,,NAFLD,unchanged
GSM4957412,GSE162694,GSM4957412,1,1,NAFLD,recovered_from_description,1,,NAFLD,unchanged
GSM4957413,GSE162694,GSM4957413,1,0,control,recovered_from_description,normal liver histology,,control,unchanged
GSM4957414,GSE162694,GSM4957414,1,0,NAFLD,recovered_from_description,0,,NAFLD,unchanged
GSM4957415,GSE162694,GSM4957415,1,2,NAFLD,recovered_from_description,2,,NAFLD,unchanged
GSM4957416,GSE162694,GSM4957416,1,0,NAFLD,recovered_from_description,0,,NAFLD,unchanged
GSM4957417,GSE162694,GSM4957417,1,1,NAFLD,recovered_from_description,1,,NAFLD,unchanged
GSM4957418,GSE162694,GSM4957418,1,0,control,recovered_from_description,normal liver histology,,control,unchanged
GSM4957419,GSE162694,GSM4957419,1,1,NAFLD,recovered_from_description,1,,NAFLD,unchanged
GSM4957420,GSE162694,GSM4957420,1,1,NAFLD,recovered_from_description,1,,NAFLD,unchanged
GSM4957421,GSE162694,GSM4957421,1,0,control,recovered_from_description,normal liver histology,,control,unchanged
GSM4957422,GSE162694,GSM4957422,1,0,NAFLD,recovered_from_description,0,,NAFLD,unchanged
GSM4957423,GSE162694,GSM4957423,1,0,control,recovered_from_description,normal liver histology,,control,unchanged
GSM4957424,GSE162694,GSM4957424,1,1,NAFLD,recovered_from_description,1,,NAFLD,unchanged
GSM4957425,GSE162694,GSM4957425,1,0,control,recovered_from_description,normal liver histology,,control,unchanged
GSM4957426,GSE162694,GSM4957426,1,1,NAFLD,recovered_from_description,1,,NAFLD,unchanged
GSM4957427,GSE162694,GSM4957427,1,0,control,recovered_from_description,normal liver histology,,control,unchanged
GSM4957428,GSE162694,GSM4957428,1,0,NAFLD,recovered_from_description,0,,NAFLD,unchanged
GSM4957429,GSE162694,GSM4957429,1,0,control,recovered_from_description,normal liver histology,,control,unchanged
GSM4957430,GSE162694,GSM4957430,1,0,control,recovered_from_description,normal liver histology,,control,unchanged
GSM4957431,GSE162694,GSM4957431,1,1,NAFLD,recovered_from_description,1,,NAFLD,unchanged
GSM4957432,GSE162694,GSM4957432,1,2,NAFLD,recovered_from_description,2,,NAFLD,unchanged
GSM4957433,GSE162694,GSM4957433,1,2,NAFLD,recovered_from_description,2,,NAFLD,unchanged
GSM4957434,GSE162694,GSM4957434,1,0,control,recovered_from_description,normal liver histology,,control,unchanged
GSM4957435,GSE162694,GSM4957435,1,0,control,recovered_from_description,normal liver histology,,control,unchanged
GSM4957436,GSE162694,GSM4957436,1,0,NAFLD,recovered_from_description,0,,NAFLD,unchanged
GSM4957437,GSE162694,GSM4957437,1,0,control,recovered_from_description,normal liver histology,,control,unchanged
GSM4957438,GSE162694,GSM4957438,1,0,control,recovered_from_description,normal liver histology,,control,unchanged
GSM4957439,GSE162694,GSM4957439,1,0,control,recovered_from_description,normal liver histology,,control,unchanged
GSM4957440,GSE162694,GSM4957440,1,0,control,recovered_from_description,normal liver histology,,control,unchanged
GSM4957441,GSE162694,GSM4957441,1,0,control,recovered_from_description,normal liver histology,,control,unchanged
GSM4957442,GSE162694,GSM4957442,1,0,NAFLD,recovered_from_description,0,,NAFLD,unchanged
GSM4957443,GSE162694,GSM4957443,1,1,NAFLD,recovered_from_description,1,,NAFLD,unchanged
GSM4957444,GSE162694,GSM4957444,1,0,control,recovered_from_description,normal liver histology,,control,unchanged
GSM4957445,GSE162694,GSM4957445,1,2,NAFLD,recovered_from_description,2,,NAFLD,unchanged
GSM4957446,GSE162694,GSM4957446,1,2,NAFLD,recovered_from_description,2,,NAFLD,unchanged
GSM4957447,GSE162694,GSM4957447,1,1,NAFLD,recovered_from_description,1,,NAFLD,unchanged
GSM4957448,GSE162694,GSM4957448,1,2,NAFLD,recovered_from_description,2,,NAFLD,unchanged
GSM4957449,GSE162694,GSM4957449,1,0,NAFLD,recovered_from_description,0,,NAFLD,unchanged
GSM4957450,GSE162694,GSM4957450,1,0,NAFLD,recovered_from_description,0,,NAFLD,unchanged
GSM4957451,GSE162694,GSM4957451,1,4,NAFLD,recovered_from_description,4,,NAFLD,unchanged
GSM4957452,GSE162694,GSM4957452,1,0,NAFLD,recovered_from_description,0,,NAFLD,unchanged
GSM4957453,GSE162694,GSM4957453,1,0,control,recovered_from_description,normal liver histology,,control,unchanged
GSM4957454,GSE162694,GSM4957454,1,1,NAFLD,recovered_from_description,1,,NAFLD,unchanged
GSM4957455,GSE162694,GSM4957455,1,1,NAFLD,recovered_from_description,1,,NAFLD,unchanged
GSM4957456,GSE162694,GSM4957456,1,0,control,recovered_from_description,normal liver histology,,control,unchanged
GSM4957457,GSE162694,GSM4957457,1,2,NAFLD,recovered_from_description,2,,NAFLD,unchanged
GSM4957458,GSE162694,GSM4957458,1,3,NAFLD,recovered_from_description,3,,NAFLD,unchanged
GSM4957459,GSE162694,GSM4957459,1,0,NAFLD,recovered_from_description,0,,NAFLD,unchanged
GSM4957460,GSE162694,GSM4957460,1,2,NAFLD,recovered_from_description,2,,NAFLD,unchanged
GSM4957461,GSE162694,GSM4957461,1,0,NAFLD,recovered_from_description,0,,NAFLD,unchanged
GSM4957462,GSE162694,GSM4957462,1,1,NAFLD,recovered_from_description,1,,NAFLD,unchanged
GSM4957463,GSE162694,GSM4957463,1,0,control,recovered_from_description,normal liver histology,,control,unchanged
GSM5106590,GSE167523,GSM5106590,1,,NAFL,stated,,NAFL,NAFL,unchanged
GSM5106591,GSE167523,GSM5106591,1,,NAFL,stated,,NAFL,NAFL,unchanged
GSM5106592,GSE167523,GSM5106592,1,,NAFL,stated,,NAFL,NAFL,unchanged
GSM5106593,GSE167523,GSM5106593,1,,NAFL,stated,,NAFL,NAFL,unchanged
GSM5106594,GSE167523,GSM5106594,1,,NASH,stated,,NASH,NASH,unchanged
GSM5106595,GSE167523,GSM5106595,1,,NAFL,stated,,NAFL,NAFL,unchanged
GSM5106596,GSE167523,GSM5106596,1,,NAFL,stated,,NAFL,NAFL,unchanged
GSM5106597,GSE167523,GSM5106597,1,,NAFL,stated,,NAFL,NAFL,unchanged
GSM5106598,GSE167523,GSM5106598,1,,NAFL,stated,,NAFL,NAFL,unchanged
GSM5106599,GSE167523,GSM5106599,1,,NAFL,stated,,NAFL,NAFL,unchanged
GSM5106600,GSE167523,GSM5106600,1,,NAFL,stated,,NAFL,NAFL,unchanged
GSM5106601,GSE167523,GSM5106601,1,,NAFL,stated,,NAFL,NAFL,unchanged
GSM5106602,GSE167523,GSM5106602,1,,NAFL,stated,,NAFL,NAFL,unchanged
GSM5106603,GSE167523,GSM5106603,1,,NAFL,stated,,NAFL,NAFL,unchanged
GSM5106604,GSE167523,GSM5106604,1,,NASH,stated,,NASH,NASH,unchanged
GSM5106605,GSE167523,GSM5106605,1,,NAFL,stated,,NAFL,NAFL,unchanged
GSM5106606,GSE167523,GSM5106606,1,,NAFL,stated,,NAFL,NAFL,unchanged
GSM5106607,GSE167523,GSM5106607,1,,NAFL,stated,,NAFL,NAFL,unchanged
GSM5106608,GSE167523,GSM5106608,1,,NAFL,stated,,NAFL,NAFL,unchanged
GSM5106609,GSE167523,GSM5106609,1,,NAFL,stated,,NAFL,NAFL,unchanged
GSM5106610,GSE167523,GSM5106610,1,,NAFL,stated,,NAFL,NAFL,unchanged
GSM5106611,GSE167523,GSM5106611,1,,NAFL,stated,,NAFL,NAFL,unchanged
GSM5106612,GSE167523,GSM5106612,1,,NAFL,stated,,NAFL,NAFL,unchanged
GSM5106613,GSE167523,GSM5106613,1,,NAFL,stated,,NAFL,NAFL,unchanged
GSM5106614,GSE167523,GSM5106614,1,,NAFL,stated,,NAFL,NAFL,unchanged
GSM5106615,GSE167523,GSM5106615,1,,NAFL,stated,,NAFL,NAFL,unchanged
GSM5106616,GSE167523,GSM5106616,1,,NAFL,stated,,NAFL,NAFL,unchanged
GSM5106617,GSE167523,GSM5106617,1,,NAFL,stated,,NAFL,NAFL,unchanged
GSM5106618,GSE167523,GSM5106618,1,,NAFL,stated,,NAFL,NAFL,unchanged
GSM5106619,GSE167523,GSM5106619,1,,NAFL,stated,,NAFL,NAFL,unchanged
GSM5106620,GSE167523,GSM5106620,1,,NAFL,stated,,NAFL,NAFL,unchanged
GSM5106621,GSE167523,GSM5106621,1,,NAFL,stated,,NAFL,NAFL,unchanged
GSM5106622,GSE167523,GSM5106622,1,,NAFL,stated,,NAFL,NAFL,unchanged
GSM5106623,GSE167523,GSM5106623,1,,NAFL,stated,,NAFL,NAFL,unchanged
GSM5106624,GSE167523,GSM5106624,1,,NAFL,stated,,NAFL,NAFL,unchanged
GSM5106625,GSE167523,GSM5106625,1,,NAFL,stated,,NAFL,NAFL,unchanged
GSM5106626,GSE167523,GSM5106626,1,,NAFL,stated,,NAFL,NAFL,unchanged
GSM5106627,GSE167523,GSM5106627,1,,NAFL,stated,,NAFL,NAFL,unchanged
GSM5106628,GSE167523,GSM5106628,1,,NAFL,stated,,NAFL,NAFL,unchanged
GSM5106629,GSE167523,GSM5106629,1,,NAFL,stated,,NAFL,NAFL,unchanged
GSM5106630,GSE167523,GSM5106630,1,,NAFL,stated,,NAFL,NAFL,unchanged
GSM5106631,GSE167523,GSM5106631,1,,NAFL,stated,,NAFL,NAFL,unchanged
GSM5106632,GSE167523,GSM5106632,1,,NAFL,stated,,NAFL,NAFL,unchanged
GSM5106633,GSE167523,GSM5106633,1,,NAFL,stated,,NAFL,NAFL,unchanged
GSM5106634,GSE167523,GSM5106634,1,,NAFL,stated,,NAFL,NAFL,unchanged
GSM5106635,GSE167523,GSM5106635,1,,NAFL,stated,,NAFL,NAFL,unchanged
GSM5106636,GSE167523,GSM5106636,1,,NAFL,stated,,NAFL,NAFL,unchanged
GSM5106637,GSE167523,GSM5106637,1,,NASH,stated,,NASH,NASH,unchanged
GSM5106638,GSE167523,GSM5106638,1,,NASH,stated,,NASH,NASH,unchanged
GSM5106639,GSE167523,GSM5106639,1,,NASH,stated,,NASH,NASH,unchanged
GSM5106640,GSE167523,GSM5106640,1,,NASH,stated,,NASH,NASH,unchanged
GSM5106641,GSE167523,GSM5106641,1,,NASH,stated,,NASH,NASH,unchanged
GSM5106642,GSE167523,GSM5106642,1,,NAFL,stated,,NAFL,NAFL,unchanged
GSM5106643,GSE167523,GSM5106643,1,,NASH,stated,,NASH,NASH,unchanged
GSM5106644,GSE167523,GSM5106644,1,,NASH,stated,,NASH,NASH,unchanged
GSM5106645,GSE167523,GSM5106645,1,,NASH,stated,,NASH,NASH,unchanged
GSM5106646,GSE167523,GSM5106646,1,,NASH,stated,,NASH,NASH,unchanged
GSM5106647,GSE167523,GSM5106647,1,,NAFL,stated,,NAFL,NAFL,unchanged
GSM5106648,GSE167523,GSM5106648,1,,NASH,stated,,NASH,NASH,unchanged
GSM5106649,GSE167523,GSM5106649,1,,NASH,stated,,NASH,NASH,unchanged
GSM5106650,GSE167523,GSM5106650,1,,NASH,stated,,NASH,NASH,unchanged
GSM5106651,GSE167523,GSM5106651,1,,NASH,stated,,NASH,NASH,unchanged
GSM5106652,GSE167523,GSM5106652,1,,NASH,stated,,NASH,NASH,unchanged
GSM5106653,GSE167523,GSM5106653,1,,NASH,stated,,NASH,NASH,unchanged
GSM5106654,GSE167523,GSM5106654,1,,NASH,stated,,NASH,NASH,unchanged
GSM5106655,GSE167523,GSM5106655,1,,NASH,stated,,NASH,NASH,unchanged
GSM5106656,GSE167523,GSM5106656,1,,NASH,stated,,NASH,NASH,unchanged
GSM5106657,GSE167523,GSM5106657,1,,NASH,stated,,NASH,NASH,unchanged
GSM5106658,GSE167523,GSM5106658,1,,NAFL,stated,,NAFL,NAFL,unchanged
GSM5106659,GSE167523,GSM5106659,1,,NAFL,stated,,NAFL,NAFL,unchanged
GSM5106660,GSE167523,GSM5106660,1,,NASH,stated,,NASH,NASH,unchanged
GSM5106661,GSE167523,GSM5106661,1,,NASH,stated,,NASH,NASH,unchanged
GSM5106662,GSE167523,GSM5106662,1,,NAFL,stated,,NAFL,NAFL,unchanged
GSM5106663,GSE167523,GSM5106663,1,,NASH,stated,,NASH,NASH,unchanged
GSM5106664,GSE167523,GSM5106664,1,,NASH,stated,,NASH,NASH,unchanged
GSM5106665,GSE167523,GSM5106665,1,,NASH,stated,,NASH,NASH,unchanged
GSM5106666,GSE167523,GSM5106666,1,,NASH,stated,,NASH,NASH,unchanged
GSM5106667,GSE167523,GSM5106667,1,,NASH,stated,,NASH,NASH,unchanged
GSM5106668,GSE167523,GSM5106668,1,,NASH,stated,,NASH,NASH,unchanged
GSM5106669,GSE167523,GSM5106669,1,,NASH,stated,,NASH,NASH,unchanged
GSM5106670,GSE167523,GSM5106670,1,,NASH,stated,,NASH,NASH,unchanged
GSM5106671,GSE167523,GSM5106671,1,,NASH,stated,,NASH,NASH,unchanged
GSM5106672,GSE167523,GSM5106672,1,,NAFL,stated,,NAFL,NAFL,unchanged
GSM5106673,GSE167523,GSM5106673,1,,NASH,stated,,NASH,NASH,unchanged
GSM5106674,GSE167523,GSM5106674,1,,NASH,stated,,NASH,NASH,unchanged
GSM5106675,GSE167523,GSM5106675,1,,NASH,stated,,NASH,NASH,unchanged
GSM5106676,GSE167523,GSM5106676,1,,NASH,stated,,NASH,NASH,unchanged
GSM5106677,GSE167523,GSM5106677,1,,NASH,stated,,NASH,NASH,unchanged
GSM5106678,GSE167523,GSM5106678,1,,NASH,stated,,NASH,NASH,unchanged
GSM5106679,GSE167523,GSM5106679,1,,NASH,stated,,NASH,NASH,unchanged
GSM5106680,GSE167523,GSM5106680,1,,NASH,stated,,NASH,NASH,unchanged
GSM5106681,GSE167523,GSM5106681,1,,NASH,stated,,NASH,NASH,unchanged
GSM5106682,GSE167523,GSM5106682,1,,NASH,stated,,NASH,NASH,unchanged
GSM5106683,GSE167523,GSM5106683,1,,NASH,stated,,NASH,NASH,unchanged
GSM5106684,GSE167523,GSM5106684,1,,NASH,stated,,NASH,NASH,unchanged
GSM5106685,GSE167523,GSM5106685,1,,NASH,stated,,NASH,NASH,unchanged
GSM5106686,GSE167523,GSM5106686,1,,NASH,stated,,NASH,NASH,unchanged
GSM5106687,GSE167523,GSM5106687,1,,NASH,stated,,NASH,NASH,unchanged
GSM5772501,GSE193066,HUnafld001,1,0,,unavailable,0,,,unchanged
GSM5772502,GSE193066,HUnafld002,1,1,,unavailable,1,,,unchanged
GSM5772503,GSE193066,HUnafld003,1,0,,unavailable,0,,,unchanged
GSM5772504,GSE193066,HUnafld004,1,1,,unavailable,1,,,unchanged
GSM5772505,GSE193066,HUnafld005,1,1,,unavailable,1,,,unchanged
GSM5772506,GSE193066,HUnafld006,1,1,,unavailable,1,,,unchanged
GSM5772507,GSE193066,HUnafld007,1,1,,unavailable,1,,,unchanged
GSM5772508,GSE193066,HUnafld008,1,0,,unavailable,0,,,unchanged
GSM5772509,GSE193066,HUnafld009,1,1,,unavailable,1,,,unchanged
GSM5772510,GSE193066,HUnafld010,1,1,,unavailable,1,,,unchanged
GSM5772511,GSE193066,HUnafld011,1,0,,unavailable,0,,,unchanged
GSM5772512,GSE193066,HUnafld012,1,0,,unavailable,0,,,unchanged
GSM5772513,GSE193066,HUnafld013,1,0,,unavailable,0,,,unchanged
GSM5772514,GSE193066,HUnafld015,1,1,,unavailable,1,,,unchanged
GSM5772515,GSE193066,HUnafld016,1,1,,unavailable,1,,,unchanged
GSM5772516,GSE193066,HUnafld017,1,1,,unavailable,1,,,unchanged
GSM5772517,GSE193066,HUnafld018,1,1,,unavailable,1,,,unchanged
GSM5772518,GSE193066,HUnafld019,1,1,,unavailable,1,,,unchanged
GSM5772519,GSE193066,HUnafld020,1,1,,unavailable,1,,,unchanged
GSM5772520,GSE193066,HUnafld021,1,1,,unavailable,1,,,unchanged
GSM5772521,GSE193066,HUnafld023,1,1,,unavailable,1,,,unchanged
GSM5772522,GSE193066,HUnafld024,1,1,,unavailable,1,,,unchanged
GSM5772523,GSE193066,HUnafld025,1,1,,unavailable,1,,,unchanged
GSM5772524,GSE193066,HUnafld026,1,1,,unavailable,1,,,unchanged
GSM5772525,GSE193066,HUnafld027,1,1,,unavailable,1,,,unchanged
GSM5772526,GSE193066,HUnafld029,1,1,,unavailable,1,,,unchanged
GSM5772527,GSE193066,HUnafld034,1,2,,unavailable,2,,,unchanged
GSM5772528,GSE193066,HUnafld035,1,2,,unavailable,2,,,unchanged
GSM5772529,GSE193066,HUnafld036,1,3,,unavailable,3,,,unchanged
GSM5772530,GSE193066,HUnafld037,1,2,,unavailable,2,,,unchanged
GSM5772531,GSE193066,HUnafld038,1,2,,unavailable,2,,,unchanged
GSM5772532,GSE193066,HUnafld039,1,2,,unavailable,2,,,unchanged
GSM5772533,GSE193066,HUnafld040,1,2,,unavailable,2,,,unchanged
GSM5772534,GSE193066,HUnafld041,1,1,,unavailable,1,,,unchanged
GSM5772535,GSE193066,HUnafld042,1,2,,unavailable,2,,,unchanged
GSM5772536,GSE193066,HUnafld043,1,2,,unavailable,2,,,unchanged
GSM5772537,GSE193066,HUnafld044,1,2,,unavailable,2,,,unchanged
GSM5772538,GSE193066,HUnafld045,1,1,,unavailable,1,,,unchanged
GSM5772539,GSE193066,HUnafld046,1,2,,unavailable,2,,,unchanged
GSM5772540,GSE193066,HUnafld047,1,1,,unavailable,1,,,unchanged
GSM5772541,GSE193066,HUnafld048,1,1,,unavailable,1,,,unchanged
GSM5772542,GSE193066,HUnafld049,1,2,,unavailable,2,,,unchanged
GSM5772543,GSE193066,HUnafld050,1,3,,unavailable,3,,,unchanged
GSM5772544,GSE193066,HUnafld051,1,2,,unavailable,2,,,unchanged
GSM5772545,GSE193066,HUnafld052,1,3,,unavailable,3,,,unchanged
GSM5772546,GSE193066,HUnafld053,1,2,,unavailable,2,,,unchanged
GSM5772547,GSE193066,HUnafld054,1,2,,unavailable,2,,,unchanged
GSM5772548,GSE193066,HUnafld055,1,3,,unavailable,3,,,unchanged
GSM5772549,GSE193066,HUnafld056,1,3,,unavailable,3,,,unchanged
GSM5772550,GSE193066,HUnafld057,1,3,,unavailable,3,,,unchanged
GSM5772551,GSE193066,HUnafld058,1,2,,unavailable,2,,,unchanged
GSM5772552,GSE193066,HUnafld059,1,3,,unavailable,3,,,unchanged
GSM5772553,GSE193066,HUnafld060,1,2,,unavailable,2,,,unchanged
GSM5772554,GSE193066,HUnafld061,1,2,,unavailable,2,,,unchanged
GSM5772555,GSE193066,HUnafld062,1,2,,unavailable,2,,,unchanged
GSM5772556,GSE193066,HUnafld063,1,3,,unavailable,3,,,unchanged
GSM5772557,GSE193066,HUnafld064,1,2,,unavailable,2,,,unchanged
GSM5772558,GSE193066,HUnafld065,1,2,,unavailable,2,,,unchanged
GSM5772559,GSE193066,HUnafld066,1,3,,unavailable,3,,,unchanged
GSM5772560,GSE193066,HUnafld067,1,3,,unavailable,3,,,unchanged
GSM5772561,GSE193066,HUnafld068,1,2,,unavailable,2,,,unchanged
GSM5772562,GSE193066,HUnafld069,1,3,,unavailable,3,,,unchanged
GSM5772563,GSE193066,HUnafld070,1,3,,unavailable,3,,,unchanged
GSM5772564,GSE193066,HUnafld071,1,2,,unavailable,2,,,unchanged
GSM5772565,GSE193066,HUnafld072,1,3,,unavailable,3,,,unchanged
GSM5772566,GSE193066,HUnafld073,1,2,,unavailable,2,,,unchanged
GSM5772567,GSE193066,HUnafld074,1,2,,unavailable,2,,,unchanged
GSM5772568,GSE193066,HUnafld075,1,3,,unavailable,3,,,unchanged
GSM5772569,GSE193066,HUnafld076,1,3,,unavailable,3,,,unchanged
GSM5772570,GSE193066,HUnafld077,1,2,,unavailable,2,,,unchanged
GSM5772571,GSE193066,HUnafld078,1,2,,unavailable,2,,,unchanged
GSM5772572,GSE193066,HUnafld079,1,3,,unavailable,3,,,unchanged
GSM5772573,GSE193066,HUnafld080,1,3,,unavailable,3,,,unchanged
GSM5772574,GSE193066,HUnafld081,1,2,,unavailable,2,,,unchanged
GSM5772575,GSE193066,HUnafld082,1,2,,unavailable,2,,,unchanged
GSM5772576,GSE193066,HUnafld083,1,3,,unavailable,3,,,unchanged
GSM5772577,GSE193066,HUnafld084,1,1,,unavailable,1,,,unchanged
GSM5772578,GSE193066,HUnafld085,1,3,,unavailable,3,,,unchanged
GSM5772579,GSE193066,HUnafld086,1,2,,unavailable,2,,,unchanged
GSM5772580,GSE193066,HUnafld087,1,2,,unavailable,2,,,unchanged
GSM5772581,GSE193066,HUnafld088,1,1,,unavailable,1,,,unchanged
GSM5772582,GSE193066,HUnafld089,1,1,,unavailable,1,,,unchanged
GSM5772583,GSE193066,HUnafld090,1,1,,unavailable,1,,,unchanged
GSM5772584,GSE193066,HUnafld091,1,1,,unavailable,1,,,unchanged
GSM5772585,GSE193066,HUnafld092,1,3,,unavailable,3,,,unchanged
GSM5772586,GSE193066,HUnafld093,1,1,,unavailable,1,,,unchanged
GSM5772587,GSE193066,HUnafld094,1,2,,unavailable,2,,,unchanged
GSM5772588,GSE193066,HUnafld095,1,3,,unavailable,3,,,unchanged
GSM5772589,GSE193066,HUnafld096,1,2,,unavailable,2,,,unchanged
GSM5772590,GSE193066,HUnafld097,1,1,,unavailable,1,,,unchanged
GSM5772591,GSE193066,HUnafld098,1,2,,unavailable,2,,,unchanged
GSM5772592,GSE193066,HUnafld099,1,2,,unavailable,2,,,unchanged
GSM5772593,GSE193066,HUnafld100,1,1,,unavailable,1,,,unchanged
GSM5772594,GSE193066,HUnafld101,1,3,,unavailable,3,,,unchanged
GSM5772595,GSE193066,HUnafld102,1,2,,unavailable,2,,,unchanged
GSM5772596,GSE193066,HUnafld103,1,1,,unavailable,1,,,unchanged
GSM5772597,GSE193066,HUnafld104,1,1,,unavailable,1,,,unchanged
GSM5772598,GSE193066,HUnafld105,1,2,,unavailable,2,,,unchanged
GSM5772599,GSE193066,HUnafld106,1,3,,unavailable,3,,,unchanged
GSM5772600,GSE193066,HUnafld107,1,3,,unavailable,3,,,unchanged
GSM5772601,GSE193066,HUnafld108,1,1,,unavailable,1,,,unchanged
GSM5772602,GSE193066,HUnafld109,1,3,,unavailable,3,,,unchanged
GSM5772603,GSE193066,HUnafld110,1,3,,unavailable,3,,,unchanged
GSM5772604,GSE193066,HUnafld111,1,1,,unavailable,1,,,unchanged
GSM5772605,GSE193066,HUnafld112,1,1,,unavailable,1,,,unchanged
GSM5772606,GSE193066,HUnafld113,1,2,,unavailable,2,,,unchanged
GSM5772607,GSE193066,HUnafld035,2,2,,unavailable,2,,,unchanged
GSM5772608,GSE193066,HUnafld038,2,2,,unavailable,2,,,unchanged
GSM5772609,GSE193066,HUnafld039,2,2,,unavailable,2,,,unchanged
GSM5772610,GSE193066,HUnafld046,2,2,,unavailable,2,,,unchanged
GSM5772611,GSE193066,HUnafld047,2,1,,unavailable,1,,,unchanged
GSM5772612,GSE193066,HUnafld048,2,1,,unavailable,1,,,unchanged
GSM5772613,GSE193066,HUnafld049,2,2,,unavailable,2,,,unchanged
GSM5772614,GSE193066,HUnafld050,2,3,,unavailable,3,,,unchanged
GSM5772615,GSE193066,HUnafld052,2,1,,unavailable,1,,,unchanged
GSM5772616,GSE193066,HUnafld053,2,2,,unavailable,2,,,unchanged
GSM5772617,GSE193066,HUnafld054,2,2,,unavailable,2,,,unchanged
GSM5772618,GSE193066,HUnafld056,2,2,,unavailable,2,,,unchanged
GSM5772619,GSE193066,HUnafld057,2,3,,unavailable,3,,,unchanged
GSM5772620,GSE193066,HUnafld058,2,2,,unavailable,2,,,unchanged
GSM5772621,GSE193066,HUnafld059,2,3,,unavailable,3,,,unchanged
GSM5772622,GSE193066,HUnafld060,2,1,,unavailable,1,,,unchanged
GSM5772623,GSE193066,HUnafld063,2,3,,unavailable,3,,,unchanged
GSM5772624,GSE193066,HUnafld064,2,2,,unavailable,2,,,unchanged
GSM5772625,GSE193066,HUnafld066,2,3,,unavailable,3,,,unchanged
GSM5772626,GSE193066,HUnafld067,2,3,,unavailable,3,,,unchanged
GSM5772627,GSE193066,HUnafld068,2,2,,unavailable,2,,,unchanged
GSM5772628,GSE193066,HUnafld069,2,2,,unavailable,2,,,unchanged
GSM5772629,GSE193066,HUnafld070,2,2,,unavailable,2,,,unchanged
GSM5772630,GSE193066,HUnafld071,2,1,,unavailable,1,,,unchanged
GSM5772631,GSE193066,HUnafld072,2,2,,unavailable,2,,,unchanged
GSM5772632,GSE193066,HUnafld074,2,2,,unavailable,2,,,unchanged
GSM5772633,GSE193066,HUnafld075,2,1,,unavailable,1,,,unchanged
GSM5772634,GSE193066,HUnafld076,2,2,,unavailable,2,,,unchanged
GSM5772635,GSE193066,HUnafld077,2,2,,unavailable,2,,,unchanged
GSM5772636,GSE193066,HUnafld078,2,2,,unavailable,2,,,unchanged
GSM5772637,GSE193066,HUnafld079,2,1,,unavailable,1,,,unchanged
GSM5772638,GSE193066,HUnafld080,2,2,,unavailable,2,,,unchanged
GSM5772639,GSE193066,HUnafld081,2,2,,unavailable,2,,,unchanged
GSM5772640,GSE193066,HUnafld082,2,2,,unavailable,2,,,unchanged
GSM5772641,GSE193066,HUnafld085,2,2,,unavailable,2,,,unchanged
GSM5772642,GSE193066,HUnafld087,2,2,,unavailable,2,,,unchanged
GSM5772643,GSE193066,HUnafld088,2,3,,unavailable,3,,,unchanged
GSM5772644,GSE193066,HUnafld089,2,2,,unavailable,2,,,unchanged
GSM5772645,GSE193066,HUnafld090,2,2,,unavailable,2,,,unchanged
GSM5772646,GSE193066,HUnafld091,2,2,,unavailable,2,,,unchanged
GSM5772647,GSE193066,HUnafld092,2,1,,unavailable,1,,,unchanged
GSM5772648,GSE193066,HUnafld093,2,2,,unavailable,2,,,unchanged
GSM5772649,GSE193066,HUnafld094,2,3,,unavailable,3,,,unchanged
GSM5772650,GSE193066,HUnafld095,2,4,,unavailable,4,,,unchanged
GSM5772651,GSE193066,HUnafld096,2,3,,unavailable,3,,,unchanged
GSM5772652,GSE193066,HUnafld097,2,2,,unavailable,2,,,unchanged
GSM5772653,GSE193066,HUnafld098,2,3,,unavailable,3,,,unchanged
GSM5772654,GSE193066,HUnafld099,2,2,,unavailable,2,,,unchanged
GSM5772655,GSE193066,HUnafld101,2,2,,unavailable,2,,,unchanged
GSM5772656,GSE193066,HUnafld102,2,3,,unavailable,3,,,unchanged
GSM5772657,GSE193066,HUnafld103,2,2,,unavailable,2,,,unchanged
GSM5772658,GSE193066,HUnafld106,2,3,,unavailable,3,,,unchanged
GSM5772659,GSE193066,HUnafld107,2,3,,unavailable,3,,,unchanged
GSM5772660,GSE193066,HUnafld108,2,2,,unavailable,2,,,unchanged
GSM5772661,GSE193066,HUnafld109,2,3,,unavailable,3,,,unchanged
GSM5772662,GSE193066,HUnafld110,2,2,,unavailable,2,,,unchanged
GSM5772663,GSE193066,HUnafld111,2,2,,unavailable,2,,,unchanged
GSM5772664,GSE193066,HUnafld112,2,3,,unavailable,3,,,unchanged
GSM7708388,GSE240729,GSM7708388,1,2,,unavailable,F2,,,unchanged
GSM7708389,GSE240729,GSM7708389,1,0,,unavailable,F0,,,unchanged
GSM7708390,GSE240729,GSM7708390,1,4,,unavailable,F4,,,unchanged
GSM7708391,GSE240729,GSM7708391,1,1,,unavailable,F1,,,unchanged
GSM7708392,GSE240729,GSM7708392,1,2,,unavailable,F2,,,unchanged
GSM7708393,GSE240729,GSM7708393,1,2,,unavailable,F2,,,unchanged
GSM7708394,GSE240729,GSM7708394,1,2,,unavailable,F2,,,unchanged
GSM7708395,GSE240729,GSM7708395,1,2,,unavailable,F2,,,unchanged
GSM7708396,GSE240729,GSM7708396,1,2,,unavailable,F2,,,unchanged
GSM7708397,GSE240729,GSM7708397,1,2,,unavailable,F2,,,unchanged
GSM7708398,GSE240729,GSM7708398,1,3,,unavailable,F3,,,unchanged
GSM7708399,GSE240729,GSM7708399,1,2,,unavailable,F2,,,unchanged
GSM7708400,GSE240729,GSM7708400,1,2,,unavailable,F2,,,unchanged
GSM7708401,GSE240729,GSM7708401,1,2,,unavailable,F2,,,unchanged
GSM7708402,GSE240729,GSM7708402,1,1,,unavailable,F1,,,unchanged
GSM7708403,GSE240729,GSM7708403,1,3,,unavailable,F3,,,unchanged
GSM7708404,GSE240729,GSM7708404,1,2,,unavailable,F2,,,unchanged
GSM7708405,GSE240729,GSM7708405,1,2,,unavailable,F2,,,unchanged
GSM7708406,GSE240729,GSM7708406,1,3,,unavailable,F3,,,unchanged
GSM7708407,GSE240729,GSM7708407,1,3,,unavailable,F3,,,unchanged
GSM7708408,GSE240729,GSM7708408,1,3,,unavailable,F3,,,unchanged
GSM7708409,GSE240729,GSM7708409,1,3,,unavailable,F3,,,unchanged
GSM7708410,GSE240729,GSM7708410,1,4,,unavailable,F4,,,unchanged
GSM7708411,GSE240729,GSM7708411,1,2,,unavailable,F2,,,unchanged
GSM7708412,GSE240729,GSM7708412,1,4,,unavailable,F4,,,unchanged
GSM7708413,GSE240729,GSM7708413,1,4,,unavailable,F4,,,unchanged
GSM7708414,GSE240729,GSM7708414,1,3,,unavailable,F3,,,unchanged
GSM7708415,GSE240729,GSM7708415,1,0,,unavailable,F0,,,unchanged
GSM7708416,GSE240729,GSM7708416,1,0,,unavailable,F0,,,unchanged
GSM7708417,GSE240729,GSM7708417,1,4,,unavailable,F4,,,unchanged
GSM7708418,GSE240729,GSM7708418,1,3,,unavailable,F3,,,unchanged
GSM7708419,GSE240729,GSM7708419,1,4,,unavailable,F4,,,unchanged
GSM7708420,GSE240729,GSM7708420,1,3,,unavailable,F3,,,unchanged
GSM7708421,GSE240729,GSM7708421,1,0,,unavailable,F0,,,unchanged
GSM7708422,GSE240729,GSM7708422,1,1,,unavailable,F1,,,unchanged
GSM7708423,GSE240729,GSM7708423,1,1,,unavailable,F1,,,unchanged
GSM7708424,GSE240729,GSM7708424,1,0,,unavailable,F0,,,unchanged
GSM7708425,GSE240729,GSM7708425,1,0,,unavailable,F0,,,unchanged
GSM7708426,GSE240729,GSM7708426,1,2,,unavailable,F2,,,unchanged
GSM7708427,GSE240729,GSM7708427,1,2,,unavailable,F2,,,unchanged
GSM7708428,GSE240729,GSM7708428,1,1,,unavailable,F1,,,unchanged
GSM7708429,GSE240729,GSM7708429,1,2,,unavailable,F2,,,unchanged
GSM7708430,GSE240729,GSM7708430,1,3,,unavailable,F3,,,unchanged
GSM7708431,GSE240729,GSM7708431,1,1,,unavailable,F1,,,unchanged
GSM7708432,GSE240729,GSM7708432,1,2,,unavailable,F2,,,unchanged
GSM7708433,GSE240729,GSM7708433,1,2,,unavailable,F2,,,unchanged
GSM7708434,GSE240729,GSM7708434,1,1,,unavailable,F1,,,unchanged
GSM7708435,GSE240729,GSM7708435,1,1,,unavailable,F1,,,unchanged
GSM7708436,GSE240729,GSM7708436,1,1,,unavailable,F1,,,unchanged
GSM7708437,GSE240729,GSM7708437,1,2,,unavailable,F2,,,unchanged
GSM7708438,GSE240729,GSM7708438,1,2,,unavailable,F2,,,unchanged
GSM7708439,GSE240729,GSM7708439,1,0,,unavailable,F0,,,unchanged
GSM7708440,GSE240729,GSM7708440,1,1,,unavailable,F1,,,unchanged
GSM7708441,GSE240729,GSM7708441,1,2,,unavailable,F2,,,unchanged
GSM7708442,GSE240729,GSM7708442,1,1,,unavailable,F1,,,unchanged
GSM7708443,GSE240729,GSM7708443,1,2,,unavailable,F2,,,unchanged
GSM7708444,GSE240729,GSM7708444,1,1,,unavailable,F1,,,unchanged
GSM7708445,GSE240729,GSM7708445,1,1,,unavailable,F1,,,unchanged
GSM7708446,GSE240729,GSM7708446,1,2,,unavailable,F2,,,unchanged
GSM7708447,GSE240729,GSM7708447,1,0,,unavailable,F0,,,unchanged
GSM7708448,GSE240729,GSM7708448,1,1,,unavailable,F1,,,unchanged
GSM7708449,GSE240729,GSM7708449,1,1,,unavailable,F1,,,unchanged
GSM7708450,GSE240729,GSM7708450,1,1,,unavailable,F1,,,unchanged
GSM7708451,GSE240729,GSM7708451,1,2,,unavailable,F2,,,unchanged
GSM7708452,GSE240729,GSM7708452,1,0,,unavailable,F0,,,unchanged
GSM7708453,GSE240729,GSM7708453,1,2,,unavailable,F2,,,unchanged
GSM7708454,GSE240729,GSM7708454,1,1,,unavailable,F1,,,unchanged
GSM8314649,GSE269412,GSM8314649,1,,,unavailable,,,,unchanged
GSM8314650,GSE269412,GSM8314650,1,,,unavailable,,,,unchanged
GSM8314651,GSE269412,GSM8314651,1,,,unavailable,,,,unchanged
GSM8314652,GSE269412,GSM8314652,1,,,unavailable,,,,unchanged
GSM8314653,GSE269412,GSM8314653,1,,,unavailable,,,,unchanged
GSM8314654,GSE269412,GSM8314654,1,,,unavailable,,,,unchanged
GSM8314655,GSE269412,GSM8314655,1,,,unavailable,,,,unchanged
GSM8314656,GSE269412,GSM8314656,1,,,unavailable,,,,unchanged
GSM8314657,GSE269412,GSM8314657,1,,,unavailable,,,,unchanged
GSM8314658,GSE269412,GSM8314658,1,,,unavailable,,,,unchanged
GSM8314659,GSE269412,GSM8314659,1,,,unavailable,,,,unchanged
GSM8314660,GSE269412,GSM8314660,1,,,unavailable,,,,unchanged
GSM8314661,GSE269412,GSM8314661,1,,,unavailable,,,,unchanged
GSM8314662,GSE269412,GSM8314662,1,,,unavailable,,,,unchanged
GSM8314663,GSE269412,GSM8314663,1,,,unavailable,,,,unchanged
GSM8314664,GSE269412,GSM8314664,1,,,unavailable,,,,unchanged
GSM8314665,GSE269412,GSM8314665,1,,,unavailable,,,,unchanged
GSM8314666,GSE269412,GSM8314666,1,,,unavailable,,,,unchanged
GSM8314667,GSE269412,GSM8314667,1,,,unavailable,,,,unchanged
GSM8314668,GSE269412,GSM8314668,1,,,unavailable,,,,unchanged
GSM8314669,GSE269412,GSM8314669,1,,,unavailable,,,,unchanged
GSM8314670,GSE269412,GSM8314670,1,,,unavailable,,,,unchanged
GSM8314671,GSE269412,GSM8314671,1,,,unavailable,,,,unchanged
GSM8314672,GSE269412,GSM8314672,1,,,unavailable,,,,unchanged
GSM8314673,GSE269412,GSM8314673,1,,,unavailable,,,,unchanged
GSM8314674,GSE269412,GSM8314674,1,,,unavailable,,,,unchanged
GSM8314675,GSE269412,GSM8314675,1,,,unavailable,,,,unchanged
GSM8314676,GSE269412,GSM8314676,1,,,unavailable,,,,unchanged
GSM8314677,GSE269412,GSM8314677,1,,,unavailable,,,,unchanged
GSM8314678,GSE269412,GSM8314678,1,,,unavailable,,,,unchanged
GSM8314679,GSE269412,GSM8314679,1,,,unavailable,,,,unchanged
GSM8314680,GSE269412,GSM8314680,1,,,unavailable,,,,unchanged
GSM8314681,GSE269412,GSM8314681,1,,,unavailable,,,,unchanged
GSM8314682,GSE269412,GSM8314682,1,,,unavailable,,,,unchanged
GSM8314683,GSE269412,GSM8314683,1,,,unavailable,,,,unchanged
GSM8314684,GSE269412,GSM8314684,1,,,unavailable,,,,unchanged
GSM8314685,GSE269412,GSM8314685,1,,,unavailable,,,,unchanged
GSM8314686,GSE269412,GSM8314686,1,,,unavailable,,,,unchanged
GSM8314687,GSE269412,GSM8314687,1,,,unavailable,,,,unchanged
GSM8314688,GSE269412,GSM8314688,1,,,unavailable,,,,unchanged
GSM8314689,GSE269412,GSM8314689,1,,,unavailable,,,,unchanged
GSM8314690,GSE269412,GSM8314690,1,,,unavailable,,,,unchanged
GSM8314691,GSE269412,GSM8314691,1,,,unavailable,,,,unchanged
GSM8314692,GSE269412,GSM8314692,1,,,unavailable,,,,unchanged
GSM8314693,GSE269412,GSM8314693,1,,,unavailable,,,,unchanged
GSM8314694,GSE269412,GSM8314694,1,,,unavailable,,,,unchanged
GSM8314695,GSE269412,GSM8314695,1,,,unavailable,,,,unchanged
GSM8314696,GSE269412,GSM8314696,1,,,unavailable,,,,unchanged
GSM8314697,GSE269412,GSM8314697,1,,,unavailable,,,,unchanged
GSM8314698,GSE269412,GSM8314698,1,,,unavailable,,,,unchanged
GSM8314699,GSE269412,GSM8314699,1,,,unavailable,,,,unchanged
GSM8314700,GSE269412,GSM8314700,1,,,unavailable,,,,unchanged
GSM8314701,GSE269412,GSM8314701,1,,,unavailable,,,,unchanged
GSM8314702,GSE269412,GSM8314702,1,,,unavailable,,,,unchanged
GSM8314703,GSE269412,GSM8314703,1,,,unavailable,,,,unchanged
GSM8314704,GSE269412,GSM8314704,1,,,unavailable,,,,unchanged
GSM8314705,GSE269412,GSM8314705,1,,,unavailable,,,,unchanged
GSM8314706,GSE269412,GSM8314706,1,,,unavailable,,,,unchanged
GSM8314707,GSE269412,GSM8314707,1,,,unavailable,,,,unchanged
GSM8314708,GSE269412,GSM8314708,1,,,unavailable,,,,unchanged
GSM8314709,GSE269412,GSM8314709,1,,,unavailable,,,,unchanged
GSM8314710,GSE269412,GSM8314710,1,,,unavailable,,,,unchanged
GSM8314711,GSE269412,GSM8314711,1,,,unavailable,,,,unchanged
GSM8314712,GSE269412,GSM8314712,1,,,unavailable,,,,unchanged
GSM8314713,GSE269412,GSM8314713,1,,,unavailable,,,,unchanged
GSM8314714,GSE269412,GSM8314714,1,,,unavailable,,,,unchanged
GSM8314715,GSE269412,GSM8314715,1,,,unavailable,,,,unchanged
GSM8314716,GSE269412,GSM8314716,1,,,unavailable,,,,unchanged
GSM8314717,GSE269412,GSM8314717,1,,,unavailable,,,,unchanged
GSM8314718,GSE269412,GSM8314718,1,,,unavailable,,,,unchanged
GSM8314719,GSE269412,GSM8314719,1,,,unavailable,,,,unchanged
GSM8314720,GSE269412,GSM8314720,1,,,unavailable,,,,unchanged
GSM8314721,GSE269412,GSM8314721,1,,,unavailable,,,,unchanged
GSM8314722,GSE269412,GSM8314722,1,,,unavailable,,,,unchanged
GSM8314723,GSE269412,GSM8314723,1,,,unavailable,,,,unchanged
GSM8314724,GSE269412,GSM8314724,1,,,unavailable,,,,unchanged
GSM8314725,GSE269412,GSM8314725,1,,,unavailable,,,,unchanged
GSM8314726,GSE269412,GSM8314726,1,,,unavailable,,,,unchanged
GSM8314727,GSE269412,GSM8314727,1,,,unavailable,,,,unchanged
GSM8314728,GSE269412,GSM8314728,1,,,unavailable,,,,unchanged
GSM8314729,GSE269412,GSM8314729,1,,,unavailable,,,,unchanged
GSM8314730,GSE269412,GSM8314730,1,,,unavailable,,,,unchanged
GSM8314731,GSE269412,GSM8314731,1,,,unavailable,,,,unchanged
GSM8314732,GSE269412,GSM8314732,1,,,unavailable,,,,unchanged
GSM8314733,GSE269412,GSM8314733,1,,,unavailable,,,,unchanged
GSM8314734,GSE269412,GSM8314734,1,,,unavailable,,,,unchanged
GSM8314735,GSE269412,GSM8314735,1,,,unavailable,,,,unchanged
GSM8314736,GSE269412,GSM8314736,1,,,unavailable,,,,unchanged
GSM8314737,GSE269412,GSM8314737,1,,,unavailable,,,,unchanged
GSM8314738,GSE269412,GSM8314738,1,,,unavailable,,,,unchanged
GSM8314739,GSE269412,GSM8314739,1,,,unavailable,,,,unchanged
GSM8314740,GSE269412,GSM8314740,1,,,unavailable,,,,unchanged
GSM8314741,GSE269412,GSM8314741,1,,,unavailable,,,,unchanged
GSM8314742,GSE269412,GSM8314742,1,,,unavailable,,,,unchanged
GSM8314743,GSE269412,GSM8314743,1,,,unavailable,,,,unchanged
GSM8314744,GSE269412,GSM8314744,1,,,unavailable,,,,unchanged
GSM8314745,GSE269412,GSM8314745,1,,,unavailable,,,,unchanged
GSM8314746,GSE269412,GSM8314746,1,,,unavailable,,,,unchanged
GSM8314747,GSE269412,GSM8314747,1,,,unavailable,,,,unchanged
GSM8314748,GSE269412,GSM8314748,1,,,unavailable,,,,unchanged
GSM8314749,GSE269412,GSM8314749,1,,,unavailable,,,,unchanged
GSM8314750,GSE269412,GSM8314750,1,,,unavailable,,,,unchanged
GSM8314751,GSE269412,GSM8314751,1,,,unavailable,,,,unchanged
GSM8314752,GSE269412,GSM8314752,1,,,unavailable,,,,unchanged
GSM8314753,GSE269412,GSM8314753,1,,,unavailable,,,,unchanged
GSM8314754,GSE269412,GSM8314754,1,,,unavailable,,,,unchanged
GSM8314755,GSE269412,GSM8314755,1,,,unavailable,,,,unchanged
GSM8314756,GSE269412,GSM8314756,1,,,unavailable,,,,unchanged
GSM8314757,GSE269412,GSM8314757,1,,,unavailable,,,,unchanged
GSM8314758,GSE269412,GSM8314758,1,,,unavailable,,,,unchanged
GSM8314759,GSE269412,GSM8314759,1,,,unavailable,,,,unchanged
GSM8314760,GSE269412,GSM8314760,1,,,unavailable,,,,unchanged
GSM8314761,GSE269412,GSM8314761,1,,,unavailable,,,,unchanged
GSM8314762,GSE269412,GSM8314762,1,,,unavailable,,,,unchanged
GSM8314763,GSE269412,GSM8314763,1,,,unavailable,,,,unchanged
GSM8314764,GSE269412,GSM8314764,1,,,unavailable,,,,unchanged
GSM8314765,GSE269412,GSM8314765,1,,,unavailable,,,,unchanged
GSM8314766,GSE269412,GSM8314766,1,,,unavailable,,,,unchanged
GSM8314767,GSE269412,GSM8314767,1,,,unavailable,,,,unchanged
GSM8314768,GSE269412,GSM8314768,1,,,unavailable,,,,unchanged
GSM8314769,GSE269412,GSM8314769,1,,,unavailable,,,,unchanged
GSM8314770,GSE269412,GSM8314770,1,,,unavailable,,,,unchanged
GSM8314771,GSE269412,GSM8314771,1,,,unavailable,,,,unchanged
GSM8314772,GSE269412,GSM8314772,1,,,unavailable,,,,unchanged
GSM8314773,GSE269412,GSM8314773,1,,,unavailable,,,,unchanged
GSM8314774,GSE269412,GSM8314774,1,,,unavailable,,,,unchanged
GSM8314775,GSE269412,GSM8314775,1,,,unavailable,,,,unchanged
GSM8314776,GSE269412,GSM8314776,1,,,unavailable,,,,unchanged
GSM8314777,GSE269412,GSM8314777,1,,,unavailable,,,,unchanged
GSM8314778,GSE269412,GSM8314778,1,,,unavailable,,,,unchanged
GSM8314779,GSE269412,GSM8314779,1,,,unavailable,,,,unchanged
GSM8314780,GSE269412,GSM8314780,1,,,unavailable,,,,unchanged
GSM8314781,GSE269412,GSM8314781,1,,,unavailable,,,,unchanged
GSM8314782,GSE269412,GSM8314782,1,,,unavailable,,,,unchanged
GSM8314783,GSE269412,GSM8314783,1,,,unavailable,,,,unchanged
GSM8314784,GSE269412,GSM8314784,1,,,unavailable,,,,unchanged
GSM8314785,GSE269412,GSM8314785,1,,,unavailable,,,,unchanged
GSM8314786,GSE269412,GSM8314786,1,,,unavailable,,,,unchanged
GSM8314787,GSE269412,GSM8314787,1,,,unavailable,,,,unchanged
GSM8314788,GSE269412,GSM8314788,1,,,unavailable,,,,unchanged
GSM8314789,GSE269412,GSM8314789,1,,,unavailable,,,,unchanged
GSM8314790,GSE269412,GSM8314790,1,,,unavailable,,,,unchanged
GSM8314791,GSE269412,GSM8314791,1,,,unavailable,,,,unchanged
GSM8314792,GSE269412,GSM8314792,1,,,unavailable,,,,unchanged
GSM8314793,GSE269412,GSM8314793,1,,,unavailable,,,,unchanged
GSM8314794,GSE269412,GSM8314794,1,,,unavailable,,,,unchanged
GSM8314795,GSE269412,GSM8314795,1,,,unavailable,,,,unchanged
GSM8314796,GSE269412,GSM8314796,1,,,unavailable,,,,unchanged
GSM8314797,GSE269412,GSM8314797,1,,,unavailable,,,,unchanged
GSM8314798,GSE269412,GSM8314798,1,,,unavailable,,,,unchanged
GSM8314799,GSE269412,GSM8314799,1,,,unavailable,,,,unchanged
GSM8314800,GSE269412,GSM8314800,1,,,unavailable,,,,unchanged
GSM8314801,GSE269412,GSM8314801,1,,,unavailable,,,,unchanged
GSM8314802,GSE269412,GSM8314802,1,,,unavailable,,,,unchanged
GSM8314803,GSE269412,GSM8314803,1,,,unavailable,,,,unchanged
GSM8314804,GSE269412,GSM8314804,1,,,unavailable,,,,unchanged
GSM8314805,GSE269412,GSM8314805,1,,,unavailable,,,,unchanged
GSM8314806,GSE269412,GSM8314806,1,,,unavailable,,,,unchanged
GSM8314807,GSE269412,GSM8314807,1,,,unavailable,,,,unchanged
GSM8314808,GSE269412,GSM8314808,1,,,unavailable,,,,unchanged
GSM8314809,GSE269412,GSM8314809,1,,,unavailable,,,,unchanged
GSM8314810,GSE269412,GSM8314810,1,,,unavailable,,,,unchanged
GSM8314811,GSE269412,GSM8314811,1,,,unavailable,,,,unchanged
GSM8314812,GSE269412,GSM8314812,1,,,unavailable,,,,unchanged
GSM8314813,GSE269412,GSM8314813,1,,,unavailable,,,,unchanged
GSM8314814,GSE269412,GSM8314814,1,,,unavailable,,,,unchanged
GSM8314815,GSE269412,GSM8314815,1,,,unavailable,,,,unchanged
GSM8314816,GSE269412,GSM8314816,1,,,unavailable,,,,unchanged
GSM8314817,GSE269412,GSM8314817,1,,,unavailable,,,,unchanged
GSM8314818,GSE269412,GSM8314818,1,,,unavailable,,,,unchanged
GSM8314819,GSE269412,GSM8314819,1,,,unavailable,,,,unchanged
GSM8314820,GSE269412,GSM8314820,1,,,unavailable,,,,unchanged
GSM8314821,GSE269412,GSM8314821,1,,,unavailable,,,,unchanged
GSM8314822,GSE269412,GSM8314822,1,,,unavailable,,,,unchanged
GSM8314823,GSE269412,GSM8314823,1,,,unavailable,,,,unchanged
GSM8314824,GSE269412,GSM8314824,1,,,unavailable,,,,unchanged
GSM8314825,GSE269412,GSM8314825,1,,,unavailable,,,,unchanged
GSM8314826,GSE269412,GSM8314826,1,,,unavailable,,,,unchanged
GSM8314827,GSE269412,GSM8314827,1,,,unavailable,,,,unchanged
GSM8314828,GSE269412,GSM8314828,1,,,unavailable,,,,unchanged
GSM8314829,GSE269412,GSM8314829,1,,,unavailable,,,,unchanged
GSM8314830,GSE269412,GSM8314830,1,,,unavailable,,,,unchanged
GSM8314831,GSE269412,GSM8314831,1,,,unavailable,,,,unchanged
GSM8314832,GSE269412,GSM8314832,1,,,unavailable,,,,unchanged
GSM8314833,GSE269412,GSM8314833,1,,,unavailable,,,,unchanged
GSM8314834,GSE269412,GSM8314834,1,,,unavailable,,,,unchanged
GSM8314835,GSE269412,GSM8314835,1,,,unavailable,,,,unchanged
GSM8314836,GSE269412,GSM8314836,1,,,unavailable,,,,unchanged
GSM8314837,GSE269412,GSM8314837,1,,,unavailable,,,,unchanged
GSM8314838,GSE269412,GSM8314838,1,,,unavailable,,,,unchanged
GSM8314839,GSE269412,GSM8314839,1,,,unavailable,,,,unchanged
GSM8314840,GSE269412,GSM8314840,1,,,unavailable,,,,unchanged
GSM8314841,GSE269412,GSM8314841,1,,,unavailable,,,,unchanged
GSM8314842,GSE269412,GSM8314842,1,,,unavailable,,,,unchanged
GSM8314843,GSE269412,GSM8314843,1,,,unavailable,,,,unchanged
GSM8314844,GSE269412,GSM8314844,1,,,unavailable,,,,unchanged
GSM8314845,GSE269412,GSM8314845,1,,,unavailable,,,,unchanged
GSM8314846,GSE269412,GSM8314846,1,,,unavailable,,,,unchanged
GSM8314847,GSE269412,GSM8314847,1,,,unavailable,,,,unchanged
GSM8314848,GSE269412,GSM8314848,1,,,unavailable,,,,unchanged
GSM8314849,GSE269412,GSM8314849,1,,,unavailable,,,,unchanged
GSM8314850,GSE269412,GSM8314850,1,,,unavailable,,,,unchanged
GSM8314851,GSE269412,GSM8314851,1,,,unavailable,,,,unchanged
GSM8314852,GSE269412,GSM8314852,1,,,unavailable,,,,unchanged
GSM8314853,GSE269412,GSM8314853,1,,,unavailable,,,,unchanged
GSM8314854,GSE269412,GSM8314854,1,,,unavailable,,,,unchanged
GSM8314855,GSE269412,GSM8314855,1,,,unavailable,,,,unchanged
GSM8314856,GSE269412,GSM8314856,1,,,unavailable,,,,unchanged
GSM8314857,GSE269412,GSM8314857,1,,,unavailable,,,,unchanged
GSM8314858,GSE269412,GSM8314858,1,,,unavailable,,,,unchanged
GSM8314859,GSE269412,GSM8314859,1,,,unavailable,,,,unchanged
GSM8314860,GSE269412,GSM8314860,1,,,unavailable,,,,unchanged
GSM8314861,GSE269412,GSM8314861,1,,,unavailable,,,,unchanged
GSM8314862,GSE269412,GSM8314862,1,,,unavailable,,,,unchanged
GSM8314863,GSE269412,GSM8314863,1,,,unavailable,,,,unchanged
GSM8314864,GSE269412,GSM8314864,1,,,unavailable,,,,unchanged
GSM8314865,GSE269412,GSM8314865,1,,,unavailable,,,,unchanged
GSM8314866,GSE269412,GSM8314866,1,,,unavailable,,,,unchanged
GSM8314867,GSE269412,GSM8314867,1,,,unavailable,,,,unchanged
GSM8314868,GSE269412,GSM8314868,1,,,unavailable,,,,unchanged
GSM8314869,GSE269412,GSM8314869,1,,,unavailable,,,,unchanged
GSM8314870,GSE269412,GSM8314870,1,,,unavailable,,,,unchanged
GSM8314871,GSE269412,GSM8314871,1,,,unavailable,,,,unchanged
GSM8314872,GSE269412,GSM8314872,1,,,unavailable,,,,unchanged
GSM8314873,GSE269412,GSM8314873,1,,,unavailable,,,,unchanged
GSM8314874,GSE269412,GSM8314874,1,,,unavailable,,,,unchanged
GSM8314875,GSE269412,GSM8314875,1,,,unavailable,,,,unchanged
GSM8314876,GSE269412,GSM8314876,1,,,unavailable,,,,unchanged
GSM8314877,GSE269412,GSM8314877,1,,,unavailable,,,,unchanged
GSM8314878,GSE269412,GSM8314878,1,,,unavailable,,,,unchanged
GSM8314879,GSE269412,GSM8314879,1,,,unavailable,,,,unchanged
GSM8314880,GSE269412,GSM8314880,1,,,unavailable,,,,unchanged
GSM8314881,GSE269412,GSM8314881,1,,,unavailable,,,,unchanged
GSM8314882,GSE269412,GSM8314882,1,,,unavailable,,,,unchanged
GSM8314883,GSE269412,GSM8314883,1,,,unavailable,,,,unchanged
GSM8314884,GSE269412,GSM8314884,1,,,unavailable,,,,unchanged
GSM8314885,GSE269412,GSM8314885,1,,,unavailable,,,,unchanged
GSM8314886,GSE269412,GSM8314886,1,,,unavailable,,,,unchanged
GSM8314887,GSE269412,GSM8314887,1,,,unavailable,,,,unchanged
GSM8314888,GSE269412,GSM8314888,1,,,unavailable,,,,unchanged
GSM8314889,GSE269412,GSM8314889,1,,,unavailable,,,,unchanged
GSM8314890,GSE269412,GSM8314890,1,,,unavailable,,,,unchanged
GSM8314891,GSE269412,GSM8314891,1,,,unavailable,,,,unchanged
GSM8314892,GSE269412,GSM8314892,1,,,unavailable,,,,unchanged
GSM8314893,GSE269412,GSM8314893,1,,,unavailable,,,,unchanged
GSM8314894,GSE269412,GSM8314894,1,,,unavailable,,,,unchanged
GSM8314895,GSE269412,GSM8314895,1,,,unavailable,,,,unchanged
GSM8314896,GSE269412,GSM8314896,1,,,unavailable,,,,unchanged
GSM8314897,GSE269412,GSM8314897,1,,,unavailable,,,,unchanged
GSM8314898,GSE269412,GSM8314898,1,,,unavailable,,,,unchanged
GSM8314899,GSE269412,GSM8314899,1,,,unavailable,,,,unchanged
GSM8314900,GSE269412,GSM8314900,1,,,unavailable,,,,unchanged
GSM8314901,GSE269412,GSM8314901,1,,,unavailable,,,,unchanged
GSM8314902,GSE269412,GSM8314902,1,,,unavailable,,,,unchanged
GSM8314903,GSE269412,GSM8314903,1,,,unavailable,,,,unchanged
GSM8314904,GSE269412,GSM8314904,1,,,unavailable,,,,unchanged
GSM8314905,GSE269412,GSM8314905,1,,,unavailable,,,,unchanged
GSM8314906,GSE269412,GSM8314906,1,,,unavailable,,,,unchanged
GSM8314907,GSE269412,GSM8314907,1,,,unavailable,,,,unchanged
GSM8314908,GSE269412,GSM8314908,1,,,unavailable,,,,unchanged
GSM8314909,GSE269412,GSM8314909,1,,,unavailable,,,,unchanged
GSM8314910,GSE269412,GSM8314910,1,,,unavailable,,,,unchanged
