study,samples,patients,repeat_biopsies,fibrosis_staged,F0,F1,F2,F3,F4,disease_labelled,disease_groups,age_recorded,sex_recorded
GSE126848,57,57,0,0,0,0,0,0,0,57,NAFL 15; NASH 16; control 14; obese 12,0,57
GSE130970,78,78,0,78,25,28,9,14,2,78,NAFL 23; NASH 47; control 8,78,78
GSE135251,216,216,0,216,46,48,54,54,14,216,NAFLD 206; control 10,0,0
GSE162694,143,143,0,143,66,30,27,8,12,143,NASH 112; control 31,143,143
GSE167523,98,98,0,0,0,0,0,0,0,98,NAFL 51; NASH 47,98,98
GSE193066,164,106,58,164,6,45,71,41,1,0,none,164,164
GSE240729,67,67,0,67,9,17,25,10,6,0,none,0,0
GSE269412,262,262,0,0,0,0,0,0,0,0,none,0,0
TOTAL,1085,1027,58,668,152,168,186,127,35,592,,483,540
