run,scoring,Gene,ensembl_id,cluster,score,direction,LOSO_significant_of5,LOSO_strong_of5
baseline,standard,IL32,ENSG00000008517,C1,8,increasing,5.0,5.0
baseline,standard,LYZ,ENSG00000090382,C1,8,increasing,5.0,5.0
baseline,standard,NFASC,ENSG00000163531,C1,8,increasing,5.0,5.0
baseline,standard,ADAMTSL2,ENSG00000197859,C1,8,increasing,5.0,5.0
baseline,standard,PLPP4,ENSG00000203805,C1,8,increasing,5.0,5.0
baseline,standard,PDGFRA,ENSG00000134853,C2,9,increasing,5.0,5.0
baseline,standard,CACNA1C,ENSG00000151067,C2,9,increasing,5.0,3.0
baseline,standard,ITGA2,ENSG00000164171,C2,9,increasing,5.0,2.0
baseline,standard,PLK3,ENSG00000173846,C2,9,increasing,5.0,5.0
baseline,standard,TAX1BP3,ENSG00000213977,C2,9,increasing,5.0,5.0
baseline,standard,TREM2,ENSG00000095970,C3,8,increasing,5.0,5.0
baseline,standard,CDC45,ENSG00000093009,C3,7,increasing,5.0,5.0
baseline,standard,HTR7,ENSG00000148680,C3,7,increasing,5.0,5.0
baseline,standard,FABP5,ENSG00000164687,C3,7,increasing,5.0,5.0
baseline,standard,TYMS,ENSG00000176890,C3,7,increasing,5.0,5.0
baseline,standard,CYP2C19,ENSG00000165841,C4,8,decreasing,5.0,5.0
baseline,standard,ACADSB,ENSG00000196177,C4,8,decreasing,5.0,5.0
baseline,standard,OAT,ENSG00000065154,C4,7,decreasing,5.0,5.0
baseline,standard,DNAJC12,ENSG00000108176,C4,7,decreasing,5.0,5.0
baseline,standard,CLPX,ENSG00000166855,C4,7,decreasing,5.0,2.0
baseline,standard,DGAT2,ENSG00000062282,C5,8,decreasing,5.0,2.0
baseline,standard,AKR1D1,ENSG00000122787,C5,8,decreasing,5.0,5.0
baseline,standard,FCN2,ENSG00000160339,C5,8,decreasing,5.0,2.0
baseline,standard,CYP4F3,ENSG00000186529,C5,8,decreasing,5.0,5.0
baseline,standard,SORD,ENSG00000140263,C5,7,decreasing,5.0,5.0
baseline,without_F,PLPP4,ENSG00000203805,C1,8,increasing,5.0,5.0
baseline,without_F,NFASC,ENSG00000163531,C1,8,increasing,5.0,5.0
baseline,without_F,IL32,ENSG00000008517,C1,8,increasing,5.0,5.0
baseline,without_F,ADAMTSL2,ENSG00000197859,C1,8,increasing,5.0,5.0
baseline,without_F,LYZ,ENSG00000090382,C1,8,increasing,5.0,5.0
baseline,without_F,LAMC3,ENSG00000050555,C2,8,increasing,5.0,5.0
baseline,without_F,LTBP2,ENSG00000119681,C2,8,increasing,5.0,5.0
baseline,without_F,CCL20,ENSG00000115009,C2,8,increasing,5.0,5.0
baseline,without_F,EPHA3,ENSG00000044524,C2,8,increasing,5.0,5.0
baseline,without_F,THBS2,ENSG00000186340,C2,8,increasing,5.0,5.0
baseline,without_F,TREM2,ENSG00000095970,C3,8,increasing,5.0,5.0
baseline,without_F,TYMS,ENSG00000176890,C3,7,increasing,5.0,5.0
baseline,without_F,HTR7,ENSG00000148680,C3,7,increasing,5.0,5.0
baseline,without_F,FABP5,ENSG00000164687,C3,7,increasing,5.0,5.0
baseline,without_F,CDC45,ENSG00000093009,C3,7,increasing,5.0,5.0
baseline,without_F,CYP2C19,ENSG00000165841,C4,8,decreasing,5.0,5.0
baseline,without_F,ACADSB,ENSG00000196177,C4,8,decreasing,5.0,5.0
baseline,without_F,DNAJC12,ENSG00000108176,C4,7,decreasing,5.0,5.0
baseline,without_F,OAT,ENSG00000065154,C4,7,decreasing,5.0,5.0
baseline,without_F,PON3,ENSG00000105852,C4,7,decreasing,5.0,3.0
baseline,without_F,SORD,ENSG00000140263,C5,7,decreasing,5.0,5.0
baseline,without_F,HAAO,ENSG00000162882,C5,7,decreasing,5.0,5.0
baseline,without_F,ABCC9,ENSG00000069431,C5,7,decreasing,5.0,5.0
baseline,without_F,HSD17B14,ENSG00000087076,C5,7,decreasing,5.0,5.0
baseline,without_F,MAT1A,ENSG00000151224,C5,7,decreasing,5.0,5.0
labels_only,standard,IL32,ENSG00000008517,C1,8,increasing,5.0,5.0
labels_only,standard,LYZ,ENSG00000090382,C1,8,increasing,5.0,5.0
labels_only,standard,NFASC,ENSG00000163531,C1,8,increasing,5.0,5.0
labels_only,standard,ADAMTSL2,ENSG00000197859,C1,8,increasing,5.0,5.0
labels_only,standard,PLPP4,ENSG00000203805,C1,8,increasing,5.0,5.0
labels_only,standard,PDGFRA,ENSG00000134853,C2,9,increasing,5.0,5.0
labels_only,standard,CACNA1C,ENSG00000151067,C2,9,increasing,5.0,3.0
labels_only,standard,ITGA2,ENSG00000164171,C2,9,increasing,5.0,2.0
labels_only,standard,PLK3,ENSG00000173846,C2,9,increasing,5.0,5.0
labels_only,standard,TAX1BP3,ENSG00000213977,C2,9,increasing,5.0,5.0
labels_only,standard,TREM2,ENSG00000095970,C3,8,increasing,5.0,5.0
labels_only,standard,CDC45,ENSG00000093009,C3,7,increasing,5.0,5.0
labels_only,standard,HTR7,ENSG00000148680,C3,7,increasing,5.0,5.0
labels_only,standard,FABP5,ENSG00000164687,C3,7,increasing,5.0,5.0
labels_only,standard,TYMS,ENSG00000176890,C3,7,increasing,5.0,5.0
labels_only,standard,CYP2C19,ENSG00000165841,C4,8,decreasing,5.0,5.0
labels_only,standard,ACADSB,ENSG00000196177,C4,8,decreasing,5.0,5.0
labels_only,standard,OAT,ENSG00000065154,C4,7,decreasing,5.0,5.0
labels_only,standard,DNAJC12,ENSG00000108176,C4,7,decreasing,5.0,5.0
labels_only,standard,CLPX,ENSG00000166855,C4,7,decreasing,5.0,2.0
labels_only,standard,DGAT2,ENSG00000062282,C5,8,decreasing,5.0,2.0
labels_only,standard,AKR1D1,ENSG00000122787,C5,8,decreasing,5.0,5.0
labels_only,standard,FCN2,ENSG00000160339,C5,8,decreasing,5.0,2.0
labels_only,standard,CYP4F3,ENSG00000186529,C5,8,decreasing,5.0,5.0
labels_only,standard,SORD,ENSG00000140263,C5,7,decreasing,5.0,5.0
labels_only,without_F,PLPP4,ENSG00000203805,C1,8,increasing,5.0,5.0
labels_only,without_F,NFASC,ENSG00000163531,C1,8,increasing,5.0,5.0
labels_only,without_F,IL32,ENSG00000008517,C1,8,increasing,5.0,5.0
labels_only,without_F,ADAMTSL2,ENSG00000197859,C1,8,increasing,5.0,5.0
labels_only,without_F,LYZ,ENSG00000090382,C1,8,increasing,5.0,5.0
labels_only,without_F,LAMC3,ENSG00000050555,C2,8,increasing,5.0,5.0
labels_only,without_F,LTBP2,ENSG00000119681,C2,8,increasing,5.0,5.0
labels_only,without_F,CCL20,ENSG00000115009,C2,8,increasing,5.0,5.0
labels_only,without_F,EPHA3,ENSG00000044524,C2,8,increasing,5.0,5.0
labels_only,without_F,THBS2,ENSG00000186340,C2,8,increasing,5.0,5.0
labels_only,without_F,TREM2,ENSG00000095970,C3,8,increasing,5.0,5.0
labels_only,without_F,TYMS,ENSG00000176890,C3,7,increasing,5.0,5.0
labels_only,without_F,HTR7,ENSG00000148680,C3,7,increasing,5.0,5.0
labels_only,without_F,FABP5,ENSG00000164687,C3,7,increasing,5.0,5.0
labels_only,without_F,CDC45,ENSG00000093009,C3,7,increasing,5.0,5.0
labels_only,without_F,CYP2C19,ENSG00000165841,C4,8,decreasing,5.0,5.0
labels_only,without_F,ACADSB,ENSG00000196177,C4,8,decreasing,5.0,5.0
labels_only,without_F,DNAJC12,ENSG00000108176,C4,7,decreasing,5.0,5.0
labels_only,without_F,OAT,ENSG00000065154,C4,7,decreasing,5.0,5.0
labels_only,without_F,PON3,ENSG00000105852,C4,7,decreasing,5.0,3.0
labels_only,without_F,SORD,ENSG00000140263,C5,7,decreasing,5.0,5.0
labels_only,without_F,HAAO,ENSG00000162882,C5,7,decreasing,5.0,5.0
labels_only,without_F,ABCC9,ENSG00000069431,C5,7,decreasing,5.0,5.0
labels_only,without_F,HSD17B14,ENSG00000087076,C5,7,decreasing,5.0,5.0
labels_only,without_F,MAT1A,ENSG00000151224,C5,7,decreasing,5.0,5.0
normalisation_only,standard,IL32,ENSG00000008517,C1,8,increasing,5.0,5.0
normalisation_only,standard,EPHA3,ENSG00000044524,C1,8,increasing,5.0,5.0
normalisation_only,standard,LYZ,ENSG00000090382,C1,8,increasing,5.0,5.0
normalisation_only,standard,NFASC,ENSG00000163531,C1,8,increasing,5.0,5.0
normalisation_only,standard,PLPP4,ENSG00000203805,C1,8,increasing,5.0,5.0
normalisation_only,standard,PDGFRA,ENSG00000134853,C2,9,increasing,5.0,5.0
normalisation_only,standard,CACNA1C,ENSG00000151067,C2,9,increasing,5.0,3.0
normalisation_only,standard,TPM4,ENSG00000167460,C2,9,increasing,5.0,3.0
normalisation_only,standard,PLK3,ENSG00000173846,C2,9,increasing,5.0,5.0
normalisation_only,standard,TAX1BP3,ENSG00000213977,C2,9,increasing,5.0,5.0
normalisation_only,standard,TREM2,ENSG00000095970,C3,8,increasing,5.0,5.0
normalisation_only,standard,CDC45,ENSG00000093009,C3,7,increasing,5.0,5.0
normalisation_only,standard,HTR7,ENSG00000148680,C3,7,increasing,5.0,5.0
normalisation_only,standard,FABP5,ENSG00000164687,C3,7,increasing,5.0,5.0
normalisation_only,standard,TYMS,ENSG00000176890,C3,7,increasing,5.0,5.0
normalisation_only,standard,OAT,ENSG00000065154,C4,7,decreasing,5.0,5.0
normalisation_only,standard,KNG1,ENSG00000113889,C4,7,decreasing,5.0,2.0
normalisation_only,standard,NAAA,ENSG00000138744,C4,7,decreasing,5.0,5.0
normalisation_only,standard,F2,ENSG00000180210,C4,7,decreasing,5.0,3.0
normalisation_only,standard,SULT1E1,ENSG00000109193,C5,8,decreasing,5.0,5.0
normalisation_only,standard,SLC38A4,ENSG00000139209,C5,8,decreasing,5.0,3.0
normalisation_only,standard,CYP2C19,ENSG00000165841,C5,8,decreasing,5.0,5.0
normalisation_only,standard,ACADSB,ENSG00000196177,C5,8,decreasing,5.0,5.0
normalisation_only,standard,MME,ENSG00000196549,C5,8,decreasing,5.0,5.0
normalisation_only,without_F,PLPP4,ENSG00000203805,C1,8,increasing,5.0,5.0
normalisation_only,without_F,NFASC,ENSG00000163531,C1,8,increasing,5.0,5.0
normalisation_only,without_F,IL32,ENSG00000008517,C1,8,increasing,5.0,5.0
normalisation_only,without_F,EPHA3,ENSG00000044524,C1,8,increasing,5.0,5.0
normalisation_only,without_F,LYZ,ENSG00000090382,C1,8,increasing,5.0,5.0
normalisation_only,without_F,LAMC3,ENSG00000050555,C2,8,increasing,5.0,5.0
normalisation_only,without_F,CCL20,ENSG00000115009,C2,8,increasing,5.0,5.0
normalisation_only,without_F,THBS2,ENSG00000186340,C2,8,increasing,5.0,5.0
normalisation_only,without_F,LTBP2,ENSG00000119681,C2,8,increasing,5.0,5.0
normalisation_only,without_F,FBLN5,ENSG00000140092,C2,8,increasing,5.0,5.0
normalisation_only,without_F,TREM2,ENSG00000095970,C3,8,increasing,5.0,5.0
normalisation_only,without_F,TYMS,ENSG00000176890,C3,7,increasing,5.0,5.0
normalisation_only,without_F,FABP5,ENSG00000164687,C3,7,increasing,5.0,5.0
normalisation_only,without_F,HTR7,ENSG00000148680,C3,7,increasing,5.0,5.0
normalisation_only,without_F,CDC45,ENSG00000093009,C3,7,increasing,5.0,5.0
normalisation_only,without_F,OAT,ENSG00000065154,C4,7,decreasing,5.0,5.0
normalisation_only,without_F,NAAA,ENSG00000138744,C4,7,decreasing,5.0,5.0
normalisation_only,without_F,ACADSB,ENSG00000196177,C5,8,decreasing,5.0,5.0
normalisation_only,without_F,CYP2C19,ENSG00000165841,C5,8,decreasing,5.0,5.0
normalisation_only,without_F,SULT1E1,ENSG00000109193,C5,8,decreasing,5.0,5.0
normalisation_only,without_F,KCNN2,ENSG00000080709,C5,7,decreasing,5.0,5.0
normalisation_only,without_F,SLC16A10,ENSG00000112394,C5,7,decreasing,5.0,5.0
combined,standard,IL32,ENSG00000008517,C1,8,increasing,5.0,5.0
combined,standard,EPHA3,ENSG00000044524,C1,8,increasing,5.0,5.0
combined,standard,LYZ,ENSG00000090382,C1,8,increasing,5.0,5.0
combined,standard,NFASC,ENSG00000163531,C1,8,increasing,5.0,5.0
combined,standard,PLPP4,ENSG00000203805,C1,8,increasing,5.0,5.0
combined,standard,PDGFRA,ENSG00000134853,C2,9,increasing,5.0,5.0
combined,standard,CACNA1C,ENSG00000151067,C2,9,increasing,5.0,3.0
combined,standard,TPM4,ENSG00000167460,C2,9,increasing,5.0,3.0
combined,standard,PLK3,ENSG00000173846,C2,9,increasing,5.0,5.0
combined,standard,TAX1BP3,ENSG00000213977,C2,9,increasing,5.0,5.0
combined,standard,TREM2,ENSG00000095970,C3,8,increasing,5.0,5.0
combined,standard,CDC45,ENSG00000093009,C3,7,increasing,5.0,5.0
combined,standard,HTR7,ENSG00000148680,C3,7,increasing,5.0,5.0
combined,standard,FABP5,ENSG00000164687,C3,7,increasing,5.0,5.0
combined,standard,TYMS,ENSG00000176890,C3,7,increasing,5.0,5.0
combined,standard,OAT,ENSG00000065154,C4,7,decreasing,5.0,5.0
combined,standard,KNG1,ENSG00000113889,C4,7,decreasing,5.0,2.0
combined,standard,F2,ENSG00000180210,C4,7,decreasing,5.0,3.0
combined,standard,SULT1E1,ENSG00000109193,C5,8,decreasing,5.0,5.0
combined,standard,SLC38A4,ENSG00000139209,C5,8,decreasing,5.0,3.0
combined,standard,CYP2C19,ENSG00000165841,C5,8,decreasing,5.0,5.0
combined,standard,ACADSB,ENSG00000196177,C5,8,decreasing,5.0,5.0
combined,standard,MME,ENSG00000196549,C5,8,decreasing,5.0,5.0
combined,without_F,PLPP4,ENSG00000203805,C1,8,increasing,5.0,5.0
combined,without_F,NFASC,ENSG00000163531,C1,8,increasing,5.0,5.0
combined,without_F,IL32,ENSG00000008517,C1,8,increasing,5.0,5.0
combined,without_F,EPHA3,ENSG00000044524,C1,8,increasing,5.0,5.0
combined,without_F,LYZ,ENSG00000090382,C1,8,increasing,5.0,5.0
combined,without_F,LAMC3,ENSG00000050555,C2,8,increasing,5.0,5.0
combined,without_F,CCL20,ENSG00000115009,C2,8,increasing,5.0,5.0
combined,without_F,THBS2,ENSG00000186340,C2,8,increasing,5.0,5.0
combined,without_F,LTBP2,ENSG00000119681,C2,8,increasing,5.0,5.0
combined,without_F,FBLN5,ENSG00000140092,C2,8,increasing,5.0,5.0
combined,without_F,TREM2,ENSG00000095970,C3,8,increasing,5.0,5.0
combined,without_F,TYMS,ENSG00000176890,C3,7,increasing,5.0,5.0
combined,without_F,FABP5,ENSG00000164687,C3,7,increasing,5.0,5.0
combined,without_F,HTR7,ENSG00000148680,C3,7,increasing,5.0,5.0
combined,without_F,CDC45,ENSG00000093009,C3,7,increasing,5.0,5.0
combined,without_F,OAT,ENSG00000065154,C4,7,decreasing,5.0,5.0
combined,without_F,ACADSB,ENSG00000196177,C5,8,decreasing,5.0,5.0
combined,without_F,CYP2C19,ENSG00000165841,C5,8,decreasing,5.0,5.0
combined,without_F,SULT1E1,ENSG00000109193,C5,8,decreasing,5.0,5.0
combined,without_F,KCNN2,ENSG00000080709,C5,7,decreasing,5.0,5.0
combined,without_F,SLC16A10,ENSG00000112394,C5,7,decreasing,5.0,5.0
