group,database,term,term_label,overlap,set_size,n_group_genes,gene_ratio,bg_ratio,fold_enrichment,p_value,q_value,genes,significant
C3_core,Hallmark,HALLMARK_E2F_TARGETS,E2f targets,8,197,36,0.2222,0.0133,16.688,1.88547023430891e-08,3.016752374894256e-07,"DLGAP5, RRM2, E2F8, TK1, TOP2A, DIAPH3, KIF2C, KIF4A",True
C3_core,Hallmark,HALLMARK_G2M_CHECKPOINT,G2m checkpoint,6,191,36,0.1667,0.0129,12.909,6.041149277851267e-06,3.420618418907568e-05,"TTK, TOP2A, PBK, GINS2, KIF2C, KIF4A",True
C3_core,Hallmark,HALLMARK_MITOTIC_SPINDLE,Mitotic spindle,6,193,36,0.1667,0.013,12.775,6.413659535451689e-06,3.420618418907568e-05,"DLGAP5, TTK, ANLN, TOP2A, KIF2C, KIF4A",True
C3_core,Hallmark,HALLMARK_KRAS_SIGNALING_DN,Kras signaling dn,3,132,36,0.0833,0.0089,9.34,0.003998133700061033,0.01599253480024413,"MACROH2A2, ARPP21, PTGFR",True
C3_core,Hallmark,HALLMARK_ESTROGEN_RESPONSE_LATE,Estrogen response late,3,182,36,0.0833,0.0123,6.774,0.009706804396859278,0.03106177406994969,"GINS2, KIF20A, TOP2A",True
C3_core,Hallmark,HALLMARK_SPERMATOGENESIS,Spermatogenesis,2,93,36,0.0556,0.0063,8.838,0.02144155695878023,0.05717748522341395,"KIF2C, TTK",False
C3_core,Hallmark,HALLMARK_APOPTOSIS,Apoptosis,2,150,36,0.0556,0.0101,5.479,0.05140034854061852,0.11748651094998519,"ANKH, TOP2A",False
C3_core,Hallmark,HALLMARK_ANGIOGENESIS,Angiogenesis,1,33,36,0.0278,0.0022,12.453,0.07733391218027294,0.15466782436054588,LPL,False
C3_core,Hallmark,HALLMARK_CHOLESTEROL_HOMEOSTASIS,Cholesterol homeostasis,1,70,36,0.0278,0.0047,5.871,0.15713322898264093,0.2793479626358061,LPL,False
C3_core,Hallmark,HALLMARK_ANDROGEN_RESPONSE,Androgen response,1,96,36,0.0278,0.0065,4.281,0.20915086806497324,0.31265185558583836,ANKH,False
C3_core,Hallmark,HALLMARK_PEROXISOME,Peroxisome,1,99,36,0.0278,0.0067,4.151,0.21494815071526388,0.31265185558583836,TOP2A,False
C3_core,Hallmark,HALLMARK_UV_RESPONSE_DN,Uv response dn,1,142,36,0.0278,0.0096,2.894,0.29363834462562655,0.3785952800513515,PTGFR,False
C3_core,Hallmark,HALLMARK_KRAS_SIGNALING_UP,Kras signaling up,1,178,36,0.0278,0.012,2.309,0.35357294647733584,0.3785952800513515,ANKH,False
C3_core,Hallmark,HALLMARK_GLYCOLYSIS,Glycolysis,1,190,36,0.0278,0.0128,2.163,0.37242945091638857,0.3785952800513515,KIF20A,False
C3_core,Hallmark,HALLMARK_ADIPOGENESIS,Adipogenesis,1,191,36,0.0278,0.0129,2.152,0.3739764613085422,0.3785952800513515,LPL,False
C3_core,Hallmark,HALLMARK_MTORC1_SIGNALING,Mtorc1 signaling,1,194,36,0.0278,0.0131,2.118,0.3785952800513515,0.3785952800513515,RRM2,False
