dataset_id,patient_id,stage_sequence,policy,kept_samples,discarded_samples
GSE193066,HUnafld035,2.0;2.0,average_same_stage,GSM5772528;GSM5772607,
GSE193066,HUnafld038,2.0;2.0,average_same_stage,GSM5772531;GSM5772608,
GSE193066,HUnafld039,2.0;2.0,average_same_stage,GSM5772532;GSM5772609,
GSE193066,HUnafld046,2.0;2.0,average_same_stage,GSM5772539;GSM5772610,
GSE193066,HUnafld047,1.0;1.0,average_same_stage,GSM5772540;GSM5772611,
GSE193066,HUnafld048,1.0;1.0,average_same_stage,GSM5772541;GSM5772612,
GSE193066,HUnafld049,2.0;2.0,average_same_stage,GSM5772542;GSM5772613,
GSE193066,HUnafld050,3.0;3.0,average_same_stage,GSM5772543;GSM5772614,
GSE193066,HUnafld052,3.0;1.0,first_biopsy_only,GSM5772545,GSM5772615
GSE193066,HUnafld053,2.0;2.0,average_same_stage,GSM5772546;GSM5772616,
GSE193066,HUnafld054,2.0;2.0,average_same_stage,GSM5772547;GSM5772617,
GSE193066,HUnafld056,3.0;2.0,first_biopsy_only,GSM5772549,GSM5772618
GSE193066,HUnafld057,3.0;3.0,average_same_stage,GSM5772550;GSM5772619,
GSE193066,HUnafld058,2.0;2.0,average_same_stage,GSM5772551;GSM5772620,
GSE193066,HUnafld059,3.0;3.0,average_same_stage,GSM5772552;GSM5772621,
GSE193066,HUnafld060,2.0;1.0,first_biopsy_only,GSM5772553,GSM5772622
GSE193066,HUnafld063,3.0;3.0,average_same_stage,GSM5772556;GSM5772623,
GSE193066,HUnafld064,2.0;2.0,average_same_stage,GSM5772557;GSM5772624,
GSE193066,HUnafld066,3.0;3.0,average_same_stage,GSM5772559;GSM5772625,
GSE193066,HUnafld067,3.0;3.0,average_same_stage,GSM5772560;GSM5772626,
GSE193066,HUnafld068,2.0;2.0,average_same_stage,GSM5772561;GSM5772627,
GSE193066,HUnafld069,3.0;2.0,first_biopsy_only,GSM5772562,GSM5772628
GSE193066,HUnafld070,3.0;2.0,first_biopsy_only,GSM5772563,GSM5772629
GSE193066,HUnafld071,2.0;1.0,first_biopsy_only,GSM5772564,GSM5772630
GSE193066,HUnafld072,3.0;2.0,first_biopsy_only,GSM5772565,GSM5772631
GSE193066,HUnafld074,2.0;2.0,average_same_stage,GSM5772567;GSM5772632,
GSE193066,HUnafld075,3.0;1.0,first_biopsy_only,GSM5772568,GSM5772633
GSE193066,HUnafld076,3.0;2.0,first_biopsy_only,GSM5772569,GSM5772634
GSE193066,HUnafld077,2.0;2.0,average_same_stage,GSM5772570;GSM5772635,
GSE193066,HUnafld078,2.0;2.0,average_same_stage,GSM5772571;GSM5772636,
GSE193066,HUnafld079,3.0;1.0,first_biopsy_only,GSM5772572,GSM5772637
GSE193066,HUnafld080,3.0;2.0,first_biopsy_only,GSM5772573,GSM5772638
GSE193066,HUnafld081,2.0;2.0,average_same_stage,GSM5772574;GSM5772639,
GSE193066,HUnafld082,2.0;2.0,average_same_stage,GSM5772575;GSM5772640,
GSE193066,HUnafld085,3.0;2.0,first_biopsy_only,GSM5772578,GSM5772641
GSE193066,HUnafld087,2.0;2.0,average_same_stage,GSM5772580;GSM5772642,
GSE193066,HUnafld088,1.0;3.0,first_biopsy_only,GSM5772581,GSM5772643
GSE193066,HUnafld089,1.0;2.0,first_biopsy_only,GSM5772582,GSM5772644
GSE193066,HUnafld090,1.0;2.0,first_biopsy_only,GSM5772583,GSM5772645
GSE193066,HUnafld091,1.0;2.0,first_biopsy_only,GSM5772584,GSM5772646
GSE193066,HUnafld092,3.0;1.0,first_biopsy_only,GSM5772585,GSM5772647
GSE193066,HUnafld093,1.0;2.0,first_biopsy_only,GSM5772586,GSM5772648
GSE193066,HUnafld094,2.0;3.0,first_biopsy_only,GSM5772587,GSM5772649
GSE193066,HUnafld095,3.0;4.0,first_biopsy_only,GSM5772588,GSM5772650
GSE193066,HUnafld096,2.0;3.0,first_biopsy_only,GSM5772589,GSM5772651
GSE193066,HUnafld097,1.0;2.0,first_biopsy_only,GSM5772590,GSM5772652
GSE193066,HUnafld098,2.0;3.0,first_biopsy_only,GSM5772591,GSM5772653
GSE193066,HUnafld099,2.0;2.0,average_same_stage,GSM5772592;GSM5772654,
GSE193066,HUnafld101,3.0;2.0,first_biopsy_only,GSM5772594,GSM5772655
GSE193066,HUnafld102,2.0;3.0,first_biopsy_only,GSM5772595,GSM5772656
GSE193066,HUnafld103,1.0;2.0,first_biopsy_only,GSM5772596,GSM5772657
GSE193066,HUnafld106,3.0;3.0,average_same_stage,GSM5772599;GSM5772658,
GSE193066,HUnafld107,3.0;3.0,average_same_stage,GSM5772600;GSM5772659,
GSE193066,HUnafld108,1.0;2.0,first_biopsy_only,GSM5772601,GSM5772660
GSE193066,HUnafld109,3.0;3.0,average_same_stage,GSM5772602;GSM5772661,
GSE193066,HUnafld110,3.0;2.0,first_biopsy_only,GSM5772603,GSM5772662
GSE193066,HUnafld111,1.0;2.0,first_biopsy_only,GSM5772604,GSM5772663
GSE193066,HUnafld112,1.0;3.0,first_biopsy_only,GSM5772605,GSM5772664
