Gene,Ensembl_ID,Fibrosis_rho,Fibrosis_q_FDR,Direction,Fibrosis_only_or_shared,Cluster,Cluster_pattern,F0,F1,F2,F3,F4,Delta_F0_F4,Largest_transition,Transition_beta,Transition_q,Matched_frac_reproducible_scored,Matched_frac_significant_NOT_scored,GO,KEGG,Reactome,Hallmark,N_databases,P,T,X,F,B,Total_score,Tier,LOSO_direction_kept_of_5_guaranteed,LOSO_still_significant_of_5,LOSO_still_strong_rho0.30_of_5,LOSO_weakest_median_rho,LOSO_max_pct_drop_in_rho,F_original,Original_total_score,membership_confidence,confidence_n_bootstraps
PLPP4,ENSG00000203805,0.533,1.2892869749381845e-30,increasing,shared,C1,"Early increase (F0→F1), then continued",-0.455,-0.257,-0.022,0.672,0.957,1.412,F2→F3,0.6733260091901389,4.287310860294631e-06,0.92,0.06,True,False,True,False,2,2,2,2,0,2,8,Tier 1 - high confidence,5.0,5.0,5.0,0.4205,21.1,0,8,0.5,100
NFASC,ENSG00000163531,0.532,8.155405108639784e-35,increasing,shared,C1,"Early increase (F0→F1), then continued",-0.522,-0.246,-0.006,0.671,1.172,1.694,F2→F3,0.709741027593877,2.680539443023489e-07,1.0,0.16,True,True,True,True,4,2,2,2,0,2,8,Tier 1 - high confidence,5.0,5.0,5.0,0.4838,9.1,0,8,0.42,100
IL32,ENSG00000008517,0.522,3.0590609815341026e-33,increasing,shared,C1,"Early increase (F0→F1), then continued",-0.649,-0.117,0.212,0.575,0.848,1.497,F0→F1,0.5959981573620632,6.0565069273205153e-05,0.92,0.04,False,False,True,True,2,2,2,2,0,2,8,Tier 1 - high confidence,5.0,5.0,5.0,0.5067,2.9,0,8,0.72,100
ADAMTSL2,ENSG00000197859,0.515,1.0112716107279415e-34,increasing,shared,C1,"Early increase (F0→F1), then continued",-0.492,-0.271,0.087,0.574,1.027,1.519,F2→F3,0.4812398840893284,0.0002991535158889,1.0,0.08,True,False,True,False,2,2,2,2,0,2,8,Tier 1 - high confidence,5.0,5.0,5.0,0.4556,11.5,0,8,0.55,100
LYZ,ENSG00000090382,0.487,1.1689300239795584e-18,increasing,shared,C1,"Early increase (F0→F1), then continued",-0.466,-0.105,0.194,0.313,0.745,1.211,F0→F1,0.3671182265966087,0.0057527649658316,0.76,0.02,True,False,True,False,2,2,2,2,0,2,8,Tier 1 - high confidence,5.0,5.0,5.0,0.3721,23.6,0,8,0.81,100
LAMC3,ENSG00000050555,0.559,6.76939836681045e-41,increasing,shared,C2,Late increase (largest at F3→F4),-0.542,-0.297,-0.059,0.744,1.472,2.014,F2→F3,0.8030149926042456,1.5596895179536891e-09,1.0,0.28,True,True,True,False,3,2,2,2,0,2,8,Tier 1 - high confidence,5.0,5.0,5.0,0.5471,2.1,0,8,0.72,100
LTBP2,ENSG00000119681,0.531,4.696749699051104e-42,increasing,shared,C2,Late increase (largest at F3→F4),-0.5,-0.357,0.008,0.68,1.498,1.998,F3→F4,0.8781730776156425,0.0051839494278384,1.0,0.5,True,False,True,True,3,2,2,2,0,2,8,Tier 1 - high confidence,5.0,5.0,5.0,0.4797,9.7,0,8,0.84,100
CCL20,ENSG00000115009,0.526,3.9413092778859065e-33,increasing,shared,C2,Late increase (largest at F3→F4),-0.475,-0.317,0.121,0.495,1.324,1.799,F3→F4,0.7455578991442943,0.0358478739822771,1.0,0.22,True,True,True,True,4,2,2,2,0,2,8,Tier 1 - high confidence,5.0,5.0,5.0,0.4585,12.8,0,8,0.76,100
EPHA3,ENSG00000044524,0.521,2.5061767611874767e-29,increasing,shared,C2,Late increase (largest at F3→F4),-0.464,-0.283,0.023,0.642,1.107,1.571,F2→F3,0.6482403871410414,3.342593466155511e-06,0.98,0.08,True,True,True,False,3,2,2,2,0,2,8,Tier 1 - high confidence,5.0,5.0,5.0,0.475,8.8,0,8,0.48,100
THBS2,ENSG00000186340,0.514,1.728238326449826e-39,increasing,shared,C2,Late increase (largest at F3→F4),-0.537,-0.307,-0.001,0.708,1.477,2.014,F3→F4,0.810926941808475,0.0086255848589408,1.0,0.44,True,True,True,True,4,2,2,2,0,2,8,Tier 1 - high confidence,5.0,5.0,5.0,0.4992,2.9,0,8,0.7,100
TREM2,ENSG00000095970,0.469,7.909810297499485e-30,increasing,shared,C3,"Early rise, then plateau",-0.6,-0.099,0.265,0.535,0.475,1.075,F0→F1,0.579267985890267,1.3793208488451285e-06,0.96,0.06,True,False,True,False,2,2,2,2,0,2,8,Tier 1 - high confidence,5.0,5.0,5.0,0.4562,2.7,0,8,0.69,100
TYMS,ENSG00000176890,0.489,1.1030243205847381e-22,increasing,shared,C3,"Early rise, then plateau",-0.508,-0.115,0.154,0.528,0.407,0.915,F0→F1,0.508028326132079,0.0003736929561882,0.96,0.06,True,False,True,False,2,2,1,2,0,2,7,Tier 1 - high confidence,5.0,5.0,5.0,0.3826,21.8,0,7,0.58,100
HTR7,ENSG00000148680,0.473,2.2284692750775342e-20,increasing,shared,C3,"Early rise, then plateau",-0.366,-0.192,0.073,0.56,0.324,0.69,F2→F3,0.5150674639980364,0.0009941514594465,0.74,0.0,False,False,True,True,2,2,1,2,0,2,7,Tier 1 - high confidence,5.0,5.0,5.0,0.3949,16.5,0,7,0.6,100
FABP5,ENSG00000164687,0.464,4.0518764342469524e-19,increasing,shared,C3,"Early rise, then plateau",-0.551,-0.05,0.228,0.376,0.372,0.923,F0→F1,0.5653087683564452,2.829813381715446e-05,0.88,0.02,True,False,True,True,3,2,1,2,0,2,7,Tier 1 - high confidence,5.0,5.0,5.0,0.3908,15.8,0,7,0.66,100
CDC45,ENSG00000093009,0.401,8.926212153982351e-17,increasing,shared,C3,"Early rise, then plateau",-0.436,-0.112,0.159,0.479,0.363,0.799,F0→F1,0.4023927208465455,0.0009778585020346,0.92,0.08,True,True,True,True,4,2,1,2,0,2,7,Tier 1 - high confidence,5.0,5.0,5.0,0.3596,10.3,0,7,0.63,100
CYP2C19,ENSG00000165841,-0.439,3.6486261011476673e-29,decreasing,shared,C4,Mid decrease (largest at F1→F2),0.483,0.323,-0.162,-0.579,-0.971,-1.454,F1→F2,-0.5105381766395369,0.0003738414454911,1.0,0.0,True,True,True,False,3,2,2,2,0,2,8,Tier 1 - high confidence,5.0,5.0,5.0,0.4037,8.0,0,8,0.51,99
ACADSB,ENSG00000196177,-0.435,8.134486016317891e-25,decreasing,shared,C4,Mid decrease (largest at F1→F2),0.467,0.255,-0.144,-0.475,-0.93,-1.397,F1→F2,-0.4454943158714652,0.0011953968361422,0.94,0.02,True,True,True,False,3,2,2,2,0,2,8,Tier 1 - high confidence,5.0,5.0,5.0,0.4276,1.7,0,8,0.41,99
DNAJC12,ENSG00000108176,-0.414,7.770308976469569e-23,decreasing,shared,C4,Mid decrease (largest at F1→F2),0.524,0.192,-0.142,-0.493,-0.825,-1.349,F0→F1,-0.4002112959856699,0.0026400163169641,0.62,0.0,False,False,False,True,1,2,2,2,0,1,7,Tier 1 - high confidence,5.0,5.0,5.0,0.4045,2.3,0,7,0.58,99
OAT,ENSG00000065154,-0.398,6.935709277667032e-20,decreasing,shared,C4,Mid decrease (largest at F1→F2),0.46,0.222,-0.11,-0.498,-0.768,-1.228,F2→F3,-0.4198899728037528,0.0046286019145712,0.96,0.12,True,True,True,False,3,1,2,2,0,2,7,Tier 1 - high confidence,5.0,5.0,5.0,0.395,0.8,0,7,0.58,99
PON3,ENSG00000105852,-0.35,4.2014863713438884e-14,decreasing,shared,C4,Mid decrease (largest at F1→F2),0.412,0.137,-0.19,-0.251,-0.652,-1.064,F1→F2,-0.3970573209013504,0.0052385118379249,0.74,0.0,True,False,True,False,2,1,2,2,0,2,7,Tier 1 - high confidence,5.0,5.0,3.0,0.2887,17.5,0,7,0.55,99
SORD,ENSG00000140263,-0.447,6.099798452997256e-19,decreasing,shared,C5,Late decrease (largest at F3→F4),0.263,0.353,-0.032,-0.411,-1.095,-1.358,F3→F4,-0.5269938417068308,0.0885375516295571,0.98,0.14,True,False,False,True,2,2,2,1,0,2,7,Tier 1 - high confidence,5.0,5.0,5.0,0.4101,8.3,0,7,1.0,79
HAAO,ENSG00000162882,-0.415,2.1766107587853977e-18,decreasing,shared,C5,Late decrease (largest at F3→F4),0.389,0.256,-0.093,-0.41,-1.034,-1.423,F3→F4,-0.5041164629638231,0.0820217972386939,1.0,0.1,True,True,True,False,3,2,2,1,0,2,7,Tier 1 - high confidence,5.0,5.0,5.0,0.331,20.2,0,7,0.91,79
ABCC9,ENSG00000069431,-0.414,1.2557743645085262e-14,decreasing,shared,C5,Late decrease (largest at F3→F4),0.236,0.365,-0.007,-0.399,-1.0,-1.236,F3→F4,-0.4773122942639727,0.0971134520528874,0.94,0.02,True,True,False,False,2,2,2,1,0,2,7,Tier 1 - high confidence,5.0,5.0,5.0,0.3536,14.6,0,7,1.0,79
HSD17B14,ENSG00000087076,-0.375,2.8992172911207017e-16,decreasing,shared,C5,Late decrease (largest at F3→F4),0.345,0.311,-0.058,-0.417,-1.075,-1.42,F3→F4,-0.6205017675324845,0.0186116362657682,1.0,0.4,True,False,True,False,2,1,2,2,0,2,7,Tier 1 - high confidence,5.0,5.0,5.0,0.3489,7.0,0,7,0.94,79
MAT1A,ENSG00000151224,-0.361,3.8818070036954087e-20,decreasing,shared,C5,Late decrease (largest at F3→F4),0.45,0.22,-0.086,-0.463,-0.97,-1.42,F2→F3,-0.4121225754840047,0.0071002195718199,0.8,0.02,True,True,True,False,3,1,2,2,0,2,7,Tier 1 - high confidence,5.0,5.0,5.0,0.3576,0.9,0,7,0.84,79
