ensembl_id,symbol,cluster,direction,HighConfidenceScore,loso_direction_kept,loso_still_significant,loso_still_strong,loso_min_median_rho,loso_max_q,R_direction_kept,R_still_significant,R_still_strong
ENSG00000005884,ITGA3,C2,increasing,7,5,5,3,0.2844,4.353153163774529e-12,5/5,5/5,3/5
ENSG00000006025,OSBPL7,C2,increasing,7,5,5,2,0.2407,5.377309462003801e-07,5/5,5/5,2/5
ENSG00000006118,TMEM132A,C2,increasing,7,5,5,0,0.1675,3.357113871477241e-05,5/5,5/5,0/5
ENSG00000006327,TNFRSF12A,C2,increasing,8,5,5,5,0.4889,8.766003471535546e-19,5/5,5/5,5/5
ENSG00000006611,USH1C,C2,increasing,7,5,5,3,0.2617,1.8288122342917352e-06,5/5,5/5,3/5
ENSG00000007062,PROM1,C2,increasing,7,5,5,2,0.2163,1.4302826230607097e-05,5/5,5/5,2/5
ENSG00000008517,IL32,C1,increasing,8,5,5,5,0.5067,6.687250279366607e-19,5/5,5/5,5/5
ENSG00000010319,SEMA3G,C2,increasing,7,5,5,2,0.2139,2.639143978396266e-06,5/5,5/5,2/5
ENSG00000011465,DCN,C2,increasing,7,5,5,5,0.3085,3.583462772270211e-11,5/5,5/5,5/5
ENSG00000013364,MVP,C1,increasing,7,5,5,3,0.2956,9.933572361375206e-08,5/5,5/5,3/5
ENSG00000019582,CD74,C1,increasing,7,5,5,2,0.2605,1.876550666357019e-05,5/5,5/5,2/5
ENSG00000019991,HGF,C1,increasing,7,5,5,5,0.3318,1.3747285083172082e-09,5/5,5/5,5/5
ENSG00000020181,ADGRA2,C2,increasing,7,5,5,5,0.3247,2.144919779606755e-11,5/5,5/5,5/5
ENSG00000026025,VIM,C2,increasing,7,5,5,5,0.3537,3.1155656424115276e-12,5/5,5/5,5/5
ENSG00000035862,TIMP2,C2,increasing,8,5,5,2,0.2584,3.162681071316638e-06,5/5,5/5,2/5
ENSG00000038427,VCAN,C2,increasing,8,5,5,5,0.4312,1.4700791289756838e-15,5/5,5/5,5/5
ENSG00000039537,C6,C5,decreasing,7,5,5,2,0.2308,0.00038532749546000617,5/5,5/5,2/5
ENSG00000042493,CAPG,C1,increasing,8,5,5,5,0.433,5.344663801139895e-18,5/5,5/5,5/5
ENSG00000043462,LCP2,C1,increasing,7,5,5,2,0.2429,4.870290984679726e-05,5/5,5/5,2/5
ENSG00000044524,EPHA3,C1,increasing,8,5,5,5,0.4634,1.0045459925358722e-19,5/5,5/5,5/5
ENSG00000049759,NEDD4L,C2,increasing,7,5,5,5,0.332,4.421651359098189e-12,5/5,5/5,5/5
ENSG00000050165,DKK3,C2,increasing,7,5,5,5,0.4136,8.24120025520069e-14,5/5,5/5,5/5
ENSG00000050555,LAMC3,C2,increasing,8,5,5,5,0.5342,5.758830750836997e-25,5/5,5/5,5/5
ENSG00000053747,LAMA3,C1,increasing,7,5,5,5,0.3179,8.794922960638517e-07,5/5,5/5,5/5
ENSG00000054598,FOXC1,C2,increasing,7,5,5,2,0.2679,2.0804846220649684e-06,5/5,5/5,2/5
ENSG00000055957,ITIH1,C5,decreasing,7,5,5,5,0.3354,7.769334043473549e-10,5/5,5/5,5/5
ENSG00000058085,LAMC2,C2,increasing,8,5,5,5,0.336,1.418212796120655e-11,5/5,5/5,5/5
ENSG00000060971,ACAA1,C5,decreasing,7,5,5,0,0.1979,0.000505002672126691,5/5,5/5,0/5
ENSG00000061455,PRDM6,C2,increasing,7,5,5,2,0.2235,3.0738309016579666e-06,5/5,5/5,2/5
ENSG00000062282,DGAT2,C5,decreasing,8,5,5,2,0.2849,1.7438525752765707e-07,5/5,5/5,2/5
ENSG00000064666,CNN2,C2,increasing,7,5,5,0,0.1617,0.02317002397252282,5/5,5/5,0/5
ENSG00000065154,OAT,C4,decreasing,7,5,5,5,0.395,1.2619462152557073e-13,5/5,5/5,5/5
ENSG00000067057,PFKP,C2,increasing,7,5,5,5,0.3315,1.6791272172479727e-13,5/5,5/5,5/5
ENSG00000067082,KLF6,C2,increasing,7,5,5,2,0.2852,1.2766039669328615e-06,5/5,5/5,2/5
ENSG00000069431,ABCC9,C5,decreasing,7,5,5,5,0.3536,6.858480627410944e-11,5/5,5/5,5/5
ENSG00000070404,FSTL3,C2,increasing,8,5,5,5,0.4318,1.1879116893986547e-21,5/5,5/5,5/5
ENSG00000071051,NCK2,C2,increasing,7,5,5,0,0.1919,0.002047704198249894,5/5,5/5,0/5
ENSG00000071127,WDR1,C2,increasing,7,5,5,0,0.1373,0.007063563393743244,5/5,5/5,0/5
ENSG00000071575,TRIB2,C2,increasing,7,5,5,2,0.2677,9.535559449808317e-07,5/5,5/5,2/5
ENSG00000074047,GLI2,C2,increasing,8,5,5,5,0.3056,4.4733699901247406e-14,5/5,5/5,5/5
ENSG00000074181,NOTCH3,C2,increasing,7,5,5,2,0.1655,1.038207163374288e-05,5/5,5/5,2/5
ENSG00000076555,ACACB,C5,decreasing,7,5,5,3,0.2901,2.0943085416442415e-05,5/5,5/5,3/5
ENSG00000076706,MCAM,C2,increasing,7,5,5,0,0.2331,3.5940504077139884e-05,5/5,5/5,0/5
ENSG00000076716,GPC4,C2,increasing,8,5,5,5,0.456,6.687250279366607e-19,5/5,5/5,5/5
ENSG00000077150,NFKB2,C1,increasing,7,5,5,5,0.3109,5.336630736680873e-10,5/5,5/5,5/5
ENSG00000078098,FAP,C2,increasing,8,5,5,5,0.4287,4.899959948728416e-16,5/5,5/5,5/5
ENSG00000079257,LXN,C2,increasing,7,5,5,5,0.3481,3.0722567052380467e-12,5/5,5/5,5/5
ENSG00000080709,KCNN2,C5,decreasing,7,5,5,5,0.4371,6.328224328772656e-16,5/5,5/5,5/5
ENSG00000081052,COL4A4,C2,increasing,7,5,5,5,0.3363,3.5555598449772643e-10,5/5,5/5,5/5
ENSG00000082458,DLG3,C2,increasing,7,5,5,5,0.305,4.551995764713679e-09,5/5,5/5,5/5
ENSG00000082781,ITGB5,C2,increasing,7,5,5,2,0.1841,2.344457388260044e-05,5/5,5/5,2/5
ENSG00000083857,FAT1,C1,increasing,7,5,5,5,0.4269,2.9159614944503035e-14,5/5,5/5,5/5
ENSG00000084207,GSTP1,C2,increasing,7,5,5,5,0.3033,3.5411318440142344e-09,5/5,5/5,5/5
ENSG00000084636,COL16A1,C2,increasing,8,5,5,5,0.4253,1.6730621363320847e-18,5/5,5/5,5/5
ENSG00000085265,FCN1,C1,increasing,8,5,5,2,0.2646,2.9708900578918696e-07,5/5,5/5,2/5
ENSG00000085662,AKR1B1,C1,increasing,7,5,5,3,0.2891,1.6639172983655247e-06,5/5,5/5,3/5
ENSG00000086205,FOLH1,C5,decreasing,7,5,5,5,0.3399,7.620328710270745e-10,5/5,5/5,5/5
ENSG00000087076,HSD17B14,C5,decreasing,7,5,5,5,0.3489,1.385052713218041e-10,5/5,5/5,5/5
ENSG00000087088,BAX,C2,increasing,8,5,5,5,0.4168,3.3681804431327983e-19,5/5,5/5,5/5
ENSG00000087116,ADAMTS2,C2,increasing,8,5,5,5,0.3466,2.3983853269084773e-15,5/5,5/5,5/5
ENSG00000087245,MMP2,C2,increasing,7,5,5,5,0.3435,6.227803267376551e-14,5/5,5/5,5/5
ENSG00000088926,F11,C5,decreasing,7,5,5,5,0.3159,1.3881072894030448e-08,5/5,5/5,5/5
ENSG00000088992,TESC,C2,increasing,7,5,5,3,0.2616,3.4665871171954562e-09,5/5,5/5,3/5
ENSG00000090382,LYZ,C1,increasing,8,5,5,5,0.3721,2.280687390469624e-10,5/5,5/5,5/5
ENSG00000090924,PLEKHG2,C2,increasing,8,5,5,3,0.2342,7.467932527696389e-10,5/5,5/5,3/5
ENSG00000093009,CDC45,C3,increasing,7,5,5,5,0.3335,4.052640350886431e-09,5/5,5/5,5/5
ENSG00000095739,BAMBI,C2,increasing,8,5,5,2,0.253,5.222263773972192e-05,5/5,5/5,2/5
ENSG00000095970,TREM2,C3,increasing,8,5,5,5,0.4562,3.817817102359814e-19,5/5,5/5,5/5
ENSG00000099994,SUSD2,C2,increasing,7,5,5,5,0.4386,2.183008516391272e-17,5/5,5/5,5/5
ENSG00000100298,APOBEC3H,C2,increasing,7,5,5,2,0.2335,8.818091948784251e-05,5/5,5/5,2/5
ENSG00000100345,MYH9,C2,increasing,7,5,5,0,0.131,0.025493561361777863,5/5,5/5,0/5
ENSG00000100365,NCF4,C2,increasing,8,5,5,3,0.2892,5.604999610804532e-06,5/5,5/5,3/5
ENSG00000100714,MTHFD1,C5,decreasing,7,5,5,5,0.3139,5.922738165395053e-07,5/5,5/5,5/5
ENSG00000100767,PAPLN,C2,increasing,7,5,5,5,0.3457,8.197403986067779e-19,5/5,5/5,5/5
ENSG00000100889,PCK2,C5,decreasing,7,5,5,2,0.2866,1.0783154995938037e-06,5/5,5/5,2/5
ENSG00000100968,NFATC4,C2,increasing,7,5,5,3,0.2845,2.247881805593096e-09,5/5,5/5,3/5
ENSG00000100997,ABHD12,C2,increasing,7,5,5,2,0.2586,1.3249269701048479e-06,5/5,5/5,2/5
ENSG00000101057,MYBL2,C1,increasing,7,5,5,5,0.3402,7.028057680616938e-07,5/5,5/5,5/5
ENSG00000101333,PLCB4,C2,increasing,7,5,5,0,0.1663,0.0008016243971189012,5/5,5/5,0/5
ENSG00000101335,MYL9,C2,increasing,7,5,5,0,0.1955,0.0044793774353012825,5/5,5/5,0/5
ENSG00000101384,JAG1,C2,increasing,8,5,5,5,0.3675,1.0017878209596079e-13,5/5,5/5,5/5
ENSG00000101412,E2F1,C1,increasing,7,5,5,5,0.3359,6.059928090731875e-13,5/5,5/5,5/5
ENSG00000101443,WFDC2,C2,increasing,7,5,5,5,0.3116,2.290929110143383e-06,5/5,5/5,5/5
ENSG00000101670,LIPG,C5,decreasing,7,5,5,0,0.1696,0.00322562563450047,5/5,5/5,0/5
ENSG00000102265,TIMP1,C2,increasing,8,5,5,5,0.3965,3.848167735915766e-15,5/5,5/5,5/5
ENSG00000102287,GABRE,C1,increasing,7,5,5,5,0.4078,2.1558174203111798e-13,5/5,5/5,5/5
ENSG00000102452,NALCN,C1,increasing,7,5,5,5,0.4532,4.009883819707335e-21,5/5,5/5,5/5
ENSG00000102760,RGCC,C2,increasing,7,5,5,5,0.3128,2.5120143480015052e-08,5/5,5/5,5/5
ENSG00000103196,CRISPLD2,C2,increasing,7,5,5,2,0.2194,1.560905518733115e-08,5/5,5/5,2/5
ENSG00000103335,PIEZO1,C1,increasing,7,5,5,2,0.2654,6.072451072709927e-08,5/5,5/5,2/5
ENSG00000103490,PYCARD,C2,increasing,7,5,5,2,0.276,8.032679787884515e-07,5/5,5/5,2/5
ENSG00000104435,STMN2,C2,increasing,7,5,5,5,0.5246,1.1531164839957938e-24,5/5,5/5,5/5
ENSG00000104856,RELB,C1,increasing,7,5,5,5,0.316,5.5412028826909485e-11,5/5,5/5,5/5
ENSG00000104938,CLEC4M,C5,decreasing,7,5,5,5,0.4264,4.511714018398659e-12,5/5,5/5,5/5
ENSG00000105290,APLP1,C2,increasing,8,5,5,2,0.2592,1.0813700914066001e-05,5/5,5/5,2/5
ENSG00000105329,TGFB1,C1,increasing,7,5,5,5,0.3168,1.0457242632604339e-06,5/5,5/5,5/5
ENSG00000105464,GRIN2D,C1,increasing,7,5,5,3,0.294,2.474562369230557e-06,5/5,5/5,3/5
ENSG00000105851,PIK3CG,C1,increasing,7,5,5,5,0.3309,3.9251446860894873e-07,5/5,5/5,5/5
ENSG00000105855,ITGB8,C2,increasing,7,5,5,2,0.2058,8.482250929562132e-06,5/5,5/5,2/5
ENSG00000106078,COBL,C5,decreasing,7,5,5,2,0.2224,0.000237959546613438,5/5,5/5,2/5
ENSG00000106236,NPTX2,C2,increasing,7,5,5,5,0.3398,1.8751679257966546e-08,5/5,5/5,5/5
ENSG00000106483,SFRP4,C2,increasing,7,5,5,3,0.2943,4.15338725052292e-07,5/5,5/5,3/5
ENSG00000106624,AEBP1,C2,increasing,8,5,5,5,0.4284,3.1542522364859875e-20,5/5,5/5,5/5
ENSG00000106991,ENG,C2,increasing,7,5,5,2,0.2256,0.00021158621543420592,5/5,5/5,2/5
ENSG00000107099,DOCK8,C1,increasing,7,5,5,2,0.2575,4.051753963756641e-07,5/5,5/5,2/5
ENSG00000107317,PTGDS,C2,increasing,7,5,5,5,0.3481,4.871851906050837e-08,5/5,5/5,5/5
ENSG00000107731,UNC5B,C1,increasing,8,5,5,5,0.3873,5.875608598074186e-16,5/5,5/5,5/5
ENSG00000108244,KRT23,C2,increasing,7,5,5,5,0.3213,2.9254129068410358e-09,5/5,5/5,5/5
ENSG00000108370,RGS9,C2,increasing,7,5,5,3,0.2783,1.5982137598136406e-07,5/5,5/5,3/5
ENSG00000108691,CCL2,C2,increasing,8,5,5,5,0.4107,1.543403811344289e-15,5/5,5/5,5/5
ENSG00000108821,COL1A1,C1,increasing,8,5,5,5,0.4424,4.715062620753993e-21,5/5,5/5,5/5
ENSG00000109099,PMP22,C2,increasing,7,5,5,3,0.2911,2.510751778184566e-07,5/5,5/5,3/5
ENSG00000109193,SULT1E1,C5,decreasing,8,5,5,5,0.3315,6.769991290184684e-09,5/5,5/5,5/5
ENSG00000109610,SOD3,C2,increasing,7,5,5,5,0.3097,4.4714436183657945e-10,5/5,5/5,5/5
ENSG00000110092,CCND1,C1,increasing,8,5,5,5,0.3699,7.781360080281558e-10,5/5,5/5,5/5
ENSG00000110799,VWF,C2,increasing,8,5,5,5,0.3155,3.6057128536902484e-09,5/5,5/5,5/5
ENSG00000111057,KRT18,C1,increasing,7,5,5,5,0.3136,4.215438177860714e-07,5/5,5/5,5/5
ENSG00000111275,ALDH2,C5,decreasing,7,5,5,5,0.329,2.941183550113752e-09,5/5,5/5,5/5
ENSG00000111341,MGP,C2,increasing,7,5,5,5,0.3023,1.6779356933248846e-07,5/5,5/5,5/5
ENSG00000111859,NEDD9,C2,increasing,7,5,5,0,0.2218,9.183681090729945e-05,5/5,5/5,0/5
ENSG00000112149,CD83,C1,increasing,8,5,5,2,0.2982,1.064787115392682e-06,5/5,5/5,2/5
ENSG00000112242,E2F3,C1,increasing,7,5,5,5,0.3812,3.0814940127554226e-10,5/5,5/5,5/5
ENSG00000112394,SLC16A10,C5,decreasing,7,5,5,5,0.4383,2.9672278758304977e-15,5/5,5/5,5/5
ENSG00000112936,C7,C2,increasing,8,5,5,5,0.3929,8.631459956295705e-12,5/5,5/5,5/5
ENSG00000113140,SPARC,C2,increasing,7,5,5,0,0.2296,0.00018852317020300432,5/5,5/5,0/5
ENSG00000113361,CDH6,C2,increasing,8,5,5,5,0.3588,1.7880917343512663e-11,5/5,5/5,5/5
ENSG00000113657,DPYSL3,C2,increasing,8,5,5,5,0.3721,6.811928515270721e-12,5/5,5/5,5/5
ENSG00000113721,PDGFRB,C1,increasing,7,5,5,3,0.2873,4.049811462471681e-09,5/5,5/5,3/5
ENSG00000113889,KNG1,C4,decreasing,7,5,5,2,0.1902,0.0008404194724665338,5/5,5/5,2/5
ENSG00000114770,ABCC5,C1,increasing,7,5,5,2,0.2372,7.848153440690296e-05,5/5,5/5,2/5
ENSG00000114923,SLC4A3,C2,increasing,7,5,5,2,0.2631,8.491669100274976e-07,5/5,5/5,2/5
ENSG00000115009,CCL20,C2,increasing,8,5,5,5,0.4527,5.93979612246076e-19,5/5,5/5,5/5
ENSG00000115129,TP53I3,C1,increasing,7,5,5,3,0.2746,4.661700623097622e-07,5/5,5/5,3/5
ENSG00000115204,MPV17,C2,increasing,7,5,5,2,0.2364,4.839151129849415e-07,5/5,5/5,2/5
ENSG00000115232,ITGA4,C3,increasing,7,5,5,2,0.2749,3.160682913446189e-05,5/5,5/5,2/5
ENSG00000115380,EFEMP1,C2,increasing,8,5,5,5,0.401,2.813714379826166e-13,5/5,5/5,5/5
ENSG00000115419,GLS,C2,increasing,7,5,5,5,0.3483,7.472031301942447e-11,5/5,5/5,5/5
ENSG00000115641,FHL2,C2,increasing,7,5,5,5,0.3327,2.769437099891317e-11,5/5,5/5,5/5
ENSG00000115935,WIPF1,C1,increasing,7,5,5,2,0.2752,3.5658202645653814e-05,5/5,5/5,2/5
ENSG00000116157,GPX7,C2,increasing,7,5,5,2,0.2537,4.44853110730604e-06,5/5,5/5,2/5
ENSG00000116704,SLC35D1,C5,decreasing,7,5,5,2,0.2689,1.6277781748602413e-05,5/5,5/5,2/5
ENSG00000116824,CD2,C1,increasing,7,5,5,5,0.3443,1.0675481941538107e-13,5/5,5/5,5/5
ENSG00000116833,NR5A2,C5,decreasing,7,5,5,5,0.3483,8.76698518107876e-09,5/5,5/5,5/5
ENSG00000117090,SLAMF1,C2,increasing,7,5,5,5,0.3021,1.042983076289548e-08,5/5,5/5,5/5
ENSG00000117122,MFAP2,C2,increasing,7,5,5,3,0.2914,3.1534259018868853e-09,5/5,5/5,3/5
ENSG00000117152,RGS4,C2,increasing,8,5,5,5,0.4152,1.6865919514591422e-10,5/5,5/5,5/5
ENSG00000117525,F3,C2,increasing,7,5,5,5,0.3833,2.529615647437582e-16,5/5,5/5,5/5
ENSG00000118523,CCN2,C2,increasing,7,5,5,2,0.2637,7.144562881088627e-07,5/5,5/5,2/5
ENSG00000119681,LTBP2,C2,increasing,8,5,5,5,0.4691,2.2798267075889858e-21,5/5,5/5,5/5
ENSG00000119699,TGFB3,C2,increasing,8,5,5,2,0.2772,3.0685246084264886e-07,5/5,5/5,2/5
ENSG00000119888,EPCAM,C2,increasing,7,5,5,5,0.3564,2.2612412329825263e-13,5/5,5/5,5/5
ENSG00000119927,GPAM,C5,decreasing,7,5,5,0,0.2024,0.00844240102307209,5/5,5/5,0/5
ENSG00000120057,SFRP5,C2,increasing,7,5,5,3,0.2975,2.0405529939089662e-08,5/5,5/5,3/5
ENSG00000120708,TGFBI,C1,increasing,7,5,5,5,0.3156,6.006789451547283e-06,5/5,5/5,5/5
ENSG00000120915,EPHX2,C5,decreasing,7,5,5,5,0.335,1.8157771411811206e-08,5/5,5/5,5/5
ENSG00000121152,NCAPH,C1,increasing,7,5,5,5,0.3504,1.034687286850478e-09,5/5,5/5,5/5
ENSG00000121691,CAT,C5,decreasing,7,5,5,5,0.3695,1.09465021563752e-09,5/5,5/5,5/5
ENSG00000121966,CXCR4,C2,increasing,8,5,5,5,0.4236,1.3504810920319367e-12,5/5,5/5,5/5
ENSG00000122176,FMOD,C2,increasing,7,5,5,5,0.3458,2.3763259865690386e-13,5/5,5/5,5/5
ENSG00000122194,PLG,C5,decreasing,7,5,5,5,0.315,1.924201482071786e-06,5/5,5/5,5/5
ENSG00000122694,GLIPR2,C1,increasing,7,5,5,5,0.3632,3.1833230005817107e-13,5/5,5/5,5/5
ENSG00000122787,AKR1D1,C5,decreasing,8,5,5,5,0.3232,8.540068853783073e-10,5/5,5/5,5/5
ENSG00000122861,PLAU,C2,increasing,8,5,5,5,0.4075,9.355310237791793e-14,5/5,5/5,5/5
ENSG00000122863,CHST3,C2,increasing,7,5,5,0,0.2298,1.2118556669993518e-05,5/5,5/5,0/5
ENSG00000122952,ZWINT,C3,increasing,7,5,5,5,0.3546,5.934300438675611e-09,5/5,5/5,5/5
ENSG00000123096,SSPN,C2,increasing,7,5,5,2,0.2515,4.872428471726277e-08,5/5,5/5,2/5
ENSG00000123329,ARHGAP9,C1,increasing,7,5,5,3,0.2951,1.2729051956048156e-08,5/5,5/5,3/5
ENSG00000123342,MMP19,C2,increasing,8,5,5,5,0.4086,2.1215072414647057e-16,5/5,5/5,5/5
ENSG00000124003,MOGAT1,C5,decreasing,7,5,5,2,0.1997,0.005238906360702269,5/5,5/5,2/5
ENSG00000124067,SLC12A4,C1,increasing,7,5,5,5,0.3326,1.5340268128561091e-13,5/5,5/5,5/5
ENSG00000124181,PLCG1,C1,increasing,7,5,5,2,0.2083,3.51628380122784e-08,5/5,5/5,2/5
ENSG00000124212,PTGIS,C2,increasing,7,5,5,5,0.3454,3.3352166606149386e-13,5/5,5/5,5/5
ENSG00000124225,PMEPA1,C2,increasing,7,5,5,2,0.242,2.370521358872835e-10,5/5,5/5,2/5
ENSG00000124491,F13A1,C2,increasing,7,5,5,5,0.3066,4.4232840459218117e-08,5/5,5/5,5/5
ENSG00000124713,GNMT,C5,decreasing,7,5,5,5,0.3396,6.505731128420179e-10,5/5,5/5,5/5
ENSG00000124762,CDKN1A,C1,increasing,8,5,5,5,0.432,7.399603944578394e-16,5/5,5/5,5/5
ENSG00000124766,SOX4,C2,increasing,7,5,5,5,0.4655,3.350691686739983e-18,5/5,5/5,5/5
ENSG00000124875,CXCL6,C2,increasing,8,5,5,5,0.4529,2.6150784043471424e-15,5/5,5/5,5/5
ENSG00000125398,SOX9,C2,increasing,8,5,5,5,0.4138,2.6238745876842143e-18,5/5,5/5,5/5
ENSG00000125810,CD93,C2,increasing,7,5,5,0,0.2325,0.0003197169423756912,5/5,5/5,0/5
ENSG00000126458,RRAS,C2,increasing,7,5,5,2,0.2444,5.102485630112466e-06,5/5,5/5,2/5
ENSG00000126603,GLIS2,C1,increasing,7,5,5,5,0.3737,2.455121440756332e-15,5/5,5/5,5/5
ENSG00000126803,HSPA2,C2,increasing,8,5,5,2,0.2958,4.971639310854414e-07,5/5,5/5,2/5
ENSG00000127472,PLA2G5,C2,increasing,7,5,5,3,0.2953,3.11477578638218e-08,5/5,5/5,3/5
ENSG00000127528,KLF2,C2,increasing,7,5,5,3,0.2772,2.6716387737198353e-05,5/5,5/5,3/5
ENSG00000128245,YWHAH,C1,increasing,7,5,5,5,0.3128,2.6982454314980777e-08,5/5,5/5,5/5
ENSG00000128298,BAIAP2L2,C2,increasing,7,5,5,2,0.2294,9.72281132013115e-05,5/5,5/5,2/5
ENSG00000128342,LIF,C2,increasing,8,5,5,5,0.4525,6.967761532080684e-17,5/5,5/5,5/5
ENSG00000129038,LOXL1,C2,increasing,8,5,5,5,0.4625,1.1549570859313704e-19,5/5,5/5,5/5
ENSG00000129151,BBOX1,C5,decreasing,7,5,5,0,0.209,0.0034124531571292317,5/5,5/5,0/5
ENSG00000129596,CDO1,C5,decreasing,7,5,5,3,0.2925,1.0086139098192378e-07,5/5,5/5,3/5
ENSG00000130300,PLVAP,C2,increasing,8,5,5,5,0.3002,6.826599370152182e-07,5/5,5/5,5/5
ENSG00000130513,GDF15,C2,increasing,7,5,5,3,0.2933,2.3962860635610956e-06,5/5,5/5,3/5
ENSG00000130592,LSP1,C1,increasing,7,5,5,3,0.2848,2.300709880732006e-10,5/5,5/5,3/5
ENSG00000130635,COL5A1,C1,increasing,8,5,5,5,0.4255,3.936861783811622e-20,5/5,5/5,5/5
ENSG00000130762,ARHGEF16,C1,increasing,7,5,5,5,0.3186,6.0340783948085365e-09,5/5,5/5,5/5
ENSG00000130827,PLXNA3,C2,increasing,7,5,5,0,0.1523,0.00023620346117858747,5/5,5/5,0/5
ENSG00000131080,EDA2R,C2,increasing,8,5,5,5,0.4495,4.048900903269196e-15,5/5,5/5,5/5
ENSG00000131389,SLC6A6,C1,increasing,7,5,5,5,0.3529,1.4109688985341982e-14,5/5,5/5,5/5
ENSG00000131634,TMEM204,C2,increasing,7,5,5,5,0.3536,3.56093464624401e-09,5/5,5/5,5/5
ENSG00000131711,MAP1B,C2,increasing,7,5,5,5,0.3194,4.6390627342703964e-08,5/5,5/5,5/5
ENSG00000131981,LGALS3,C2,increasing,8,5,5,5,0.4248,2.608987900312842e-15,5/5,5/5,5/5
ENSG00000132639,SNAP25,C1,increasing,7,5,5,5,0.3078,4.708335323935811e-08,5/5,5/5,5/5
ENSG00000132718,SYT11,C2,increasing,7,5,5,0,0.1093,0.0007211927176509337,5/5,5/5,0/5
ENSG00000132837,DMGDH,C5,decreasing,7,5,5,5,0.3139,2.8174238659764284e-07,5/5,5/5,5/5
ENSG00000133048,CHI3L1,C1,increasing,8,5,5,5,0.4201,8.481796364206223e-13,5/5,5/5,5/5
ENSG00000134240,HMGCS2,C5,decreasing,7,5,5,3,0.2863,8.139050312285207e-08,5/5,5/5,3/5
ENSG00000134365,CFHR4,C5,decreasing,8,5,5,2,0.266,2.6512820035317863e-06,5/5,5/5,2/5
ENSG00000134389,CFHR5,C5,decreasing,7,5,5,3,0.28,5.053042560217007e-09,5/5,5/5,3/5
ENSG00000134470,IL15RA,C2,increasing,7,5,5,0,0.2083,0.0003694087072059859,5/5,5/5,0/5
ENSG00000134574,DDB2,C1,increasing,7,5,5,5,0.3604,2.3683077352666297e-09,5/5,5/5,5/5
ENSG00000134716,CYP2J2,C5,decreasing,7,5,5,3,0.2843,1.2255330532458109e-07,5/5,5/5,3/5
ENSG00000134769,DTNA,C1,increasing,7,5,5,5,0.5183,2.7686043778434135e-21,5/5,5/5,5/5
ENSG00000134780,DAGLA,C2,increasing,8,5,5,5,0.3313,2.092682997025773e-12,5/5,5/5,5/5
ENSG00000134853,PDGFRA,C2,increasing,9,5,5,5,0.3816,2.8711550406314724e-13,5/5,5/5,5/5
ENSG00000134871,COL4A2,C2,increasing,8,5,5,5,0.3806,4.364473567253434e-15,5/5,5/5,5/5
ENSG00000134873,CLDN10,C2,increasing,7,5,5,2,0.2423,2.509554284338726e-06,5/5,5/5,2/5
ENSG00000135480,KRT7,C2,increasing,7,5,5,5,0.336,2.9346281046895182e-15,5/5,5/5,5/5
ENSG00000136114,THSD1,C2,increasing,7,5,5,0,0.1439,0.0052200775576362315,5/5,5/5,0/5
ENSG00000136167,LCP1,C1,increasing,7,5,5,2,0.1956,0.010898616133875619,5/5,5/5,2/5
ENSG00000136193,SCRN1,C2,increasing,7,5,5,3,0.2754,1.9337933099319043e-09,5/5,5/5,3/5
ENSG00000136235,GPNMB,C1,increasing,7,5,5,3,0.2894,2.0908866167494623e-07,5/5,5/5,3/5
ENSG00000136928,GABBR2,C2,increasing,7,5,4,0,0.0999,0.0897096556441196,5/5,4/5,0/5
ENSG00000136997,MYC,C2,increasing,9,5,5,5,0.3916,5.934623807114332e-11,5/5,5/5,5/5
ENSG00000137077,CCL21,C2,increasing,8,5,5,5,0.3823,7.035686708529218e-10,5/5,5/5,5/5
ENSG00000137331,IER3,C2,increasing,7,5,5,5,0.3208,4.1856044638601687e-10,5/5,5/5,5/5
ENSG00000137507,LRRC32,C2,increasing,7,5,5,5,0.3586,2.563076128439466e-12,5/5,5/5,5/5
ENSG00000137673,MMP7,C2,increasing,7,5,5,5,0.3673,3.648708879117652e-10,5/5,5/5,5/5
ENSG00000137731,FXYD2,C2,increasing,7,5,5,5,0.3239,1.6279270398195628e-08,5/5,5/5,5/5
ENSG00000137801,THBS1,C2,increasing,8,5,5,5,0.4206,1.3921753315123222e-15,5/5,5/5,5/5
ENSG00000138031,ADCY3,C2,increasing,7,5,5,0,0.1668,0.00012175089604332525,5/5,5/5,0/5
ENSG00000138115,CYP2C8,C5,decreasing,8,5,5,3,0.2768,2.5563273806411526e-07,5/5,5/5,3/5
ENSG00000138119,MYOF,C2,increasing,7,5,5,3,0.2955,7.337171005512332e-09,5/5,5/5,3/5
ENSG00000138131,LOXL4,C2,increasing,8,5,5,5,0.4705,2.825715193607367e-21,5/5,5/5,5/5
ENSG00000138135,CH25H,C2,increasing,7,5,5,5,0.405,7.131171557154247e-12,5/5,5/5,5/5
ENSG00000138623,SEMA7A,C2,increasing,8,5,5,5,0.3826,1.259698176725966e-13,5/5,5/5,5/5
ENSG00000138795,LEF1,C2,increasing,7,5,5,5,0.349,8.92056489497619e-10,5/5,5/5,5/5
ENSG00000138796,HADH,C5,decreasing,7,5,5,2,0.259,4.3525485464099985e-05,5/5,5/5,2/5
ENSG00000139174,PRICKLE1,C2,increasing,8,5,5,2,0.2465,9.999643812359953e-07,5/5,5/5,2/5
ENSG00000139209,SLC38A4,C5,decreasing,8,5,5,3,0.2915,1.5467091861388196e-09,5/5,5/5,3/5
ENSG00000139289,PHLDA1,C2,increasing,7,5,5,5,0.3301,8.025520180050188e-09,5/5,5/5,5/5
ENSG00000139329,LUM,C2,increasing,8,5,5,5,0.4569,1.2688633579536238e-17,5/5,5/5,5/5
ENSG00000139567,ACVRL1,C2,increasing,7,5,5,0,0.1555,0.0028798851093172137,5/5,5/5,0/5
ENSG00000139880,CDH24,C2,increasing,8,5,5,3,0.2617,3.506289929615041e-09,5/5,5/5,3/5
ENSG00000140092,FBLN5,C2,increasing,8,5,5,5,0.484,1.3465394100672221e-20,5/5,5/5,5/5
ENSG00000140379,BCL2A1,C1,increasing,7,5,5,3,0.2452,2.7968055824054393e-06,5/5,5/5,3/5
ENSG00000140678,ITGAX,C1,increasing,7,5,5,5,0.3595,6.609242543036229e-13,5/5,5/5,5/5
ENSG00000140835,CHST4,C2,increasing,7,5,5,3,0.2872,5.854066898110613e-09,5/5,5/5,3/5
ENSG00000140937,CDH11,C2,increasing,7,5,5,5,0.3024,3.648708879117652e-10,5/5,5/5,5/5
ENSG00000142168,SOD1,C5,decreasing,7,5,5,5,0.3088,2.2182887743959615e-09,5/5,5/5,5/5
ENSG00000142303,ADAMTS10,C1,increasing,7,5,5,5,0.3639,5.471763877210914e-19,5/5,5/5,5/5
ENSG00000142627,EPHA2,C2,increasing,7,5,5,3,0.2355,1.309001706622177e-07,5/5,5/5,3/5
ENSG00000142871,CCN1,C2,increasing,7,5,5,5,0.3088,3.5554662782409156e-07,5/5,5/5,5/5
ENSG00000143278,F13B,C5,decreasing,7,5,5,3,0.2673,4.2205841207346155e-08,5/5,5/5,3/5
ENSG00000144290,SLC4A10,C5,decreasing,7,5,4,0,0.1445,0.08579546181836285,5/5,4/5,0/5
ENSG00000145321,GC,C5,decreasing,7,5,5,2,0.2475,3.733317065146957e-05,5/5,5/5,2/5
ENSG00000145506,NKD2,C2,increasing,8,5,5,5,0.3468,2.406114496152502e-12,5/5,5/5,5/5
ENSG00000145623,OSMR,C2,increasing,7,5,5,5,0.3624,7.040587438159075e-08,5/5,5/5,5/5
ENSG00000145632,PLK2,C1,increasing,7,5,5,3,0.2971,2.364497933849359e-07,5/5,5/5,3/5
ENSG00000146038,DCDC2,C2,increasing,7,5,5,5,0.4155,1.6243951723647058e-15,5/5,5/5,5/5
ENSG00000146072,TNFRSF21,C2,increasing,8,5,5,5,0.3498,4.768860641638107e-11,5/5,5/5,5/5
ENSG00000146232,NFKBIE,C1,increasing,7,5,5,5,0.3127,1.7129250906210974e-10,5/5,5/5,5/5
ENSG00000146242,TPBG,C2,increasing,7,5,5,0,0.1598,0.012290778522668178,5/5,5/5,0/5
ENSG00000146477,SLC22A3,C5,decreasing,7,5,5,2,0.2576,0.00019417182433837537,5/5,5/5,2/5
ENSG00000147257,GPC3,C2,increasing,7,5,5,5,0.377,7.638727813084895e-10,5/5,5/5,5/5
ENSG00000147883,CDKN2B,C2,increasing,7,5,5,5,0.3402,6.086132767170315e-08,5/5,5/5,5/5
ENSG00000147889,CDKN2A,C2,increasing,7,5,5,5,0.3144,3.954454441263101e-07,5/5,5/5,5/5
ENSG00000148180,GSN,C2,increasing,8,5,5,5,0.452,1.9608466557926913e-17,5/5,5/5,5/5
ENSG00000148218,ALAD,C5,decreasing,7,5,5,0,0.1525,0.012968552753986447,5/5,5/5,0/5
ENSG00000148672,GLUD1,C5,decreasing,7,5,5,2,0.2853,9.315940113559596e-06,5/5,5/5,2/5
ENSG00000148680,HTR7,C3,increasing,7,5,5,5,0.3786,6.584456820195075e-12,5/5,5/5,5/5
ENSG00000149124,GLYAT,C5,decreasing,7,5,5,5,0.3384,4.3776174034483835e-10,5/5,5/5,5/5
ENSG00000149218,ENDOD1,C2,increasing,7,5,5,2,0.2614,7.21729594401099e-08,5/5,5/5,2/5
ENSG00000149256,TENM4,C2,increasing,7,5,5,2,0.2205,7.064134347994951e-06,5/5,5/5,2/5
ENSG00000149418,ST14,C2,increasing,8,5,5,5,0.3554,1.1540733017730735e-13,5/5,5/5,5/5
ENSG00000150347,ARID5B,C2,increasing,7,5,5,0,0.2186,0.00037009286014670547,5/5,5/5,0/5
ENSG00000150594,ADRA2A,C2,increasing,8,5,5,5,0.3849,4.94320012315787e-11,5/5,5/5,5/5
ENSG00000151067,CACNA1C,C2,increasing,9,5,5,3,0.2802,7.314986175615925e-12,5/5,5/5,3/5
ENSG00000151224,MAT1A,C5,decreasing,7,5,5,5,0.362,1.1549660179678848e-13,5/5,5/5,5/5
ENSG00000151365,THRSP,C5,decreasing,7,5,5,0,0.1773,0.004561602506670518,5/5,5/5,0/5
ENSG00000151726,ACSL1,C5,decreasing,7,5,5,3,0.2652,7.305279515182054e-07,5/5,5/5,3/5
ENSG00000152104,PTPN14,C2,increasing,7,5,5,0,0.1696,0.00010824588603036804,5/5,5/5,0/5
ENSG00000152784,PRDM8,C2,increasing,7,5,5,0,0.1317,0.003423564639394587,5/5,5/5,0/5
ENSG00000154080,CHST9,C1,increasing,8,5,5,5,0.4156,7.819033097197681e-12,5/5,5/5,5/5
ENSG00000154096,THY1,C2,increasing,8,5,5,5,0.4406,4.925104612906073e-17,5/5,5/5,5/5
ENSG00000154265,ABCA5,C5,decreasing,7,5,5,5,0.3043,4.405406754207673e-06,5/5,5/5,5/5
ENSG00000154269,ENPP3,C5,decreasing,7,5,5,3,0.261,5.365933872419612e-07,5/5,5/5,3/5
ENSG00000154654,NCAM2,C5,decreasing,7,5,5,5,0.4009,2.447239493766277e-12,5/5,5/5,5/5
ENSG00000155093,PTPRN2,C2,increasing,7,5,5,0,0.1879,0.0019554445122781233,5/5,5/5,0/5
ENSG00000155368,DBI,C5,decreasing,7,5,5,2,0.2244,0.0005370373965749279,5/5,5/5,2/5
ENSG00000156510,HKDC1,C2,increasing,8,5,5,5,0.3604,2.501651652750307e-13,5/5,5/5,5/5
ENSG00000156515,HK1,C2,increasing,7,5,5,2,0.1994,1.7538700957036033e-06,5/5,5/5,2/5
ENSG00000156675,RAB11FIP1,C2,increasing,7,5,5,0,0.1412,0.001482034490573139,5/5,5/5,0/5
ENSG00000157227,MMP14,C2,increasing,7,5,5,2,0.283,3.837675950215361e-09,5/5,5/5,2/5
ENSG00000157368,IL34,C2,increasing,7,5,5,3,0.2944,1.2361273095741726e-09,5/5,5/5,3/5
ENSG00000158106,RHPN1,C2,increasing,7,5,5,0,0.1688,0.00381220743659636,5/5,5/5,0/5
ENSG00000158258,CLSTN2,C2,increasing,7,5,5,5,0.3694,6.195875173674901e-11,5/5,5/5,5/5
ENSG00000159164,SV2A,C2,increasing,7,5,5,2,0.2479,4.1577898966964426e-08,5/5,5/5,2/5
ENSG00000159167,STC1,C2,increasing,8,5,5,5,0.3257,1.2625688275554212e-09,5/5,5/5,5/5
ENSG00000159314,ARHGAP27,C2,increasing,7,5,5,3,0.2557,2.881528423803434e-08,5/5,5/5,3/5
ENSG00000159388,BTG2,C2,increasing,7,5,5,5,0.3928,4.943910477328594e-14,5/5,5/5,5/5
ENSG00000159840,ZYX,C1,increasing,7,5,5,5,0.3209,4.0312851420461494e-09,5/5,5/5,5/5
ENSG00000160255,ITGB2,C1,increasing,7,5,5,5,0.3068,1.5062739083708256e-06,5/5,5/5,5/5
ENSG00000160339,FCN2,C5,decreasing,8,5,5,3,0.2909,1.2021492221895461e-05,5/5,5/5,3/5
ENSG00000160360,GPSM1,C2,increasing,7,5,5,0,0.2169,8.93699245576153e-05,5/5,5/5,0/5
ENSG00000161791,FMNL3,C1,increasing,8,5,5,5,0.342,1.1540733017730735e-13,5/5,5/5,5/5
ENSG00000162458,FBLIM1,C2,increasing,8,5,5,2,0.2712,1.9528496972371514e-10,5/5,5/5,2/5
ENSG00000162511,LAPTM5,C1,increasing,7,5,5,5,0.3172,2.4397821259858174e-07,5/5,5/5,5/5
ENSG00000162552,WNT4,C1,increasing,8,5,5,5,0.3858,6.914730625570944e-16,5/5,5/5,5/5
ENSG00000162676,GFI1,C2,increasing,7,5,5,0,0.1702,0.002421172225828907,5/5,5/5,0/5
ENSG00000162688,AGL,C5,decreasing,7,5,5,2,0.2865,2.8643869743654266e-06,5/5,5/5,2/5
ENSG00000162783,IER5,C1,increasing,7,5,5,5,0.404,1.253812405729475e-17,5/5,5/5,5/5
ENSG00000162882,HAAO,C5,decreasing,7,5,5,5,0.331,2.046015538124085e-11,5/5,5/5,5/5
ENSG00000162909,CAPN2,C2,increasing,8,5,5,5,0.3898,2.0815927025506742e-13,5/5,5/5,5/5
ENSG00000163132,MSX1,C1,increasing,7,5,5,2,0.2514,9.048752901235817e-05,5/5,5/5,2/5
ENSG00000163191,S100A11,C2,increasing,8,5,5,5,0.3318,1.8831600308663016e-08,5/5,5/5,5/5
ENSG00000163435,ELF3,C2,increasing,7,5,5,3,0.2996,3.038489259379247e-07,5/5,5/5,3/5
ENSG00000163453,IGFBP7,C2,increasing,8,5,5,5,0.3823,4.0507847015034683e-16,5/5,5/5,5/5
ENSG00000163520,FBLN2,C2,increasing,7,5,5,5,0.3111,2.484173657823159e-11,5/5,5/5,5/5
ENSG00000163531,NFASC,C1,increasing,8,5,5,5,0.4838,1.0045459925358722e-19,5/5,5/5,5/5
ENSG00000163600,ICOS,C2,increasing,8,5,5,5,0.3405,6.706736243063538e-13,5/5,5/5,5/5
ENSG00000163638,ADAMTS9,C2,increasing,7,5,5,2,0.2156,2.6697748612898107e-05,5/5,5/5,2/5
ENSG00000163661,PTX3,C2,increasing,7,5,3,0,0.1329,0.09446706647008431,5/5,3/5,0/5
ENSG00000163739,CXCL1,C2,increasing,8,5,5,5,0.4376,2.8800529858451267e-18,5/5,5/5,5/5
ENSG00000163874,ZC3H12A,C2,increasing,8,5,5,5,0.3614,1.2130733890210496e-13,5/5,5/5,5/5
ENSG00000163909,HEYL,C2,increasing,7,5,5,3,0.2758,3.913115545463731e-09,5/5,5/5,3/5
ENSG00000164078,MST1R,C2,increasing,7,5,5,2,0.2555,2.122295270974952e-08,5/5,5/5,2/5
ENSG00000164116,GUCY1A1,C1,increasing,7,5,5,3,0.2924,3.71914028942687e-07,5/5,5/5,3/5
ENSG00000164171,ITGA2,C2,increasing,8,5,5,2,0.2358,2.8268248060673825e-06,5/5,5/5,2/5
ENSG00000164237,CMBL,C5,decreasing,7,5,5,0,0.2165,0.0005465251275705109,5/5,5/5,0/5
ENSG00000164251,F2RL1,C1,increasing,7,5,5,5,0.3615,2.3486658676957457e-11,5/5,5/5,5/5
ENSG00000164318,EGFLAM,C5,decreasing,7,5,5,5,0.3921,3.7055472899885636e-13,5/5,5/5,5/5
ENSG00000164344,KLKB1,C5,decreasing,7,5,5,5,0.353,1.1777063632482685e-10,5/5,5/5,5/5
ENSG00000164687,FABP5,C3,increasing,7,5,5,5,0.3908,3.948446131186193e-12,5/5,5/5,5/5
ENSG00000164692,COL1A2,C1,increasing,8,5,5,5,0.4223,1.3790268554867514e-17,5/5,5/5,5/5
ENSG00000164742,ADCY1,C5,decreasing,8,5,5,5,0.3831,2.046015538124085e-11,5/5,5/5,5/5
ENSG00000164761,TNFRSF11B,C2,increasing,7,5,5,0,0.1781,0.0017101677632145142,5/5,5/5,0/5
ENSG00000164949,GEM,C2,increasing,8,5,5,5,0.4212,8.180806056166874e-19,5/5,5/5,5/5
ENSG00000165124,SVEP1,C2,increasing,7,5,5,5,0.3953,1.543403811344289e-15,5/5,5/5,5/5
ENSG00000165841,CYP2C19,C5,decreasing,8,5,5,5,0.4408,8.866912695558554e-19,5/5,5/5,5/5
ENSG00000166145,SPINT1,C2,increasing,8,5,5,5,0.363,8.115669101057085e-16,5/5,5/5,5/5
ENSG00000166165,CKB,C2,increasing,7,5,5,0,0.2509,7.878270415520528e-06,5/5,5/5,0/5
ENSG00000166482,MFAP4,C2,increasing,8,5,5,5,0.3957,2.981143061680239e-16,5/5,5/5,5/5
ENSG00000166592,RRAD,C2,increasing,8,5,5,5,0.3557,1.881584015270323e-12,5/5,5/5,5/5
ENSG00000166963,MAP1A,C2,increasing,7,5,5,5,0.4139,5.102574852258956e-13,5/5,5/5,5/5
ENSG00000167315,ACAA2,C5,decreasing,7,5,5,0,0.2695,2.6097357874989803e-05,5/5,5/5,0/5
ENSG00000167460,TPM4,C2,increasing,9,5,5,3,0.2917,2.1274111551573322e-07,5/5,5/5,3/5
ENSG00000167613,LAIR1,C1,increasing,7,5,5,3,0.285,1.7278192460791134e-08,5/5,5/5,3/5
ENSG00000167642,SPINT2,C2,increasing,7,5,5,3,0.2941,4.862796509215784e-10,5/5,5/5,3/5
ENSG00000168542,COL3A1,C1,increasing,8,5,5,5,0.3905,3.3499329592124357e-14,5/5,5/5,5/5
ENSG00000168743,NPNT,C2,increasing,7,5,5,2,0.2513,3.6025586167324928e-06,5/5,5/5,2/5
ENSG00000168961,LGALS9,C2,increasing,7,5,5,3,0.2481,1.2502124622088246e-05,5/5,5/5,3/5
ENSG00000169245,CXCL10,C1,increasing,7,5,5,5,0.3615,1.7912567828629715e-11,5/5,5/5,5/5
ENSG00000169429,CXCL8,C2,increasing,8,5,5,5,0.4833,1.5438449816415315e-19,5/5,5/5,5/5
ENSG00000169442,CD52,C1,increasing,7,5,5,5,0.3648,6.459752087250915e-11,5/5,5/5,5/5
ENSG00000169884,WNT10B,C2,increasing,7,5,5,0,0.1882,0.00010123043100277196,5/5,5/5,0/5
ENSG00000169896,ITGAM,C1,increasing,7,5,5,3,0.2746,1.5000387848755974e-07,5/5,5/5,3/5
ENSG00000169908,TM4SF1,C2,increasing,7,5,5,0,0.1447,0.008197093191491535,5/5,5/5,0/5
ENSG00000170381,SEMA3E,C2,increasing,7,5,5,0,0.2081,5.1538081978780115e-05,5/5,5/5,0/5
ENSG00000170542,SERPINB9,C2,increasing,7,5,5,5,0.3523,1.9836926460782614e-10,5/5,5/5,5/5
ENSG00000170962,PDGFD,C2,increasing,7,5,5,5,0.3125,3.648708879117652e-10,5/5,5/5,5/5
ENSG00000171223,JUNB,C2,increasing,7,5,5,2,0.2644,1.63025462328682e-05,5/5,5/5,2/5
ENSG00000171428,NAT1,C5,decreasing,7,5,5,3,0.269,6.730654869326822e-08,5/5,5/5,3/5
ENSG00000171621,SPSB1,C1,increasing,7,5,5,5,0.3915,1.5624788583437216e-11,5/5,5/5,5/5
ENSG00000171759,PAH,C5,decreasing,7,5,5,2,0.2479,9.591787854250632e-06,5/5,5/5,2/5
ENSG00000171766,GATM,C5,decreasing,7,5,5,2,0.2351,4.314603571349713e-05,5/5,5/5,2/5
ENSG00000171791,BCL2,C2,increasing,7,5,5,3,0.277,3.459361443512111e-08,5/5,5/5,3/5
ENSG00000171812,COL8A2,C2,increasing,7,5,5,5,0.3248,8.928892613982588e-13,5/5,5/5,5/5
ENSG00000171860,C3AR1,C1,increasing,7,5,5,5,0.3297,2.9774752131896414e-06,5/5,5/5,5/5
ENSG00000171903,CYP4F11,C5,decreasing,7,5,5,3,0.2955,6.145556123249542e-07,5/5,5/5,3/5
ENSG00000172201,ID4,C2,increasing,7,5,5,2,0.2635,1.7641099257116954e-07,5/5,5/5,2/5
ENSG00000172638,EFEMP2,C2,increasing,7,5,5,5,0.33,3.3949254722434826e-13,5/5,5/5,5/5
ENSG00000172667,ZMAT3,C1,increasing,8,5,5,5,0.4178,4.263908713622327e-17,5/5,5/5,5/5
ENSG00000172724,CCL19,C2,increasing,7,5,5,5,0.3287,3.4665871171954562e-09,5/5,5/5,5/5
ENSG00000172828,CES3,C5,decreasing,7,5,5,0,0.1861,0.023760656451964686,5/5,5/5,0/5
ENSG00000172955,ADH6,C5,decreasing,7,5,5,5,0.3046,1.8161992545714378e-08,5/5,5/5,5/5
ENSG00000173530,TNFRSF10D,C2,increasing,7,5,5,2,0.2729,0.00034393482839998766,5/5,5/5,2/5
ENSG00000173706,HEG1,C2,increasing,7,5,5,3,0.2907,1.7511669782997943e-08,5/5,5/5,3/5
ENSG00000173846,PLK3,C2,increasing,9,5,5,5,0.377,6.15864300795169e-14,5/5,5/5,5/5
ENSG00000174307,PHLDA3,C1,increasing,8,5,5,5,0.4243,1.5943044128354354e-15,5/5,5/5,5/5
ENSG00000174348,PODN,C2,increasing,7,5,5,5,0.4498,8.86516284673416e-23,5/5,5/5,5/5
ENSG00000175003,SLC22A1,C5,decreasing,7,5,4,0,0.1058,0.2589202677858277,5/5,4/5,0/5
ENSG00000176170,SPHK1,C2,increasing,7,5,5,5,0.3062,3.063004114159218e-13,5/5,5/5,5/5
ENSG00000176454,LPCAT4,C2,increasing,7,5,5,3,0.2366,1.909616796693097e-09,5/5,5/5,3/5
ENSG00000176890,TYMS,C3,increasing,7,5,5,5,0.3504,2.559480568603575e-09,5/5,5/5,5/5
ENSG00000176928,GCNT4,C2,increasing,7,5,5,5,0.3211,1.0840556193128821e-07,5/5,5/5,5/5
ENSG00000177606,JUN,C2,increasing,7,5,5,2,0.2922,1.232144177274714e-07,5/5,5/5,2/5
ENSG00000178726,THBD,C2,increasing,8,5,5,5,0.3418,1.3328952009880202e-11,5/5,5/5,5/5
ENSG00000179051,RCC2,C1,increasing,7,5,5,3,0.2941,5.458285467184851e-14,5/5,5/5,3/5
ENSG00000179348,GATA2,C2,increasing,7,5,5,0,0.1317,0.002700751794356635,5/5,5/5,0/5
ENSG00000179921,GPBAR1,C2,increasing,7,5,4,0,0.0899,0.09241913767245727,5/5,4/5,0/5
ENSG00000180210,F2,C4,decreasing,7,5,5,3,0.2807,2.1917126920787061e-07,5/5,5/5,3/5
ENSG00000180828,BHLHE22,C2,increasing,8,5,5,5,0.3734,2.9676951622038515e-09,5/5,5/5,5/5
ENSG00000181026,AEN,C1,increasing,8,5,5,5,0.4407,1.5746212445435547e-15,5/5,5/5,5/5
ENSG00000181192,DHTKD1,C5,decreasing,7,5,5,3,0.2715,5.323146065480353e-08,5/5,5/5,3/5
ENSG00000181467,RAP2B,C1,increasing,7,5,5,3,0.2972,1.1679447532374604e-08,5/5,5/5,3/5
ENSG00000182481,KPNA2,C1,increasing,7,5,5,5,0.3487,4.9980978073924915e-08,5/5,5/5,5/5
ENSG00000182541,LIMK2,C2,increasing,7,5,5,3,0.2895,8.32295267835842e-07,5/5,5/5,3/5
ENSG00000182718,ANXA2,C1,increasing,8,5,5,5,0.4602,3.920950947860318e-14,5/5,5/5,5/5
ENSG00000182752,PAPPA,C2,increasing,7,5,5,2,0.2114,1.8132754061326968e-06,5/5,5/5,2/5
ENSG00000183044,ABAT,C5,decreasing,7,5,5,5,0.3088,6.636001757573622e-08,5/5,5/5,5/5
ENSG00000183077,AFMID,C5,decreasing,7,5,5,2,0.2657,0.0016020194874430953,5/5,5/5,2/5
ENSG00000183496,MEX3B,C2,increasing,7,5,5,5,0.4816,4.704667141303022e-22,5/5,5/5,5/5
ENSG00000183549,ACSM5,C5,decreasing,7,5,5,3,0.2549,8.158254869861309e-08,5/5,5/5,3/5
ENSG00000183853,KIRREL1,C2,increasing,7,5,5,5,0.3393,1.3390066995029843e-14,5/5,5/5,5/5
ENSG00000183856,IQGAP3,C2,increasing,7,5,5,5,0.3675,1.0169982246239123e-11,5/5,5/5,5/5
ENSG00000183943,PRKX,C1,increasing,7,5,5,5,0.3202,9.567528021502478e-10,5/5,5/5,5/5
ENSG00000184384,MAML2,C2,increasing,7,5,5,0,0.2335,9.071636654846516e-06,5/5,5/5,0/5
ENSG00000184489,PTP4A3,C2,increasing,7,5,5,0,0.1798,0.0005057407468208813,5/5,5/5,0/5
ENSG00000184584,STING1,C2,increasing,7,5,5,5,0.3037,5.0429691155182526e-12,5/5,5/5,5/5
ENSG00000184916,JAG2,C2,increasing,7,5,5,2,0.2651,2.1564803258411582e-08,5/5,5/5,2/5
ENSG00000185215,TNFAIP2,C1,increasing,8,5,5,5,0.3083,3.05262411055181e-08,5/5,5/5,5/5
ENSG00000185338,SOCS1,C2,increasing,7,5,5,0,0.1184,0.011514340042363156,5/5,5/5,0/5
ENSG00000186340,THBS2,C2,increasing,8,5,5,5,0.4869,2.292358982837911e-22,5/5,5/5,5/5
ENSG00000186529,CYP4F3,C5,decreasing,8,5,5,5,0.3491,1.2274412741940033e-07,5/5,5/5,5/5
ENSG00000187097,ENTPD5,C5,decreasing,7,5,5,2,0.2237,0.0012003024623717705,5/5,5/5,2/5
ENSG00000187474,FPR3,C1,increasing,7,5,5,5,0.3046,3.101977757578005e-05,5/5,5/5,5/5
ENSG00000187498,COL4A1,C2,increasing,7,5,5,5,0.3618,9.69837869707574e-15,5/5,5/5,5/5
ENSG00000187554,TLR5,C2,increasing,7,5,5,3,0.2466,2.5298079321203544e-08,5/5,5/5,3/5
ENSG00000187634,SAMD11,C2,increasing,7,5,5,5,0.4339,5.026429892265023e-22,5/5,5/5,5/5
ENSG00000188641,DPYD,C5,decreasing,7,5,5,5,0.3044,3.0931372073997814e-09,5/5,5/5,5/5
ENSG00000189171,S100A13,C2,increasing,7,5,5,2,0.2696,1.773530845851929e-06,5/5,5/5,2/5
ENSG00000189292,ALKAL2,C2,increasing,8,5,5,2,0.2678,1.7455099948612193e-07,5/5,5/5,2/5
ENSG00000196177,ACADSB,C5,decreasing,8,5,5,5,0.4336,9.506714697062386e-17,5/5,5/5,5/5
ENSG00000196549,MME,C5,decreasing,8,5,5,5,0.3536,2.9210585043180354e-10,5/5,5/5,5/5
ENSG00000196562,SULF2,C1,increasing,7,5,5,5,0.3384,1.4682837394022281e-10,5/5,5/5,5/5
ENSG00000196711,ALKAL1,C2,increasing,7,5,5,2,0.2296,2.37805918012876e-06,5/5,5/5,2/5
ENSG00000196924,FLNA,C2,increasing,8,5,5,3,0.297,1.7980797489711958e-11,5/5,5/5,3/5
ENSG00000197122,SRC,C1,increasing,8,5,5,3,0.2939,2.4074594635723273e-10,5/5,5/5,3/5
ENSG00000197142,ACSL5,C5,decreasing,7,5,5,5,0.3037,2.360172190478678e-07,5/5,5/5,5/5
ENSG00000197461,PDGFA,C2,increasing,8,5,5,5,0.3809,2.8605409525540532e-18,5/5,5/5,5/5
ENSG00000197594,ENPP1,C5,decreasing,7,5,5,5,0.3146,7.732371378750304e-09,5/5,5/5,5/5
ENSG00000197859,ADAMTSL2,C1,increasing,8,5,5,5,0.4268,7.915500568993989e-20,5/5,5/5,5/5
ENSG00000197905,TEAD4,C2,increasing,7,5,5,0,0.1905,0.00019102428375651005,5/5,5/5,0/5
ENSG00000197965,MPZL1,C1,increasing,7,5,5,3,0.2733,2.2827094341042696e-05,5/5,5/5,3/5
ENSG00000198099,ADH4,C5,decreasing,7,5,5,2,0.2632,3.5861167361453764e-07,5/5,5/5,2/5
ENSG00000198542,ITGBL1,C2,increasing,8,5,5,5,0.4993,1.7523427011792213e-23,5/5,5/5,5/5
ENSG00000198721,ECI2,C5,decreasing,7,5,5,2,0.2684,2.2041073228427792e-05,5/5,5/5,2/5
ENSG00000198873,GRK5,C2,increasing,7,5,5,0,0.2036,0.0002552628766492014,5/5,5/5,0/5
ENSG00000203805,PLPP4,C1,increasing,8,5,5,5,0.4038,6.328224328772656e-16,5/5,5/5,5/5
ENSG00000205981,DNAJC19,C5,decreasing,7,5,5,5,0.3415,5.804191726274242e-08,5/5,5/5,5/5
ENSG00000211445,GPX3,C2,increasing,7,5,5,5,0.3125,1.1174905849788863e-09,5/5,5/5,5/5
ENSG00000213626,LBH,C2,increasing,7,5,5,5,0.3329,1.1223594794661916e-11,5/5,5/5,5/5
ENSG00000213886,UBD,C1,increasing,7,5,5,5,0.4176,2.454169421201369e-16,5/5,5/5,5/5
ENSG00000213977,TAX1BP3,C2,increasing,9,5,5,5,0.3365,7.199362373088409e-10,5/5,5/5,5/5
ENSG00000240583,AQP1,C2,increasing,7,5,5,5,0.3803,2.6627452909730097e-12,5/5,5/5,5/5
ENSG00000258227,CLEC5A,C2,increasing,7,5,5,2,0.2358,1.334007208456975e-05,5/5,5/5,2/5
