sample_id,dataset_id,fibrosis_stage,disease_group,disease_provenance,fibrosis_stage_raw,disease_group_raw
GSM3615293,GSE126848,,NAFL,stated,,NAFLD
GSM3615294,GSE126848,,NAFL,stated,,NAFLD
GSM3615295,GSE126848,,NAFL,stated,,NAFLD
GSM3615296,GSE126848,,NAFL,stated,,NAFLD
GSM3615297,GSE126848,,NAFL,stated,,NAFLD
GSM3615298,GSE126848,,NAFL,stated,,NAFLD
GSM3615299,GSE126848,,NAFL,stated,,NAFLD
GSM3615300,GSE126848,,NAFL,stated,,NAFLD
GSM3615301,GSE126848,,NAFL,stated,,NAFLD
GSM3615302,GSE126848,,NAFL,stated,,NAFLD
GSM3615303,GSE126848,,NAFL,stated,,NAFLD
GSM3615304,GSE126848,,NAFL,stated,,NAFLD
GSM3615305,GSE126848,,NAFL,stated,,NAFLD
GSM3615306,GSE126848,,NAFL,stated,,NAFLD
GSM3615307,GSE126848,,NAFL,stated,,NAFLD
GSM3615308,GSE126848,,NASH,stated,,NASH
GSM3615309,GSE126848,,NASH,stated,,NASH
GSM3615310,GSE126848,,NASH,stated,,NASH
GSM3615311,GSE126848,,NASH,stated,,NASH
GSM3615312,GSE126848,,NASH,stated,,NASH
GSM3615313,GSE126848,,NASH,stated,,NASH
GSM3615314,GSE126848,,NASH,stated,,NASH
GSM3615315,GSE126848,,NASH,stated,,NASH
GSM3615316,GSE126848,,NASH,stated,,NASH
GSM3615317,GSE126848,,NASH,stated,,NASH
GSM3615318,GSE126848,,NASH,stated,,NASH
GSM3615319,GSE126848,,NASH,stated,,NASH
GSM3615320,GSE126848,,NASH,stated,,NASH
GSM3615321,GSE126848,,NASH,stated,,NASH
GSM3615322,GSE126848,,NASH,stated,,NASH
GSM3615323,GSE126848,,NASH,stated,,NASH
GSM3615324,GSE126848,,control,stated,,healthy
GSM3615325,GSE126848,,control,stated,,healthy
GSM3615326,GSE126848,,control,stated,,healthy
GSM3615327,GSE126848,,control,stated,,healthy
GSM3615328,GSE126848,,control,stated,,healthy
GSM3615329,GSE126848,,control,stated,,healthy
GSM3615330,GSE126848,,control,stated,,healthy
GSM3615331,GSE126848,,control,stated,,healthy
GSM3615332,GSE126848,,control,stated,,healthy
GSM3615333,GSE126848,,control,stated,,healthy
GSM3615334,GSE126848,,control,stated,,healthy
GSM3615335,GSE126848,,control,stated,,healthy
GSM3615336,GSE126848,,control,stated,,healthy
GSM3615337,GSE126848,,control,stated,,healthy
GSM3615338,GSE126848,,obese,stated,,obese
GSM3615339,GSE126848,,obese,stated,,obese
GSM3615340,GSE126848,,obese,stated,,obese
GSM3615341,GSE126848,,obese,stated,,obese
GSM3615342,GSE126848,,obese,stated,,obese
GSM3615343,GSE126848,,obese,stated,,obese
GSM3615344,GSE126848,,obese,stated,,obese
GSM3615345,GSE126848,,obese,stated,,obese
GSM3615346,GSE126848,,obese,stated,,obese
GSM3615347,GSE126848,,obese,stated,,obese
GSM3615348,GSE126848,,obese,stated,,obese
GSM3615349,GSE126848,,obese,stated,,obese
GSM3758005,GSE130970,3,NASH,derived_from_histology,3,
GSM3758006,GSE130970,3,NASH,derived_from_histology,3,
GSM3758007,GSE130970,3,NASH,derived_from_histology,3,
GSM3758008,GSE130970,3,NASH,derived_from_histology,3,
GSM3758009,GSE130970,3,NASH,derived_from_histology,3,
GSM3758010,GSE130970,3,NASH,derived_from_histology,3,
GSM3758011,GSE130970,3,NASH,derived_from_histology,3,
GSM3758012,GSE130970,3,NASH,derived_from_histology,3,
GSM3758013,GSE130970,3,NASH,derived_from_histology,3,
GSM3758014,GSE130970,3,NASH,derived_from_histology,3,
GSM3758015,GSE130970,3,NASH,derived_from_histology,3,
GSM3758016,GSE130970,2,NASH,derived_from_histology,2,
GSM3758017,GSE130970,1,NASH,derived_from_histology,1,
GSM3758018,GSE130970,2,NASH,derived_from_histology,2,
GSM3758019,GSE130970,2,NASH,derived_from_histology,2,
GSM3758020,GSE130970,2,NAFL,derived_from_histology,2,
GSM3758021,GSE130970,2,NASH,derived_from_histology,2,
GSM3758022,GSE130970,1,NASH,derived_from_histology,1,
GSM3758023,GSE130970,1,NAFL,derived_from_histology,1,
GSM3758024,GSE130970,2,NASH,derived_from_histology,2,
GSM3758025,GSE130970,1,NASH,derived_from_histology,1,
GSM3758026,GSE130970,2,NASH,derived_from_histology,2,
GSM3758027,GSE130970,1,NAFL,derived_from_histology,1,
GSM3758028,GSE130970,2,control,derived_from_histology,2,
GSM3758029,GSE130970,1,NAFL,derived_from_histology,1,
GSM3758030,GSE130970,2,NASH,derived_from_histology,2,
GSM3758031,GSE130970,3,NASH,derived_from_histology,3,
GSM3758032,GSE130970,3,NASH,derived_from_histology,3,
GSM3758033,GSE130970,4,NAFL,derived_from_histology,4,
GSM3758034,GSE130970,4,NASH,derived_from_histology,4,
GSM3758035,GSE130970,0,NASH,derived_from_histology,0,
GSM3758036,GSE130970,1,NASH,derived_from_histology,1,
GSM3758037,GSE130970,0,NASH,derived_from_histology,0,
GSM3758038,GSE130970,1,NASH,derived_from_histology,1,
GSM3758039,GSE130970,0,control,derived_from_histology,0,
GSM3758040,GSE130970,1,NASH,derived_from_histology,1,
GSM3758041,GSE130970,0,NAFL,derived_from_histology,0,
GSM3758042,GSE130970,0,NAFL,derived_from_histology,0,
GSM3758043,GSE130970,0,NAFL,derived_from_histology,0,
GSM3758044,GSE130970,0,NAFL,derived_from_histology,0,
GSM3758045,GSE130970,0,NAFL,derived_from_histology,0,
GSM3758046,GSE130970,0,NASH,derived_from_histology,0,
GSM3758047,GSE130970,0,NASH,derived_from_histology,0,
GSM3758048,GSE130970,0,NAFL,derived_from_histology,0,
GSM3758049,GSE130970,0,NASH,derived_from_histology,0,
GSM3758050,GSE130970,0,NAFL,derived_from_histology,0,
GSM3758051,GSE130970,0,NAFL,derived_from_histology,0,
GSM3758052,GSE130970,0,NAFL,derived_from_histology,0,
GSM3758053,GSE130970,0,NAFL,derived_from_histology,0,
GSM3758054,GSE130970,0,NAFL,derived_from_histology,0,
GSM3758055,GSE130970,0,NAFL,derived_from_histology,0,
GSM3758056,GSE130970,0,NAFL,derived_from_histology,0,
GSM3758057,GSE130970,1,NASH,derived_from_histology,1,
GSM3758058,GSE130970,1,NASH,derived_from_histology,1,
GSM3758059,GSE130970,1,NASH,derived_from_histology,1,
GSM3758060,GSE130970,1,NASH,derived_from_histology,1,
GSM3758061,GSE130970,1,NAFL,derived_from_histology,1,
GSM3758062,GSE130970,1,NASH,derived_from_histology,1,
GSM3758063,GSE130970,1,NAFL,derived_from_histology,1,
GSM3758064,GSE130970,1,NAFL,derived_from_histology,1,
GSM3758065,GSE130970,1,NASH,derived_from_histology,1,
GSM3758066,GSE130970,1,NASH,derived_from_histology,1,
GSM3758067,GSE130970,1,NAFL,derived_from_histology,1,
GSM3758068,GSE130970,1,NASH,derived_from_histology,1,
GSM3758069,GSE130970,1,NASH,derived_from_histology,1,
GSM3758070,GSE130970,1,NASH,derived_from_histology,1,
GSM3758071,GSE130970,1,NAFL,derived_from_histology,1,
GSM3758072,GSE130970,1,NASH,derived_from_histology,1,
GSM3758073,GSE130970,0,control,derived_from_histology,0,
GSM3758074,GSE130970,0,control,derived_from_histology,0,
GSM3758075,GSE130970,0,control,derived_from_histology,0,
GSM3758076,GSE130970,0,control,derived_from_histology,0,
GSM3758077,GSE130970,0,control,derived_from_histology,0,
GSM3758078,GSE130970,3,NASH,derived_from_histology,3,
GSM3758079,GSE130970,1,NASH,derived_from_histology,1,
GSM3758080,GSE130970,1,NASH,derived_from_histology,1,
GSM3758081,GSE130970,1,NASH,derived_from_histology,1,
GSM3758082,GSE130970,0,control,derived_from_histology,0,
GSM3998167,GSE135251,2,NAFLD,severity_band_to_spectrum,2,early
GSM3998168,GSE135251,3,NAFLD,severity_band_to_spectrum,3,moderate
GSM3998169,GSE135251,2,NAFLD,severity_band_to_spectrum,2,early
GSM3998170,GSE135251,3,NAFLD,severity_band_to_spectrum,3,moderate
GSM3998171,GSE135251,0,NAFLD,severity_band_to_spectrum,0,early
GSM3998172,GSE135251,1,NAFLD,severity_band_to_spectrum,1,early
GSM3998173,GSE135251,3,NAFLD,severity_band_to_spectrum,3,moderate
GSM3998174,GSE135251,2,NAFLD,severity_band_to_spectrum,2,early
GSM3998175,GSE135251,0,NAFLD,severity_band_to_spectrum,0,early
GSM3998176,GSE135251,2,NAFLD,severity_band_to_spectrum,2,early
GSM3998177,GSE135251,1,NAFLD,severity_band_to_spectrum,1,early
GSM3998178,GSE135251,2,NAFLD,severity_band_to_spectrum,2,early
GSM3998179,GSE135251,3,NAFLD,severity_band_to_spectrum,3,moderate
GSM3998180,GSE135251,2,NAFLD,severity_band_to_spectrum,2,early
GSM3998181,GSE135251,1,NAFLD,severity_band_to_spectrum,1,early
GSM3998182,GSE135251,2,NAFLD,severity_band_to_spectrum,2,early
GSM3998183,GSE135251,1,NAFLD,severity_band_to_spectrum,1,early
GSM3998184,GSE135251,2,NAFLD,severity_band_to_spectrum,2,early
GSM3998185,GSE135251,3,NAFLD,severity_band_to_spectrum,3,moderate
GSM3998186,GSE135251,2,NAFLD,severity_band_to_spectrum,2,early
GSM3998187,GSE135251,2,NAFLD,severity_band_to_spectrum,2,early
GSM3998188,GSE135251,3,NAFLD,severity_band_to_spectrum,3,moderate
GSM3998189,GSE135251,0,NAFLD,severity_band_to_spectrum,0,early
GSM3998190,GSE135251,3,NAFLD,severity_band_to_spectrum,3,moderate
GSM3998191,GSE135251,4,NAFLD,severity_band_to_spectrum,4,moderate
GSM3998192,GSE135251,1,NAFLD,severity_band_to_spectrum,1,early
GSM3998193,GSE135251,3,NAFLD,severity_band_to_spectrum,3,moderate
GSM3998194,GSE135251,1,NAFLD,severity_band_to_spectrum,1,early
GSM3998195,GSE135251,3,NAFLD,severity_band_to_spectrum,3,moderate
GSM3998196,GSE135251,1,NAFLD,severity_band_to_spectrum,1,early
GSM3998197,GSE135251,1,NAFLD,severity_band_to_spectrum,1,early
GSM3998198,GSE135251,1,NAFLD,severity_band_to_spectrum,1,early
GSM3998199,GSE135251,2,NAFLD,severity_band_to_spectrum,2,early
GSM3998200,GSE135251,3,NAFLD,severity_band_to_spectrum,3,moderate
GSM3998201,GSE135251,4,NAFLD,severity_band_to_spectrum,4,moderate
GSM3998202,GSE135251,0,NAFLD,severity_band_to_spectrum,0,early
GSM3998203,GSE135251,3,NAFLD,severity_band_to_spectrum,3,moderate
GSM3998204,GSE135251,1,NAFLD,severity_band_to_spectrum,1,early
GSM3998205,GSE135251,1,NAFLD,severity_band_to_spectrum,1,early
GSM3998206,GSE135251,0,NAFLD,severity_band_to_spectrum,0,early
GSM3998207,GSE135251,3,NAFLD,severity_band_to_spectrum,3,moderate
GSM3998208,GSE135251,4,NAFLD,severity_band_to_spectrum,4,moderate
GSM3998209,GSE135251,3,NAFLD,severity_band_to_spectrum,3,moderate
GSM3998210,GSE135251,3,NAFLD,severity_band_to_spectrum,3,moderate
GSM3998211,GSE135251,2,NAFLD,severity_band_to_spectrum,2,early
GSM3998212,GSE135251,1,NAFLD,severity_band_to_spectrum,1,early
GSM3998213,GSE135251,0,NAFLD,severity_band_to_spectrum,0,early
GSM3998214,GSE135251,4,NAFLD,severity_band_to_spectrum,4,moderate
GSM3998215,GSE135251,2,NAFLD,severity_band_to_spectrum,2,early
GSM3998216,GSE135251,0,control,stated,0,control
GSM3998217,GSE135251,0,control,stated,0,control
GSM3998218,GSE135251,0,control,stated,0,control
GSM3998219,GSE135251,0,NAFLD,severity_band_to_spectrum,0,early
GSM3998220,GSE135251,0,control,stated,0,control
GSM3998221,GSE135251,0,control,stated,0,control
GSM3998222,GSE135251,0,control,stated,0,control
GSM3998223,GSE135251,0,control,stated,0,control
GSM3998224,GSE135251,1,control,stated,1,control
GSM3998225,GSE135251,3,NAFLD,severity_band_to_spectrum,3,moderate
GSM3998226,GSE135251,4,NAFLD,severity_band_to_spectrum,4,moderate
GSM3998227,GSE135251,4,NAFLD,severity_band_to_spectrum,4,moderate
GSM3998228,GSE135251,1,NAFLD,severity_band_to_spectrum,1,early
GSM3998229,GSE135251,3,NAFLD,severity_band_to_spectrum,3,moderate
GSM3998230,GSE135251,4,NAFLD,severity_band_to_spectrum,4,moderate
GSM3998231,GSE135251,1,NAFLD,severity_band_to_spectrum,1,early
GSM3998232,GSE135251,1,NAFLD,severity_band_to_spectrum,1,early
GSM3998233,GSE135251,3,NAFLD,severity_band_to_spectrum,3,moderate
GSM3998234,GSE135251,1,NAFLD,severity_band_to_spectrum,1,early
GSM3998235,GSE135251,2,NAFLD,severity_band_to_spectrum,2,early
GSM3998236,GSE135251,1,NAFLD,severity_band_to_spectrum,1,early
GSM3998237,GSE135251,2,NAFLD,severity_band_to_spectrum,2,early
GSM3998238,GSE135251,2,NAFLD,severity_band_to_spectrum,2,early
GSM3998239,GSE135251,3,NAFLD,severity_band_to_spectrum,3,moderate
GSM3998240,GSE135251,2,NAFLD,severity_band_to_spectrum,2,early
GSM3998241,GSE135251,3,NAFLD,severity_band_to_spectrum,3,moderate
GSM3998242,GSE135251,4,NAFLD,severity_band_to_spectrum,4,moderate
GSM3998243,GSE135251,2,NAFLD,severity_band_to_spectrum,2,early
GSM3998244,GSE135251,0,NAFLD,severity_band_to_spectrum,0,early
GSM3998245,GSE135251,2,NAFLD,severity_band_to_spectrum,2,early
GSM3998246,GSE135251,2,NAFLD,severity_band_to_spectrum,2,early
GSM3998247,GSE135251,0,NAFLD,severity_band_to_spectrum,0,early
GSM3998248,GSE135251,2,NAFLD,severity_band_to_spectrum,2,early
GSM3998249,GSE135251,0,NAFLD,severity_band_to_spectrum,0,early
GSM3998250,GSE135251,4,NAFLD,severity_band_to_spectrum,4,moderate
GSM3998251,GSE135251,3,NAFLD,severity_band_to_spectrum,3,moderate
GSM3998252,GSE135251,2,NAFLD,severity_band_to_spectrum,2,early
GSM3998253,GSE135251,3,NAFLD,severity_band_to_spectrum,3,moderate
GSM3998254,GSE135251,0,NAFLD,severity_band_to_spectrum,0,early
GSM3998255,GSE135251,1,NAFLD,severity_band_to_spectrum,1,early
GSM3998256,GSE135251,2,NAFLD,severity_band_to_spectrum,2,early
GSM3998257,GSE135251,2,NAFLD,severity_band_to_spectrum,2,early
GSM3998258,GSE135251,4,NAFLD,severity_band_to_spectrum,4,moderate
GSM3998259,GSE135251,2,NAFLD,severity_band_to_spectrum,2,early
GSM3998260,GSE135251,2,NAFLD,severity_band_to_spectrum,2,early
GSM3998261,GSE135251,3,NAFLD,severity_band_to_spectrum,3,moderate
GSM3998262,GSE135251,3,NAFLD,severity_band_to_spectrum,3,moderate
GSM3998263,GSE135251,2,NAFLD,severity_band_to_spectrum,2,early
GSM3998264,GSE135251,2,NAFLD,severity_band_to_spectrum,2,early
GSM3998265,GSE135251,3,NAFLD,severity_band_to_spectrum,3,moderate
GSM3998266,GSE135251,0,NAFLD,severity_band_to_spectrum,0,early
GSM3998267,GSE135251,0,NAFLD,severity_band_to_spectrum,0,early
GSM3998268,GSE135251,3,NAFLD,severity_band_to_spectrum,3,moderate
GSM3998269,GSE135251,2,NAFLD,severity_band_to_spectrum,2,early
GSM3998270,GSE135251,0,NAFLD,severity_band_to_spectrum,0,early
GSM3998271,GSE135251,1,NAFLD,severity_band_to_spectrum,1,early
GSM3998272,GSE135251,0,NAFLD,severity_band_to_spectrum,0,early
GSM3998273,GSE135251,1,NAFLD,severity_band_to_spectrum,1,early
GSM3998274,GSE135251,3,NAFLD,severity_band_to_spectrum,3,moderate
GSM3998275,GSE135251,4,NAFLD,severity_band_to_spectrum,4,moderate
GSM3998276,GSE135251,0,NAFLD,severity_band_to_spectrum,0,early
GSM3998277,GSE135251,2,NAFLD,severity_band_to_spectrum,2,early
GSM3998278,GSE135251,2,NAFLD,severity_band_to_spectrum,2,early
GSM3998279,GSE135251,1,NAFLD,severity_band_to_spectrum,1,early
GSM3998280,GSE135251,3,NAFLD,severity_band_to_spectrum,3,moderate
GSM3998281,GSE135251,0,NAFLD,severity_band_to_spectrum,0,early
GSM3998282,GSE135251,3,NAFLD,severity_band_to_spectrum,3,moderate
GSM3998283,GSE135251,1,NAFLD,severity_band_to_spectrum,1,early
GSM3998284,GSE135251,2,NAFLD,severity_band_to_spectrum,2,early
GSM3998285,GSE135251,4,NAFLD,severity_band_to_spectrum,4,moderate
GSM3998286,GSE135251,0,NAFLD,severity_band_to_spectrum,0,early
GSM3998287,GSE135251,2,NAFLD,severity_band_to_spectrum,2,early
GSM3998288,GSE135251,0,NAFLD,severity_band_to_spectrum,0,early
GSM3998289,GSE135251,0,NAFLD,severity_band_to_spectrum,0,early
GSM3998290,GSE135251,0,NAFLD,severity_band_to_spectrum,0,early
GSM3998291,GSE135251,1,NAFLD,severity_band_to_spectrum,1,early
GSM3998292,GSE135251,1,NAFLD,severity_band_to_spectrum,1,early
GSM3998293,GSE135251,0,NAFLD,severity_band_to_spectrum,0,early
GSM3998294,GSE135251,1,NAFLD,severity_band_to_spectrum,1,early
GSM3998295,GSE135251,1,NAFLD,severity_band_to_spectrum,1,early
GSM3998296,GSE135251,1,NAFLD,severity_band_to_spectrum,1,early
GSM3998297,GSE135251,2,NAFLD,severity_band_to_spectrum,2,early
GSM3998298,GSE135251,3,NAFLD,severity_band_to_spectrum,3,moderate
GSM3998299,GSE135251,2,NAFLD,severity_band_to_spectrum,2,early
GSM3998300,GSE135251,1,NAFLD,severity_band_to_spectrum,1,early
GSM3998301,GSE135251,3,NAFLD,severity_band_to_spectrum,3,moderate
GSM3998302,GSE135251,1,NAFLD,severity_band_to_spectrum,1,early
GSM3998303,GSE135251,0,NAFLD,severity_band_to_spectrum,0,early
GSM3998304,GSE135251,0,NAFLD,severity_band_to_spectrum,0,early
GSM3998305,GSE135251,0,NAFLD,severity_band_to_spectrum,0,early
GSM3998306,GSE135251,1,NAFLD,severity_band_to_spectrum,1,early
GSM3998307,GSE135251,0,NAFLD,severity_band_to_spectrum,0,early
GSM3998308,GSE135251,3,NAFLD,severity_band_to_spectrum,3,moderate
GSM3998309,GSE135251,3,NAFLD,severity_band_to_spectrum,3,moderate
GSM3998310,GSE135251,1,NAFLD,severity_band_to_spectrum,1,early
GSM3998311,GSE135251,1,NAFLD,severity_band_to_spectrum,1,early
GSM3998312,GSE135251,2,NAFLD,severity_band_to_spectrum,2,early
GSM3998313,GSE135251,2,NAFLD,severity_band_to_spectrum,2,early
GSM3998314,GSE135251,3,NAFLD,severity_band_to_spectrum,3,moderate
GSM3998315,GSE135251,1,NAFLD,severity_band_to_spectrum,1,early
GSM3998316,GSE135251,1,NAFLD,severity_band_to_spectrum,1,early
GSM3998317,GSE135251,1,NAFLD,severity_band_to_spectrum,1,early
GSM3998318,GSE135251,2,NAFLD,severity_band_to_spectrum,2,early
GSM3998319,GSE135251,3,NAFLD,severity_band_to_spectrum,3,moderate
GSM3998320,GSE135251,1,NAFLD,severity_band_to_spectrum,1,early
GSM3998321,GSE135251,0,NAFLD,severity_band_to_spectrum,0,early
GSM3998322,GSE135251,3,NAFLD,severity_band_to_spectrum,3,moderate
GSM3998323,GSE135251,0,NAFLD,severity_band_to_spectrum,0,early
GSM3998324,GSE135251,3,NAFLD,severity_band_to_spectrum,3,moderate
GSM3998325,GSE135251,0,NAFLD,severity_band_to_spectrum,0,early
GSM3998326,GSE135251,0,NAFLD,severity_band_to_spectrum,0,early
GSM3998327,GSE135251,3,NAFLD,severity_band_to_spectrum,3,moderate
GSM3998328,GSE135251,3,NAFLD,severity_band_to_spectrum,3,moderate
GSM3998329,GSE135251,3,NAFLD,severity_band_to_spectrum,3,moderate
GSM3998330,GSE135251,3,NAFLD,severity_band_to_spectrum,3,moderate
GSM3998331,GSE135251,1,NAFLD,severity_band_to_spectrum,1,early
GSM3998332,GSE135251,4,NAFLD,severity_band_to_spectrum,4,moderate
GSM3998333,GSE135251,3,NAFLD,severity_band_to_spectrum,3,moderate
GSM3998334,GSE135251,3,NAFLD,severity_band_to_spectrum,3,moderate
GSM3998335,GSE135251,2,NAFLD,severity_band_to_spectrum,2,early
GSM3998336,GSE135251,0,NAFLD,severity_band_to_spectrum,0,early
GSM3998337,GSE135251,2,NAFLD,severity_band_to_spectrum,2,early
GSM3998338,GSE135251,3,NAFLD,severity_band_to_spectrum,3,moderate
GSM3998339,GSE135251,0,NAFLD,severity_band_to_spectrum,0,early
GSM3998340,GSE135251,3,NAFLD,severity_band_to_spectrum,3,moderate
GSM3998341,GSE135251,2,control,stated,2,control
GSM3998342,GSE135251,0,control,stated,0,control
GSM3998343,GSE135251,2,NAFLD,severity_band_to_spectrum,2,early
GSM3998344,GSE135251,1,NAFLD,severity_band_to_spectrum,1,early
GSM3998345,GSE135251,0,NAFLD,severity_band_to_spectrum,0,early
GSM3998346,GSE135251,0,NAFLD,severity_band_to_spectrum,0,early
GSM3998347,GSE135251,2,NAFLD,severity_band_to_spectrum,2,early
GSM3998348,GSE135251,2,NAFLD,severity_band_to_spectrum,2,early
GSM3998349,GSE135251,0,NAFLD,severity_band_to_spectrum,0,early
GSM3998350,GSE135251,2,NAFLD,severity_band_to_spectrum,2,early
GSM3998351,GSE135251,1,NAFLD,severity_band_to_spectrum,1,early
GSM3998352,GSE135251,1,NAFLD,severity_band_to_spectrum,1,early
GSM3998353,GSE135251,0,NAFLD,severity_band_to_spectrum,0,early
GSM3998354,GSE135251,3,NAFLD,severity_band_to_spectrum,3,moderate
GSM3998355,GSE135251,2,NAFLD,severity_band_to_spectrum,2,early
GSM3998356,GSE135251,2,NAFLD,severity_band_to_spectrum,2,early
GSM3998357,GSE135251,1,NAFLD,severity_band_to_spectrum,1,early
GSM3998358,GSE135251,1,NAFLD,severity_band_to_spectrum,1,early
GSM3998359,GSE135251,4,NAFLD,severity_band_to_spectrum,4,moderate
GSM3998360,GSE135251,2,NAFLD,severity_band_to_spectrum,2,early
GSM3998361,GSE135251,0,NAFLD,severity_band_to_spectrum,0,early
GSM3998362,GSE135251,2,NAFLD,severity_band_to_spectrum,2,early
GSM3998363,GSE135251,1,NAFLD,severity_band_to_spectrum,1,early
GSM3998364,GSE135251,3,NAFLD,severity_band_to_spectrum,3,moderate
GSM3998365,GSE135251,3,NAFLD,severity_band_to_spectrum,3,moderate
GSM3998366,GSE135251,0,NAFLD,severity_band_to_spectrum,0,early
GSM3998367,GSE135251,1,NAFLD,severity_band_to_spectrum,1,early
GSM3998368,GSE135251,2,NAFLD,severity_band_to_spectrum,2,early
GSM3998369,GSE135251,3,NAFLD,severity_band_to_spectrum,3,moderate
GSM3998370,GSE135251,2,NAFLD,severity_band_to_spectrum,2,early
GSM3998371,GSE135251,2,NAFLD,severity_band_to_spectrum,2,early
GSM3998372,GSE135251,3,NAFLD,severity_band_to_spectrum,3,moderate
GSM3998373,GSE135251,3,NAFLD,severity_band_to_spectrum,3,moderate
GSM3998374,GSE135251,3,NAFLD,severity_band_to_spectrum,3,moderate
GSM3998375,GSE135251,1,NAFLD,severity_band_to_spectrum,1,early
GSM3998376,GSE135251,2,NAFLD,severity_band_to_spectrum,2,early
GSM3998377,GSE135251,1,NAFLD,severity_band_to_spectrum,1,early
GSM3998378,GSE135251,3,NAFLD,severity_band_to_spectrum,3,moderate
GSM3998379,GSE135251,3,NAFLD,severity_band_to_spectrum,3,moderate
GSM3998380,GSE135251,1,NAFLD,severity_band_to_spectrum,1,early
GSM3998381,GSE135251,2,NAFLD,severity_band_to_spectrum,2,early
GSM3998382,GSE135251,3,NAFLD,severity_band_to_spectrum,3,moderate
GSM4957321,GSE162694,0,NASH,recovered_from_description,0,
GSM4957322,GSE162694,1,NASH,recovered_from_description,1,
GSM4957323,GSE162694,0,control,recovered_from_description,normal liver histology,
GSM4957324,GSE162694,3,NASH,recovered_from_description,3,
GSM4957325,GSE162694,1,NASH,recovered_from_description,1,
GSM4957326,GSE162694,0,control,recovered_from_description,normal liver histology,
GSM4957327,GSE162694,0,NASH,recovered_from_description,0,
GSM4957328,GSE162694,2,NASH,recovered_from_description,2,
GSM4957329,GSE162694,1,NASH,recovered_from_description,1,
GSM4957330,GSE162694,0,control,recovered_from_description,normal liver histology,
GSM4957331,GSE162694,0,control,recovered_from_description,normal liver histology,
GSM4957332,GSE162694,1,NASH,recovered_from_description,1,
GSM4957333,GSE162694,2,NASH,recovered_from_description,2,
GSM4957334,GSE162694,2,NASH,recovered_from_description,2,
GSM4957335,GSE162694,4,NASH,recovered_from_description,4,
GSM4957336,GSE162694,0,control,recovered_from_description,normal liver histology,
GSM4957337,GSE162694,4,NASH,recovered_from_description,4,
GSM4957338,GSE162694,4,NASH,recovered_from_description,4,
GSM4957339,GSE162694,4,NASH,recovered_from_description,4,
GSM4957340,GSE162694,4,NASH,recovered_from_description,4,
GSM4957341,GSE162694,4,NASH,recovered_from_description,4,
GSM4957342,GSE162694,4,NASH,recovered_from_description,4,
GSM4957343,GSE162694,2,NASH,recovered_from_description,2,
GSM4957344,GSE162694,2,NASH,recovered_from_description,2,
GSM4957345,GSE162694,3,NASH,recovered_from_description,3,
GSM4957346,GSE162694,2,NASH,recovered_from_description,2,
GSM4957347,GSE162694,1,NASH,recovered_from_description,1,
GSM4957348,GSE162694,2,NASH,recovered_from_description,2,
GSM4957349,GSE162694,4,NASH,recovered_from_description,4,
GSM4957350,GSE162694,2,NASH,recovered_from_description,2,
GSM4957351,GSE162694,2,NASH,recovered_from_description,2,
GSM4957352,GSE162694,2,NASH,recovered_from_description,2,
GSM4957353,GSE162694,2,NASH,recovered_from_description,2,
GSM4957354,GSE162694,2,NASH,recovered_from_description,2,
GSM4957355,GSE162694,3,NASH,recovered_from_description,3,
GSM4957356,GSE162694,3,NASH,recovered_from_description,3,
GSM4957357,GSE162694,2,NASH,recovered_from_description,2,
GSM4957358,GSE162694,0,control,recovered_from_description,normal liver histology,
GSM4957359,GSE162694,1,NASH,recovered_from_description,1,
GSM4957360,GSE162694,4,NASH,recovered_from_description,4,
GSM4957361,GSE162694,1,NASH,recovered_from_description,1,
GSM4957362,GSE162694,2,NASH,recovered_from_description,2,
GSM4957363,GSE162694,0,NASH,recovered_from_description,0,
GSM4957364,GSE162694,0,NASH,recovered_from_description,0,
GSM4957365,GSE162694,1,NASH,recovered_from_description,1,
GSM4957366,GSE162694,4,NASH,recovered_from_description,4,
GSM4957367,GSE162694,1,NASH,recovered_from_description,1,
GSM4957368,GSE162694,0,NASH,recovered_from_description,0,
GSM4957369,GSE162694,0,NASH,recovered_from_description,0,
GSM4957370,GSE162694,1,NASH,recovered_from_description,1,
GSM4957371,GSE162694,0,NASH,recovered_from_description,0,
GSM4957372,GSE162694,0,NASH,recovered_from_description,0,
GSM4957373,GSE162694,0,NASH,recovered_from_description,0,
GSM4957374,GSE162694,3,NASH,recovered_from_description,3,
GSM4957375,GSE162694,0,NASH,recovered_from_description,0,
GSM4957376,GSE162694,1,NASH,recovered_from_description,1,
GSM4957377,GSE162694,1,NASH,recovered_from_description,1,
GSM4957378,GSE162694,0,NASH,recovered_from_description,0,
GSM4957379,GSE162694,0,NASH,recovered_from_description,0,
GSM4957380,GSE162694,0,NASH,recovered_from_description,0,
GSM4957381,GSE162694,1,NASH,recovered_from_description,1,
GSM4957382,GSE162694,0,NASH,recovered_from_description,0,
GSM4957383,GSE162694,1,NASH,recovered_from_description,1,
GSM4957384,GSE162694,2,NASH,recovered_from_description,2,
GSM4957385,GSE162694,2,NASH,recovered_from_description,2,
GSM4957386,GSE162694,0,NASH,recovered_from_description,0,
GSM4957387,GSE162694,1,NASH,recovered_from_description,1,
GSM4957388,GSE162694,0,NASH,recovered_from_description,0,
GSM4957389,GSE162694,0,NASH,recovered_from_description,0,
GSM4957390,GSE162694,2,NASH,recovered_from_description,2,
GSM4957391,GSE162694,0,control,recovered_from_description,normal liver histology,
GSM4957392,GSE162694,1,NASH,recovered_from_description,1,
GSM4957393,GSE162694,1,NASH,recovered_from_description,1,
GSM4957394,GSE162694,0,NASH,recovered_from_description,0,
GSM4957395,GSE162694,4,NASH,recovered_from_description,4,
GSM4957396,GSE162694,2,NASH,recovered_from_description,2,
GSM4957397,GSE162694,0,NASH,recovered_from_description,0,
GSM4957398,GSE162694,0,control,recovered_from_description,normal liver histology,
GSM4957399,GSE162694,0,NASH,recovered_from_description,0,
GSM4957400,GSE162694,2,NASH,recovered_from_description,2,
GSM4957401,GSE162694,0,NASH,recovered_from_description,0,
GSM4957402,GSE162694,0,control,recovered_from_description,normal liver histology,
GSM4957403,GSE162694,3,NASH,recovered_from_description,3,
GSM4957404,GSE162694,0,control,recovered_from_description,normal liver histology,
GSM4957405,GSE162694,0,NASH,recovered_from_description,0,
GSM4957406,GSE162694,0,control,recovered_from_description,normal liver histology,
GSM4957407,GSE162694,3,NASH,recovered_from_description,3,
GSM4957408,GSE162694,0,NASH,recovered_from_description,0,
GSM4957409,GSE162694,0,control,recovered_from_description,normal liver histology,
GSM4957410,GSE162694,0,NASH,recovered_from_description,0,
GSM4957411,GSE162694,1,NASH,recovered_from_description,1,
GSM4957412,GSE162694,1,NASH,recovered_from_description,1,
GSM4957413,GSE162694,0,control,recovered_from_description,normal liver histology,
GSM4957414,GSE162694,0,NASH,recovered_from_description,0,
GSM4957415,GSE162694,2,NASH,recovered_from_description,2,
GSM4957416,GSE162694,0,NASH,recovered_from_description,0,
GSM4957417,GSE162694,1,NASH,recovered_from_description,1,
GSM4957418,GSE162694,0,control,recovered_from_description,normal liver histology,
GSM4957419,GSE162694,1,NASH,recovered_from_description,1,
GSM4957420,GSE162694,1,NASH,recovered_from_description,1,
GSM4957421,GSE162694,0,control,recovered_from_description,normal liver histology,
GSM4957422,GSE162694,0,NASH,recovered_from_description,0,
GSM4957423,GSE162694,0,control,recovered_from_description,normal liver histology,
GSM4957424,GSE162694,1,NASH,recovered_from_description,1,
GSM4957425,GSE162694,0,control,recovered_from_description,normal liver histology,
GSM4957426,GSE162694,1,NASH,recovered_from_description,1,
GSM4957427,GSE162694,0,control,recovered_from_description,normal liver histology,
GSM4957428,GSE162694,0,NASH,recovered_from_description,0,
GSM4957429,GSE162694,0,control,recovered_from_description,normal liver histology,
GSM4957430,GSE162694,0,control,recovered_from_description,normal liver histology,
GSM4957431,GSE162694,1,NASH,recovered_from_description,1,
GSM4957432,GSE162694,2,NASH,recovered_from_description,2,
GSM4957433,GSE162694,2,NASH,recovered_from_description,2,
GSM4957434,GSE162694,0,control,recovered_from_description,normal liver histology,
GSM4957435,GSE162694,0,control,recovered_from_description,normal liver histology,
GSM4957436,GSE162694,0,NASH,recovered_from_description,0,
GSM4957437,GSE162694,0,control,recovered_from_description,normal liver histology,
GSM4957438,GSE162694,0,control,recovered_from_description,normal liver histology,
GSM4957439,GSE162694,0,control,recovered_from_description,normal liver histology,
GSM4957440,GSE162694,0,control,recovered_from_description,normal liver histology,
GSM4957441,GSE162694,0,control,recovered_from_description,normal liver histology,
GSM4957442,GSE162694,0,NASH,recovered_from_description,0,
GSM4957443,GSE162694,1,NASH,recovered_from_description,1,
GSM4957444,GSE162694,0,control,recovered_from_description,normal liver histology,
GSM4957445,GSE162694,2,NASH,recovered_from_description,2,
GSM4957446,GSE162694,2,NASH,recovered_from_description,2,
GSM4957447,GSE162694,1,NASH,recovered_from_description,1,
GSM4957448,GSE162694,2,NASH,recovered_from_description,2,
GSM4957449,GSE162694,0,NASH,recovered_from_description,0,
GSM4957450,GSE162694,0,NASH,recovered_from_description,0,
GSM4957451,GSE162694,4,NASH,recovered_from_description,4,
GSM4957452,GSE162694,0,NASH,recovered_from_description,0,
GSM4957453,GSE162694,0,control,recovered_from_description,normal liver histology,
GSM4957454,GSE162694,1,NASH,recovered_from_description,1,
GSM4957455,GSE162694,1,NASH,recovered_from_description,1,
GSM4957456,GSE162694,0,control,recovered_from_description,normal liver histology,
GSM4957457,GSE162694,2,NASH,recovered_from_description,2,
GSM4957458,GSE162694,3,NASH,recovered_from_description,3,
GSM4957459,GSE162694,0,NASH,recovered_from_description,0,
GSM4957460,GSE162694,2,NASH,recovered_from_description,2,
GSM4957461,GSE162694,0,NASH,recovered_from_description,0,
GSM4957462,GSE162694,1,NASH,recovered_from_description,1,
GSM4957463,GSE162694,0,control,recovered_from_description,normal liver histology,
GSM5106590,GSE167523,,NAFL,stated,,NAFL
GSM5106591,GSE167523,,NAFL,stated,,NAFL
GSM5106592,GSE167523,,NAFL,stated,,NAFL
GSM5106593,GSE167523,,NAFL,stated,,NAFL
GSM5106594,GSE167523,,NASH,stated,,NASH
GSM5106595,GSE167523,,NAFL,stated,,NAFL
GSM5106596,GSE167523,,NAFL,stated,,NAFL
GSM5106597,GSE167523,,NAFL,stated,,NAFL
GSM5106598,GSE167523,,NAFL,stated,,NAFL
GSM5106599,GSE167523,,NAFL,stated,,NAFL
GSM5106600,GSE167523,,NAFL,stated,,NAFL
GSM5106601,GSE167523,,NAFL,stated,,NAFL
GSM5106602,GSE167523,,NAFL,stated,,NAFL
GSM5106603,GSE167523,,NAFL,stated,,NAFL
GSM5106604,GSE167523,,NASH,stated,,NASH
GSM5106605,GSE167523,,NAFL,stated,,NAFL
GSM5106606,GSE167523,,NAFL,stated,,NAFL
GSM5106607,GSE167523,,NAFL,stated,,NAFL
GSM5106608,GSE167523,,NAFL,stated,,NAFL
GSM5106609,GSE167523,,NAFL,stated,,NAFL
GSM5106610,GSE167523,,NAFL,stated,,NAFL
GSM5106611,GSE167523,,NAFL,stated,,NAFL
GSM5106612,GSE167523,,NAFL,stated,,NAFL
GSM5106613,GSE167523,,NAFL,stated,,NAFL
GSM5106614,GSE167523,,NAFL,stated,,NAFL
GSM5106615,GSE167523,,NAFL,stated,,NAFL
GSM5106616,GSE167523,,NAFL,stated,,NAFL
GSM5106617,GSE167523,,NAFL,stated,,NAFL
GSM5106618,GSE167523,,NAFL,stated,,NAFL
GSM5106619,GSE167523,,NAFL,stated,,NAFL
GSM5106620,GSE167523,,NAFL,stated,,NAFL
GSM5106621,GSE167523,,NAFL,stated,,NAFL
GSM5106622,GSE167523,,NAFL,stated,,NAFL
GSM5106623,GSE167523,,NAFL,stated,,NAFL
GSM5106624,GSE167523,,NAFL,stated,,NAFL
GSM5106625,GSE167523,,NAFL,stated,,NAFL
GSM5106626,GSE167523,,NAFL,stated,,NAFL
GSM5106627,GSE167523,,NAFL,stated,,NAFL
GSM5106628,GSE167523,,NAFL,stated,,NAFL
GSM5106629,GSE167523,,NAFL,stated,,NAFL
GSM5106630,GSE167523,,NAFL,stated,,NAFL
GSM5106631,GSE167523,,NAFL,stated,,NAFL
GSM5106632,GSE167523,,NAFL,stated,,NAFL
GSM5106633,GSE167523,,NAFL,stated,,NAFL
GSM5106634,GSE167523,,NAFL,stated,,NAFL
GSM5106635,GSE167523,,NAFL,stated,,NAFL
GSM5106636,GSE167523,,NAFL,stated,,NAFL
GSM5106637,GSE167523,,NASH,stated,,NASH
GSM5106638,GSE167523,,NASH,stated,,NASH
GSM5106639,GSE167523,,NASH,stated,,NASH
GSM5106640,GSE167523,,NASH,stated,,NASH
GSM5106641,GSE167523,,NASH,stated,,NASH
GSM5106642,GSE167523,,NAFL,stated,,NAFL
GSM5106643,GSE167523,,NASH,stated,,NASH
GSM5106644,GSE167523,,NASH,stated,,NASH
GSM5106645,GSE167523,,NASH,stated,,NASH
GSM5106646,GSE167523,,NASH,stated,,NASH
GSM5106647,GSE167523,,NAFL,stated,,NAFL
GSM5106648,GSE167523,,NASH,stated,,NASH
GSM5106649,GSE167523,,NASH,stated,,NASH
GSM5106650,GSE167523,,NASH,stated,,NASH
GSM5106651,GSE167523,,NASH,stated,,NASH
GSM5106652,GSE167523,,NASH,stated,,NASH
GSM5106653,GSE167523,,NASH,stated,,NASH
GSM5106654,GSE167523,,NASH,stated,,NASH
GSM5106655,GSE167523,,NASH,stated,,NASH
GSM5106656,GSE167523,,NASH,stated,,NASH
GSM5106657,GSE167523,,NASH,stated,,NASH
GSM5106658,GSE167523,,NAFL,stated,,NAFL
GSM5106659,GSE167523,,NAFL,stated,,NAFL
GSM5106660,GSE167523,,NASH,stated,,NASH
GSM5106661,GSE167523,,NASH,stated,,NASH
GSM5106662,GSE167523,,NAFL,stated,,NAFL
GSM5106663,GSE167523,,NASH,stated,,NASH
GSM5106664,GSE167523,,NASH,stated,,NASH
GSM5106665,GSE167523,,NASH,stated,,NASH
GSM5106666,GSE167523,,NASH,stated,,NASH
GSM5106667,GSE167523,,NASH,stated,,NASH
GSM5106668,GSE167523,,NASH,stated,,NASH
GSM5106669,GSE167523,,NASH,stated,,NASH
GSM5106670,GSE167523,,NASH,stated,,NASH
GSM5106671,GSE167523,,NASH,stated,,NASH
GSM5106672,GSE167523,,NAFL,stated,,NAFL
GSM5106673,GSE167523,,NASH,stated,,NASH
GSM5106674,GSE167523,,NASH,stated,,NASH
GSM5106675,GSE167523,,NASH,stated,,NASH
GSM5106676,GSE167523,,NASH,stated,,NASH
GSM5106677,GSE167523,,NASH,stated,,NASH
GSM5106678,GSE167523,,NASH,stated,,NASH
GSM5106679,GSE167523,,NASH,stated,,NASH
GSM5106680,GSE167523,,NASH,stated,,NASH
GSM5106681,GSE167523,,NASH,stated,,NASH
GSM5106682,GSE167523,,NASH,stated,,NASH
GSM5106683,GSE167523,,NASH,stated,,NASH
GSM5106684,GSE167523,,NASH,stated,,NASH
GSM5106685,GSE167523,,NASH,stated,,NASH
GSM5106686,GSE167523,,NASH,stated,,NASH
GSM5106687,GSE167523,,NASH,stated,,NASH
GSM5772501,GSE193066,0,,unavailable,0,
GSM5772502,GSE193066,1,,unavailable,1,
GSM5772503,GSE193066,0,,unavailable,0,
GSM5772504,GSE193066,1,,unavailable,1,
GSM5772505,GSE193066,1,,unavailable,1,
GSM5772506,GSE193066,1,,unavailable,1,
GSM5772507,GSE193066,1,,unavailable,1,
GSM5772508,GSE193066,0,,unavailable,0,
GSM5772509,GSE193066,1,,unavailable,1,
GSM5772510,GSE193066,1,,unavailable,1,
GSM5772511,GSE193066,0,,unavailable,0,
GSM5772512,GSE193066,0,,unavailable,0,
GSM5772513,GSE193066,0,,unavailable,0,
GSM5772514,GSE193066,1,,unavailable,1,
GSM5772515,GSE193066,1,,unavailable,1,
GSM5772516,GSE193066,1,,unavailable,1,
GSM5772517,GSE193066,1,,unavailable,1,
GSM5772518,GSE193066,1,,unavailable,1,
GSM5772519,GSE193066,1,,unavailable,1,
GSM5772520,GSE193066,1,,unavailable,1,
GSM5772521,GSE193066,1,,unavailable,1,
GSM5772522,GSE193066,1,,unavailable,1,
GSM5772523,GSE193066,1,,unavailable,1,
GSM5772524,GSE193066,1,,unavailable,1,
GSM5772525,GSE193066,1,,unavailable,1,
GSM5772526,GSE193066,1,,unavailable,1,
GSM5772527,GSE193066,2,,unavailable,2,
GSM5772528,GSE193066,2,,unavailable,2,
GSM5772529,GSE193066,3,,unavailable,3,
GSM5772530,GSE193066,2,,unavailable,2,
GSM5772531,GSE193066,2,,unavailable,2,
GSM5772532,GSE193066,2,,unavailable,2,
GSM5772533,GSE193066,2,,unavailable,2,
GSM5772534,GSE193066,1,,unavailable,1,
GSM5772535,GSE193066,2,,unavailable,2,
GSM5772536,GSE193066,2,,unavailable,2,
GSM5772537,GSE193066,2,,unavailable,2,
GSM5772538,GSE193066,1,,unavailable,1,
GSM5772539,GSE193066,2,,unavailable,2,
GSM5772540,GSE193066,1,,unavailable,1,
GSM5772541,GSE193066,1,,unavailable,1,
GSM5772542,GSE193066,2,,unavailable,2,
GSM5772543,GSE193066,3,,unavailable,3,
GSM5772544,GSE193066,2,,unavailable,2,
GSM5772545,GSE193066,3,,unavailable,3,
GSM5772546,GSE193066,2,,unavailable,2,
GSM5772547,GSE193066,2,,unavailable,2,
GSM5772548,GSE193066,3,,unavailable,3,
GSM5772549,GSE193066,3,,unavailable,3,
GSM5772550,GSE193066,3,,unavailable,3,
GSM5772551,GSE193066,2,,unavailable,2,
GSM5772552,GSE193066,3,,unavailable,3,
GSM5772553,GSE193066,2,,unavailable,2,
GSM5772554,GSE193066,2,,unavailable,2,
GSM5772555,GSE193066,2,,unavailable,2,
GSM5772556,GSE193066,3,,unavailable,3,
GSM5772557,GSE193066,2,,unavailable,2,
GSM5772558,GSE193066,2,,unavailable,2,
GSM5772559,GSE193066,3,,unavailable,3,
GSM5772560,GSE193066,3,,unavailable,3,
GSM5772561,GSE193066,2,,unavailable,2,
GSM5772562,GSE193066,3,,unavailable,3,
GSM5772563,GSE193066,3,,unavailable,3,
GSM5772564,GSE193066,2,,unavailable,2,
GSM5772565,GSE193066,3,,unavailable,3,
GSM5772566,GSE193066,2,,unavailable,2,
GSM5772567,GSE193066,2,,unavailable,2,
GSM5772568,GSE193066,3,,unavailable,3,
GSM5772569,GSE193066,3,,unavailable,3,
GSM5772570,GSE193066,2,,unavailable,2,
GSM5772571,GSE193066,2,,unavailable,2,
GSM5772572,GSE193066,3,,unavailable,3,
GSM5772573,GSE193066,3,,unavailable,3,
GSM5772574,GSE193066,2,,unavailable,2,
GSM5772575,GSE193066,2,,unavailable,2,
GSM5772576,GSE193066,3,,unavailable,3,
GSM5772577,GSE193066,1,,unavailable,1,
GSM5772578,GSE193066,3,,unavailable,3,
GSM5772579,GSE193066,2,,unavailable,2,
GSM5772580,GSE193066,2,,unavailable,2,
GSM5772581,GSE193066,1,,unavailable,1,
GSM5772582,GSE193066,1,,unavailable,1,
GSM5772583,GSE193066,1,,unavailable,1,
GSM5772584,GSE193066,1,,unavailable,1,
GSM5772585,GSE193066,3,,unavailable,3,
GSM5772586,GSE193066,1,,unavailable,1,
GSM5772587,GSE193066,2,,unavailable,2,
GSM5772588,GSE193066,3,,unavailable,3,
GSM5772589,GSE193066,2,,unavailable,2,
GSM5772590,GSE193066,1,,unavailable,1,
GSM5772591,GSE193066,2,,unavailable,2,
GSM5772592,GSE193066,2,,unavailable,2,
GSM5772593,GSE193066,1,,unavailable,1,
GSM5772594,GSE193066,3,,unavailable,3,
GSM5772595,GSE193066,2,,unavailable,2,
GSM5772596,GSE193066,1,,unavailable,1,
GSM5772597,GSE193066,1,,unavailable,1,
GSM5772598,GSE193066,2,,unavailable,2,
GSM5772599,GSE193066,3,,unavailable,3,
GSM5772600,GSE193066,3,,unavailable,3,
GSM5772601,GSE193066,1,,unavailable,1,
GSM5772602,GSE193066,3,,unavailable,3,
GSM5772603,GSE193066,3,,unavailable,3,
GSM5772604,GSE193066,1,,unavailable,1,
GSM5772605,GSE193066,1,,unavailable,1,
GSM5772606,GSE193066,2,,unavailable,2,
GSM5772607,GSE193066,2,,unavailable,2,
GSM5772608,GSE193066,2,,unavailable,2,
GSM5772609,GSE193066,2,,unavailable,2,
GSM5772610,GSE193066,2,,unavailable,2,
GSM5772611,GSE193066,1,,unavailable,1,
GSM5772612,GSE193066,1,,unavailable,1,
GSM5772613,GSE193066,2,,unavailable,2,
GSM5772614,GSE193066,3,,unavailable,3,
GSM5772615,GSE193066,1,,unavailable,1,
GSM5772616,GSE193066,2,,unavailable,2,
GSM5772617,GSE193066,2,,unavailable,2,
GSM5772618,GSE193066,2,,unavailable,2,
GSM5772619,GSE193066,3,,unavailable,3,
GSM5772620,GSE193066,2,,unavailable,2,
GSM5772621,GSE193066,3,,unavailable,3,
GSM5772622,GSE193066,1,,unavailable,1,
GSM5772623,GSE193066,3,,unavailable,3,
GSM5772624,GSE193066,2,,unavailable,2,
GSM5772625,GSE193066,3,,unavailable,3,
GSM5772626,GSE193066,3,,unavailable,3,
GSM5772627,GSE193066,2,,unavailable,2,
GSM5772628,GSE193066,2,,unavailable,2,
GSM5772629,GSE193066,2,,unavailable,2,
GSM5772630,GSE193066,1,,unavailable,1,
GSM5772631,GSE193066,2,,unavailable,2,
GSM5772632,GSE193066,2,,unavailable,2,
GSM5772633,GSE193066,1,,unavailable,1,
GSM5772634,GSE193066,2,,unavailable,2,
GSM5772635,GSE193066,2,,unavailable,2,
GSM5772636,GSE193066,2,,unavailable,2,
GSM5772637,GSE193066,1,,unavailable,1,
GSM5772638,GSE193066,2,,unavailable,2,
GSM5772639,GSE193066,2,,unavailable,2,
GSM5772640,GSE193066,2,,unavailable,2,
GSM5772641,GSE193066,2,,unavailable,2,
GSM5772642,GSE193066,2,,unavailable,2,
GSM5772643,GSE193066,3,,unavailable,3,
GSM5772644,GSE193066,2,,unavailable,2,
GSM5772645,GSE193066,2,,unavailable,2,
GSM5772646,GSE193066,2,,unavailable,2,
GSM5772647,GSE193066,1,,unavailable,1,
GSM5772648,GSE193066,2,,unavailable,2,
GSM5772649,GSE193066,3,,unavailable,3,
GSM5772650,GSE193066,4,,unavailable,4,
GSM5772651,GSE193066,3,,unavailable,3,
GSM5772652,GSE193066,2,,unavailable,2,
GSM5772653,GSE193066,3,,unavailable,3,
GSM5772654,GSE193066,2,,unavailable,2,
GSM5772655,GSE193066,2,,unavailable,2,
GSM5772656,GSE193066,3,,unavailable,3,
GSM5772657,GSE193066,2,,unavailable,2,
GSM5772658,GSE193066,3,,unavailable,3,
GSM5772659,GSE193066,3,,unavailable,3,
GSM5772660,GSE193066,2,,unavailable,2,
GSM5772661,GSE193066,3,,unavailable,3,
GSM5772662,GSE193066,2,,unavailable,2,
GSM5772663,GSE193066,2,,unavailable,2,
GSM5772664,GSE193066,3,,unavailable,3,
GSM7708388,GSE240729,2,,unavailable,F2,
GSM7708389,GSE240729,0,,unavailable,F0,
GSM7708390,GSE240729,4,,unavailable,F4,
GSM7708391,GSE240729,1,,unavailable,F1,
GSM7708392,GSE240729,2,,unavailable,F2,
GSM7708393,GSE240729,2,,unavailable,F2,
GSM7708394,GSE240729,2,,unavailable,F2,
GSM7708395,GSE240729,2,,unavailable,F2,
GSM7708396,GSE240729,2,,unavailable,F2,
GSM7708397,GSE240729,2,,unavailable,F2,
GSM7708398,GSE240729,3,,unavailable,F3,
GSM7708399,GSE240729,2,,unavailable,F2,
GSM7708400,GSE240729,2,,unavailable,F2,
GSM7708401,GSE240729,2,,unavailable,F2,
GSM7708402,GSE240729,1,,unavailable,F1,
GSM7708403,GSE240729,3,,unavailable,F3,
GSM7708404,GSE240729,2,,unavailable,F2,
GSM7708405,GSE240729,2,,unavailable,F2,
GSM7708406,GSE240729,3,,unavailable,F3,
GSM7708407,GSE240729,3,,unavailable,F3,
GSM7708408,GSE240729,3,,unavailable,F3,
GSM7708409,GSE240729,3,,unavailable,F3,
GSM7708410,GSE240729,4,,unavailable,F4,
GSM7708411,GSE240729,2,,unavailable,F2,
GSM7708412,GSE240729,4,,unavailable,F4,
GSM7708413,GSE240729,4,,unavailable,F4,
GSM7708414,GSE240729,3,,unavailable,F3,
GSM7708415,GSE240729,0,,unavailable,F0,
GSM7708416,GSE240729,0,,unavailable,F0,
GSM7708417,GSE240729,4,,unavailable,F4,
GSM7708418,GSE240729,3,,unavailable,F3,
GSM7708419,GSE240729,4,,unavailable,F4,
GSM7708420,GSE240729,3,,unavailable,F3,
GSM7708421,GSE240729,0,,unavailable,F0,
GSM7708422,GSE240729,1,,unavailable,F1,
GSM7708423,GSE240729,1,,unavailable,F1,
GSM7708424,GSE240729,0,,unavailable,F0,
GSM7708425,GSE240729,0,,unavailable,F0,
GSM7708426,GSE240729,2,,unavailable,F2,
GSM7708427,GSE240729,2,,unavailable,F2,
GSM7708428,GSE240729,1,,unavailable,F1,
GSM7708429,GSE240729,2,,unavailable,F2,
GSM7708430,GSE240729,3,,unavailable,F3,
GSM7708431,GSE240729,1,,unavailable,F1,
GSM7708432,GSE240729,2,,unavailable,F2,
GSM7708433,GSE240729,2,,unavailable,F2,
GSM7708434,GSE240729,1,,unavailable,F1,
GSM7708435,GSE240729,1,,unavailable,F1,
GSM7708436,GSE240729,1,,unavailable,F1,
GSM7708437,GSE240729,2,,unavailable,F2,
GSM7708438,GSE240729,2,,unavailable,F2,
GSM7708439,GSE240729,0,,unavailable,F0,
GSM7708440,GSE240729,1,,unavailable,F1,
GSM7708441,GSE240729,2,,unavailable,F2,
GSM7708442,GSE240729,1,,unavailable,F1,
GSM7708443,GSE240729,2,,unavailable,F2,
GSM7708444,GSE240729,1,,unavailable,F1,
GSM7708445,GSE240729,1,,unavailable,F1,
GSM7708446,GSE240729,2,,unavailable,F2,
GSM7708447,GSE240729,0,,unavailable,F0,
GSM7708448,GSE240729,1,,unavailable,F1,
GSM7708449,GSE240729,1,,unavailable,F1,
GSM7708450,GSE240729,1,,unavailable,F1,
GSM7708451,GSE240729,2,,unavailable,F2,
GSM7708452,GSE240729,0,,unavailable,F0,
GSM7708453,GSE240729,2,,unavailable,F2,
GSM7708454,GSE240729,1,,unavailable,F1,
GSM8314649,GSE269412,,,unavailable,,
GSM8314650,GSE269412,,,unavailable,,
GSM8314651,GSE269412,,,unavailable,,
GSM8314652,GSE269412,,,unavailable,,
GSM8314653,GSE269412,,,unavailable,,
GSM8314654,GSE269412,,,unavailable,,
GSM8314655,GSE269412,,,unavailable,,
GSM8314656,GSE269412,,,unavailable,,
GSM8314657,GSE269412,,,unavailable,,
GSM8314658,GSE269412,,,unavailable,,
GSM8314659,GSE269412,,,unavailable,,
GSM8314660,GSE269412,,,unavailable,,
GSM8314661,GSE269412,,,unavailable,,
GSM8314662,GSE269412,,,unavailable,,
GSM8314663,GSE269412,,,unavailable,,
GSM8314664,GSE269412,,,unavailable,,
GSM8314665,GSE269412,,,unavailable,,
GSM8314666,GSE269412,,,unavailable,,
GSM8314667,GSE269412,,,unavailable,,
GSM8314668,GSE269412,,,unavailable,,
GSM8314669,GSE269412,,,unavailable,,
GSM8314670,GSE269412,,,unavailable,,
GSM8314671,GSE269412,,,unavailable,,
GSM8314672,GSE269412,,,unavailable,,
GSM8314673,GSE269412,,,unavailable,,
GSM8314674,GSE269412,,,unavailable,,
GSM8314675,GSE269412,,,unavailable,,
GSM8314676,GSE269412,,,unavailable,,
GSM8314677,GSE269412,,,unavailable,,
GSM8314678,GSE269412,,,unavailable,,
GSM8314679,GSE269412,,,unavailable,,
GSM8314680,GSE269412,,,unavailable,,
GSM8314681,GSE269412,,,unavailable,,
GSM8314682,GSE269412,,,unavailable,,
GSM8314683,GSE269412,,,unavailable,,
GSM8314684,GSE269412,,,unavailable,,
GSM8314685,GSE269412,,,unavailable,,
GSM8314686,GSE269412,,,unavailable,,
GSM8314687,GSE269412,,,unavailable,,
GSM8314688,GSE269412,,,unavailable,,
GSM8314689,GSE269412,,,unavailable,,
GSM8314690,GSE269412,,,unavailable,,
GSM8314691,GSE269412,,,unavailable,,
GSM8314692,GSE269412,,,unavailable,,
GSM8314693,GSE269412,,,unavailable,,
GSM8314694,GSE269412,,,unavailable,,
GSM8314695,GSE269412,,,unavailable,,
GSM8314696,GSE269412,,,unavailable,,
GSM8314697,GSE269412,,,unavailable,,
GSM8314698,GSE269412,,,unavailable,,
GSM8314699,GSE269412,,,unavailable,,
GSM8314700,GSE269412,,,unavailable,,
GSM8314701,GSE269412,,,unavailable,,
GSM8314702,GSE269412,,,unavailable,,
GSM8314703,GSE269412,,,unavailable,,
GSM8314704,GSE269412,,,unavailable,,
GSM8314705,GSE269412,,,unavailable,,
GSM8314706,GSE269412,,,unavailable,,
GSM8314707,GSE269412,,,unavailable,,
GSM8314708,GSE269412,,,unavailable,,
GSM8314709,GSE269412,,,unavailable,,
GSM8314710,GSE269412,,,unavailable,,
GSM8314711,GSE269412,,,unavailable,,
GSM8314712,GSE269412,,,unavailable,,
GSM8314713,GSE269412,,,unavailable,,
GSM8314714,GSE269412,,,unavailable,,
GSM8314715,GSE269412,,,unavailable,,
GSM8314716,GSE269412,,,unavailable,,
GSM8314717,GSE269412,,,unavailable,,
GSM8314718,GSE269412,,,unavailable,,
GSM8314719,GSE269412,,,unavailable,,
GSM8314720,GSE269412,,,unavailable,,
GSM8314721,GSE269412,,,unavailable,,
GSM8314722,GSE269412,,,unavailable,,
GSM8314723,GSE269412,,,unavailable,,
GSM8314724,GSE269412,,,unavailable,,
GSM8314725,GSE269412,,,unavailable,,
GSM8314726,GSE269412,,,unavailable,,
GSM8314727,GSE269412,,,unavailable,,
GSM8314728,GSE269412,,,unavailable,,
GSM8314729,GSE269412,,,unavailable,,
GSM8314730,GSE269412,,,unavailable,,
GSM8314731,GSE269412,,,unavailable,,
GSM8314732,GSE269412,,,unavailable,,
GSM8314733,GSE269412,,,unavailable,,
GSM8314734,GSE269412,,,unavailable,,
GSM8314735,GSE269412,,,unavailable,,
GSM8314736,GSE269412,,,unavailable,,
GSM8314737,GSE269412,,,unavailable,,
GSM8314738,GSE269412,,,unavailable,,
GSM8314739,GSE269412,,,unavailable,,
GSM8314740,GSE269412,,,unavailable,,
GSM8314741,GSE269412,,,unavailable,,
GSM8314742,GSE269412,,,unavailable,,
GSM8314743,GSE269412,,,unavailable,,
GSM8314744,GSE269412,,,unavailable,,
GSM8314745,GSE269412,,,unavailable,,
GSM8314746,GSE269412,,,unavailable,,
GSM8314747,GSE269412,,,unavailable,,
GSM8314748,GSE269412,,,unavailable,,
GSM8314749,GSE269412,,,unavailable,,
GSM8314750,GSE269412,,,unavailable,,
GSM8314751,GSE269412,,,unavailable,,
GSM8314752,GSE269412,,,unavailable,,
GSM8314753,GSE269412,,,unavailable,,
GSM8314754,GSE269412,,,unavailable,,
GSM8314755,GSE269412,,,unavailable,,
GSM8314756,GSE269412,,,unavailable,,
GSM8314757,GSE269412,,,unavailable,,
GSM8314758,GSE269412,,,unavailable,,
GSM8314759,GSE269412,,,unavailable,,
GSM8314760,GSE269412,,,unavailable,,
GSM8314761,GSE269412,,,unavailable,,
GSM8314762,GSE269412,,,unavailable,,
GSM8314763,GSE269412,,,unavailable,,
GSM8314764,GSE269412,,,unavailable,,
GSM8314765,GSE269412,,,unavailable,,
GSM8314766,GSE269412,,,unavailable,,
GSM8314767,GSE269412,,,unavailable,,
GSM8314768,GSE269412,,,unavailable,,
GSM8314769,GSE269412,,,unavailable,,
GSM8314770,GSE269412,,,unavailable,,
GSM8314771,GSE269412,,,unavailable,,
GSM8314772,GSE269412,,,unavailable,,
GSM8314773,GSE269412,,,unavailable,,
GSM8314774,GSE269412,,,unavailable,,
GSM8314775,GSE269412,,,unavailable,,
GSM8314776,GSE269412,,,unavailable,,
GSM8314777,GSE269412,,,unavailable,,
GSM8314778,GSE269412,,,unavailable,,
GSM8314779,GSE269412,,,unavailable,,
GSM8314780,GSE269412,,,unavailable,,
GSM8314781,GSE269412,,,unavailable,,
GSM8314782,GSE269412,,,unavailable,,
GSM8314783,GSE269412,,,unavailable,,
GSM8314784,GSE269412,,,unavailable,,
GSM8314785,GSE269412,,,unavailable,,
GSM8314786,GSE269412,,,unavailable,,
GSM8314787,GSE269412,,,unavailable,,
GSM8314788,GSE269412,,,unavailable,,
GSM8314789,GSE269412,,,unavailable,,
GSM8314790,GSE269412,,,unavailable,,
GSM8314791,GSE269412,,,unavailable,,
GSM8314792,GSE269412,,,unavailable,,
GSM8314793,GSE269412,,,unavailable,,
GSM8314794,GSE269412,,,unavailable,,
GSM8314795,GSE269412,,,unavailable,,
GSM8314796,GSE269412,,,unavailable,,
GSM8314797,GSE269412,,,unavailable,,
GSM8314798,GSE269412,,,unavailable,,
GSM8314799,GSE269412,,,unavailable,,
GSM8314800,GSE269412,,,unavailable,,
GSM8314801,GSE269412,,,unavailable,,
GSM8314802,GSE269412,,,unavailable,,
GSM8314803,GSE269412,,,unavailable,,
GSM8314804,GSE269412,,,unavailable,,
GSM8314805,GSE269412,,,unavailable,,
GSM8314806,GSE269412,,,unavailable,,
GSM8314807,GSE269412,,,unavailable,,
GSM8314808,GSE269412,,,unavailable,,
GSM8314809,GSE269412,,,unavailable,,
GSM8314810,GSE269412,,,unavailable,,
GSM8314811,GSE269412,,,unavailable,,
GSM8314812,GSE269412,,,unavailable,,
GSM8314813,GSE269412,,,unavailable,,
GSM8314814,GSE269412,,,unavailable,,
GSM8314815,GSE269412,,,unavailable,,
GSM8314816,GSE269412,,,unavailable,,
GSM8314817,GSE269412,,,unavailable,,
GSM8314818,GSE269412,,,unavailable,,
GSM8314819,GSE269412,,,unavailable,,
GSM8314820,GSE269412,,,unavailable,,
GSM8314821,GSE269412,,,unavailable,,
GSM8314822,GSE269412,,,unavailable,,
GSM8314823,GSE269412,,,unavailable,,
GSM8314824,GSE269412,,,unavailable,,
GSM8314825,GSE269412,,,unavailable,,
GSM8314826,GSE269412,,,unavailable,,
GSM8314827,GSE269412,,,unavailable,,
GSM8314828,GSE269412,,,unavailable,,
GSM8314829,GSE269412,,,unavailable,,
GSM8314830,GSE269412,,,unavailable,,
GSM8314831,GSE269412,,,unavailable,,
GSM8314832,GSE269412,,,unavailable,,
GSM8314833,GSE269412,,,unavailable,,
GSM8314834,GSE269412,,,unavailable,,
GSM8314835,GSE269412,,,unavailable,,
GSM8314836,GSE269412,,,unavailable,,
GSM8314837,GSE269412,,,unavailable,,
GSM8314838,GSE269412,,,unavailable,,
GSM8314839,GSE269412,,,unavailable,,
GSM8314840,GSE269412,,,unavailable,,
GSM8314841,GSE269412,,,unavailable,,
GSM8314842,GSE269412,,,unavailable,,
GSM8314843,GSE269412,,,unavailable,,
GSM8314844,GSE269412,,,unavailable,,
GSM8314845,GSE269412,,,unavailable,,
GSM8314846,GSE269412,,,unavailable,,
GSM8314847,GSE269412,,,unavailable,,
GSM8314848,GSE269412,,,unavailable,,
GSM8314849,GSE269412,,,unavailable,,
GSM8314850,GSE269412,,,unavailable,,
GSM8314851,GSE269412,,,unavailable,,
GSM8314852,GSE269412,,,unavailable,,
GSM8314853,GSE269412,,,unavailable,,
GSM8314854,GSE269412,,,unavailable,,
GSM8314855,GSE269412,,,unavailable,,
GSM8314856,GSE269412,,,unavailable,,
GSM8314857,GSE269412,,,unavailable,,
GSM8314858,GSE269412,,,unavailable,,
GSM8314859,GSE269412,,,unavailable,,
GSM8314860,GSE269412,,,unavailable,,
GSM8314861,GSE269412,,,unavailable,,
GSM8314862,GSE269412,,,unavailable,,
GSM8314863,GSE269412,,,unavailable,,
GSM8314864,GSE269412,,,unavailable,,
GSM8314865,GSE269412,,,unavailable,,
GSM8314866,GSE269412,,,unavailable,,
GSM8314867,GSE269412,,,unavailable,,
GSM8314868,GSE269412,,,unavailable,,
GSM8314869,GSE269412,,,unavailable,,
GSM8314870,GSE269412,,,unavailable,,
GSM8314871,GSE269412,,,unavailable,,
GSM8314872,GSE269412,,,unavailable,,
GSM8314873,GSE269412,,,unavailable,,
GSM8314874,GSE269412,,,unavailable,,
GSM8314875,GSE269412,,,unavailable,,
GSM8314876,GSE269412,,,unavailable,,
GSM8314877,GSE269412,,,unavailable,,
GSM8314878,GSE269412,,,unavailable,,
GSM8314879,GSE269412,,,unavailable,,
GSM8314880,GSE269412,,,unavailable,,
GSM8314881,GSE269412,,,unavailable,,
GSM8314882,GSE269412,,,unavailable,,
GSM8314883,GSE269412,,,unavailable,,
GSM8314884,GSE269412,,,unavailable,,
GSM8314885,GSE269412,,,unavailable,,
GSM8314886,GSE269412,,,unavailable,,
GSM8314887,GSE269412,,,unavailable,,
GSM8314888,GSE269412,,,unavailable,,
GSM8314889,GSE269412,,,unavailable,,
GSM8314890,GSE269412,,,unavailable,,
GSM8314891,GSE269412,,,unavailable,,
GSM8314892,GSE269412,,,unavailable,,
GSM8314893,GSE269412,,,unavailable,,
GSM8314894,GSE269412,,,unavailable,,
GSM8314895,GSE269412,,,unavailable,,
GSM8314896,GSE269412,,,unavailable,,
GSM8314897,GSE269412,,,unavailable,,
GSM8314898,GSE269412,,,unavailable,,
GSM8314899,GSE269412,,,unavailable,,
GSM8314900,GSE269412,,,unavailable,,
GSM8314901,GSE269412,,,unavailable,,
GSM8314902,GSE269412,,,unavailable,,
GSM8314903,GSE269412,,,unavailable,,
GSM8314904,GSE269412,,,unavailable,,
GSM8314905,GSE269412,,,unavailable,,
GSM8314906,GSE269412,,,unavailable,,
GSM8314907,GSE269412,,,unavailable,,
GSM8314908,GSE269412,,,unavailable,,
GSM8314909,GSE269412,,,unavailable,,
GSM8314910,GSE269412,,,unavailable,,
