from_id,to_id
DB00903,5044
DB00903,1200_1134_15512_5080_100078
DB00887,5044
DB00887,1200_1134_15512_5080_100078
DB01235,5391
DB00190,5391
DB01380,7803
DB01380,11479
DB01380,20751_5469_15914_21272
DB00904,6791
DB00655,6791
DB00653,5478
DB00313,5027
DB00186,5027
DB00819,5027
DB01174,5027
DB00186,13600
DB00683,13600
DB00404,13600
DB00656,13600
DB00196,5984
DB00959,5002
DB00959,11751
DB00635,5002
DB00635,11751
DB00860,5002
DB00860,11751
DB01380,5002
DB01380,11751
DB00443,5002
DB00443,11751
DB01001,5002
DB01001,11751
DB00620,5002
DB00620,11751
DB00929,1126
DB00364,1126
DB05351,1126
DB09104,1126
DB00213,1126
DB00724,1528
DB00724,643_21049_2198
DB00091,20547_13730
DB01041,20547_13730
DB00176,8187_2050_5618_5451_5371_100081_5383_1942_1098_3265_11924_12384
DB00176,5379
DB00176,1442
DB01242,8187_2050_5618_5451_5371_100081_5383_1942_1098_3265_11924_12384
DB01242,5379
DB01242,1442
DB00422,8187_2050_5618_5451_5371_100081_5383_1942_1098_3265_11924_12384
DB00422,5379
DB00422,1442
DB00313,5754
DB00819,5754
DB00155,9376
DB00313,4985_693_24613_1866
DB14507,4985_693_24613_1866
DB00555,4985_693_24613_1866
DB01149,4985_693_24613_1866
DB01104,4985_693_24613_1866
DB00715,4985_693_24613_1866
DB00215,4985_693_24613_1866
DB00252,4985_693_24613_1866
DB14509,4985_693_24613_1866
DB00176,4985_693_24613_1866
DB01174,4985_693_24613_1866
DB01156,4985_693_24613_1866
DB00564,4985_693_24613_1866
DB00246,4985_693_24613_1866
DB01267,4985_693_24613_1866
DB01175,4985_693_24613_1866
DB00794,4985_693_24613_1866
DB00734,4985_693_24613_1866
DB00155,8814
DB06819,8814
DB00313,7440_10648_12685_694_12881_12319_12642_12686_12877_12882
DB00363,24612
DB01267,24612
DB00313,5384
DB00819,5384
DB00313,16022
DB00819,16022
DB06201,11876_10826
DB09115,6547
DB09357,6547
DB00352,4967
DB00352,13108_7190_12318_12934_12935_12936_13109
DB00352,4948_872_4963_20511_4947_814
DB00352,20512
DB00244,5011_5535
DB00244,9960_12845_33643_11471_12831_12875_12941_13153_8617_54849_5265_12832_12610_12840_11087_11521_11661_11699_11700_11701_12040_12829_12837_12838_12841_12852_12886_12887_12940_12973_13012
DB00244,5532
DB00936,5011_5535
DB00936,9960_12845_33643_11471_12831_12875_12941_13153_8617_54849_5265_12832_12610_12840_11087_11521_11661_11699_11700_11701_12040_12829_12837_12838_12841_12852_12886_12887_12940_12973_13012
DB00936,5532
DB00359,5011_5535
DB00359,9960_12845_33643_11471_12831_12875_12941_13153_8617_54849_5265_12832_12610_12840_11087_11521_11661_11699_11700_11701_12040_12829_12837_12838_12841_12852_12886_12887_12940_12973_13012
DB00359,5532
DB00233,5011_5535
DB00233,9960_12845_33643_11471_12831_12875_12941_13153_8617_54849_5265_12832_12610_12840_11087_11521_11661_11699_11700_11701_12040_12829_12837_12838_12841_12852_12886_12887_12940_12973_13012
DB00233,5532
DB00795,5011_5535
DB00795,9960_12845_33643_11471_12831_12875_12941_13153_8617_54849_5265_12832_12610_12840_11087_11521_11661_11699_11700_11701_12040_12829_12837_12838_12841_12852_12886_12887_12940_12973_13012
DB00795,5532
DB01033,5011_5535
DB01033,9960_12845_33643_11471_12831_12875_12941_13153_8617_54849_5265_12832_12610_12840_11087_11521_11661_11699_11700_11701_12040_12829_12837_12838_12841_12852_12886_12887_12940_12973_13012
DB01033,5532
DB00993,5011_5535
DB00993,9960_12845_33643_11471_12831_12875_12941_13153_8617_54849_5265_12832_12610_12840_11087_11521_11661_11699_11700_11701_12040_12829_12837_12838_12841_12852_12886_12887_12940_12973_13012
DB00993,5532
DB00916,5011_5535
DB00916,9960_12845_33643_11471_12831_12875_12941_13153_8617_54849_5265_12832_12610_12840_11087_11521_11661_11699_11700_11701_12040_12829_12837_12838_12841_12852_12886_12887_12940_12973_13012
DB00916,5532
DB00993,6594
DB00749,2471
DB00586,2471
DB00929,4247
DB00359,11849
DB00795,11849
DB00563,11849
DB01033,11849
DB00995,11849
DB09276,11849
DB09121,11849
DB00359,8383
DB00580,8383
DB01017,8383
DB01003,9960_12845_33643_11471_12831_12875_12941_13153_8617_54849_5265_12832_12610_12840_11087_11521_11661_11699_11700_11701_12040_12829_12837_12838_12841_12852_12886_12887_12940_12973_13012
DB00341,4980
DB00341,11292
DB09115,4980
DB09115,11292
DB06282,4980
DB06282,11292
DB00410,4980
DB00410,11292
DB01086,5298
DB01086,8159
DB09481,5298
DB09481,8159
DB09104,5298
DB09104,8159
DB00250,7915
DB00250,19725
DB00563,7915
DB00563,19725
DB00993,7915
DB00993,19725
DB09115,5480
DB09115,6589
DB00874,4979
DB00874,4765
DB00874,4784
DB00332,4979
DB00332,4765
DB00332,4784
DB00668,4979
DB00668,4765
DB00668,4784
DB11442,4979
DB11442,4765
DB11442,4784
DB13179,4979
DB13179,4765
DB13179,4784
DB00384,3019
DB00643,5992
DB00643,19444
DB00643,5746
DB00643,42458
DB00814,5306_20655
DB00814,7126_8468_24512_13192
DB00939,5306_20655
DB00939,7126_8468_24512_13192
DB00929,5306_20655
DB00929,7126_8468_24512_13192
DB00461,5306_20655
DB00461,7126_8468_24512_13192
DB00749,5306_20655
DB00749,7126_8468_24512_13192
DB00554,5306_20655
DB00554,7126_8468_24512_13192
DB00500,5306_20655
DB00500,7126_8468_24512_13192
DB01009,5306_20655
DB01009,7126_8468_24512_13192
DB00991,5306_20655
DB00991,7126_8468_24512_13192
DB02901,14394_13217_32668_12529_32669_44309_12937_13216_13964_12938_12925_7110_14245_12924_60662_32670_44310_12939_15253_11636
DB02901,1713
DB14539,14394_13217_32668_12529_32669_44309_12937_13216_13964_12938_12925_7110_14245_12924_60662_32670_44310_12939_15253_11636
DB14539,1713
DB13169,14394_13217_32668_12529_32669_44309_12937_13216_13964_12938_12925_7110_14245_12924_60662_32670_44310_12939_15253_11636
DB13169,1713
DB01168,9691_15821_45071
DB01168,15758
DB01168,15808
DB01168,15809
DB01168,18031
DB00541,9691_15821_45071
DB00541,15758
DB00541,15808
DB00541,15809
DB00541,18031
DB00291,9691_15821_45071
DB00291,15758
DB00291,15808
DB00291,15809
DB00291,18031
DB00553,9691_15821_45071
DB00553,15758
DB00553,15808
DB00553,15809
DB00553,18031
DB00262,9691_15821_45071
DB00262,15758
DB00262,15808
DB00262,15809
DB00262,18031
DB00290,9691_15821_45071
DB00290,15758
DB00290,15808
DB00290,15809
DB00290,18031
DB00936,4857
DB00936,2181
DB00936,6898
DB01234,4857
DB01234,2181
DB01234,6898
DB00749,4857
DB00749,2181
DB00749,6898
DB01397,4857
DB01397,2181
DB01397,6898
DB00586,4857
DB00586,2181
DB00586,6898
DB11157,5083
DB11157,6592
DB02300,5083
DB02300,6592
DB06824,5083
DB06824,6592
DB00445,4632
DB00445,4952
DB00445,9348
DB00445,4626
DB00445,20329
DB00773,4632
DB00773,4952
DB00773,9348
DB00773,4626
DB00773,20329
DB00959,9971
DB00959,6502
DB00860,9971
DB00860,6502
DB00741,9971
DB00741,6502
DB01380,9971
DB01380,6502
DB14539,9971
DB14539,6502
DB01234,9971
DB01234,6502
DB00443,9971
DB00443,6502
DB00620,9971
DB00620,6502
DB00936,4855
DB00936,2400
DB01397,4855
DB01397,2400
DB01204,18906
DB01204,4949
DB00444,18906
DB00444,4949
DB01324,10811
DB00457,10811
DB00440,5619
DB00440,827
DB00440,18626
DB01015,5619
DB01015,827
DB01015,18626
DB00415,5619
DB00415,827
DB00415,18626
DB01060,5619
DB01060,827
DB01060,18626
DB00959,3781_5607_18597
DB00860,3781_5607_18597
DB01380,3781_5607_18597
DB00443,3781_5607_18597
DB00620,3781_5607_18597
DB00492,4981
DB00519,4981
DB00178,4981
DB00542,4981
DB00881,4981
DB00790,4981
DB00722,4981
DB01136,4981
DB00612,4981
DB01197,4981
DB00264,4981
DB00335,4981
DB01118,4981
DB00796,4981
DB00966,4981
DB01029,4981
DB00177,4981
DB00876,4981
DB04861,4981
DB00678,4981
DB00691,4981
DB00492,6727
DB00519,6727
DB00178,6727
DB00542,6727
DB00881,6727
DB00790,6727
DB00722,6727
DB01136,6727
DB00612,6727
DB01197,6727
DB00661,6727
DB00264,6727
DB00343,6727
DB00335,6727
DB00796,6727
DB00966,6727
DB01029,6727
DB00177,6727
DB00876,6727
DB00678,6727
DB00691,6727
DB00492,5016
DB00519,5016
DB00178,5016
DB00542,5016
DB00881,5016
DB00790,5016
DB00722,5016
DB00796,5016
DB00966,5016
DB00177,5016
DB00876,5016
DB00691,5016
DB09203,5468
DB00388,5468
DB00812,5393
DB00749,5393
DB00573,5393
DB01009,5393
DB00903,1566
DB00903,1567
DB00903,2319
DB00695,1566
DB00695,1567
DB00695,2319
DB00887,1566
DB00887,1567
DB00887,2319
DB00594,1566
DB00594,1567
DB00594,2319
DB01165,6052
DB00615,6052
DB01059,6052
DB01172,6052
DB00479,6052
DB00218,6052
DB01044,6052
DB01137,6052
DB00273,7079_2491_4938_2046_5367_5689_4456_5186
DB00330,6042
DB00330,44684
DB00615,6042
DB00615,44684
DB00260,6042
DB00260,44684
DB00133,6042
DB00133,44684
DB00951,6042
DB00951,44684
DB00609,6042
DB00609,44684
DB00367,11438
DB03904,11438
DB00407,5542
DB01109,5542
DB01225,5542
DB06005,5542
DB06779,5542
DB09260,5542
DB15404,5542
DB00187,5542
DB00727,5542
DB00006,5542
DB00569,5542
DB02901,11382
DB02901,20989
DB13169,11382
DB13169,20989
DB02701,1117
DB02701,6988
DB01783,1117
DB01783,6988
DB11248,1117
DB11248,6988
DB01698,1117
DB01698,6988
DB00159,5347
DB01406,1571
DB01406,1100
DB01086,1566
DB01086,1567
DB01086,2319
DB09481,1566
DB09481,1567
DB09481,2319
DB09104,1566
DB09104,1567
DB09104,2319
DB00241,5277
DB00241,11845_12441_11851_11847_8000_12440_11850_12715_100246_13344_12210_12303_12331
DB01435,5277
DB01435,11845_12441_11851_11847_8000_12440_11850_12715_100246_13344_12210_12303_12331
DB06706,5277
DB06706,11845_12441_11851_11847_8000_12440_11850_12715_100246_13344_12210_12303_12331
DB00611,5277
DB00611,11845_12441_11851_11847_8000_12440_11850_12715_100246_13344_12210_12303_12331
DB13178,21187_11237_11470
DB13178,1336
DB08949,21187_11237_11470
DB08949,1336
DB00184,21187_11237_11470
DB00184,1336
DB00201,11122
DB00201,19182
DB00397,11122
DB00397,19182
DB00351,8170
DB00351,2752
DB00351,3582
DB00351,3792
DB00351,3795
DB00351,5601
DB00351,5744
DB00351,6045
DB00351,6335
DB00351,16093
DB00351,16096
DB00351,16248
DB00351,16249
DB00351,17327
DB00351,18171
DB00351,18172
DB00351,18369
DB00351,20538
DB00351,20541
DB00351,20542
DB00351,20543
DB00007,8170
DB00007,2752
DB00007,3582
DB00007,3792
DB00007,3795
DB00007,5601
DB00007,5744
DB00007,6045
DB00007,6335
DB00007,16093
DB00007,16096
DB00007,16248
DB00007,16249
DB00007,17327
DB00007,18171
DB00007,18172
DB00007,18369
DB00007,20538
DB00007,20541
DB00007,20542
DB00007,20543
DB00773,8170
DB00773,2752
DB00773,3582
DB00773,3792
DB00773,3795
DB00773,5601
DB00773,5744
DB00773,6045
DB00773,6335
DB00773,16093
DB00773,16096
DB00773,16248
DB00773,16249
DB00773,17327
DB00773,18171
DB00773,18172
DB00773,18369
DB00773,20538
DB00773,20541
DB00773,20542
DB00773,20543
DB01101,8170
DB01101,2752
DB01101,3582
DB01101,3792
DB01101,3795
DB01101,5601
DB01101,5744
DB01101,6045
DB01101,6335
DB01101,16093
DB01101,16096
DB01101,16248
DB01101,16249
DB01101,17327
DB01101,18171
DB01101,18172
DB01101,18369
DB01101,20538
DB01101,20541
DB01101,20542
DB01101,20543
DB01217,8170
DB01217,2752
DB01217,3582
DB01217,3792
DB01217,3795
DB01217,5601
DB01217,5744
DB01217,6045
DB01217,6335
DB01217,16093
DB01217,16096
DB01217,16248
DB01217,16249
DB01217,17327
DB01217,18171
DB01217,18172
DB01217,18369
DB01217,20538
DB01217,20541
DB01217,20542
DB01217,20543
DB01248,8170
DB01248,2752
DB01248,3582
DB01248,3792
DB01248,3795
DB01248,5601
DB01248,5744
DB01248,6045
DB01248,6335
DB01248,16093
DB01248,16096
DB01248,16248
DB01248,16249
DB01248,17327
DB01248,18171
DB01248,18172
DB01248,18369
DB01248,20538
DB01248,20541
DB01248,20542
DB01248,20543
DB01006,8170
DB01006,2752
DB01006,3582
DB01006,3792
DB01006,3795
DB01006,5601
DB01006,5744
DB01006,6045
DB01006,6335
DB01006,16093
DB01006,16096
DB01006,16248
DB01006,16249
DB01006,17327
DB01006,18171
DB01006,18172
DB01006,18369
DB01006,20538
DB01006,20541
DB01006,20542
DB01006,20543
DB00675,8170
DB00675,2752
DB00675,3582
DB00675,3792
DB00675,3795
DB00675,5601
DB00675,5744
DB00675,6045
DB00675,6335
DB00675,16093
DB00675,16096
DB00675,16248
DB00675,16249
DB00675,17327
DB00675,18171
DB00675,18172
DB00675,18369
DB00675,20538
DB00675,20541
DB00675,20542
DB00675,20543
DB13956,8487
DB00367,8487
DB00603,8487
DB00717,8487
DB01395,8487
DB09123,8487
DB00331,8487
DB00396,8487
DB00977,8487
DB00304,8487
DB00655,8487
DB00421,8487
DB00783,8487
DB00957,8487
DB11256,8487
DB00823,8487
DB14491,8487
DB00367,5133
DB00367,10888
DB14491,5133
DB14491,10888
DB06789,2447
DB06789,11962
DB06789,21251
DB06789,6003
DB00958,2447
DB00958,11962
DB00958,21251
DB00958,6003
DB01229,2447
DB01229,11962
DB01229,21251
DB01229,6003
DB00997,2447
DB00997,11962
DB00997,21251
DB00997,6003
DB00675,2447
DB00675,11962
DB00675,21251
DB00675,6003
DB01095,5098
DB01095,11057
DB01095,20671
DB01095,2679
DB00227,5098
DB00227,11057
DB00227,20671
DB00227,2679
DB00682,8559_8560_2305
DB00407,5068
DB00407,6716
DB00407,6652_3678_1090_3672_3673_3676_3677_3679_6803
DB00407,19050_4781_44348_44349
DB01109,5068
DB01109,6716
DB01109,6652_3678_1090_3672_3673_3676_3677_3679_6803
DB01109,19050_4781_44348_44349
DB01225,5068
DB01225,6716
DB01225,6652_3678_1090_3672_3673_3676_3677_3679_6803
DB01225,19050_4781_44348_44349
DB06005,5068
DB06005,6716
DB06005,6652_3678_1090_3672_3673_3676_3677_3679_6803
DB06005,19050_4781_44348_44349
DB06779,5068
DB06779,6716
DB06779,6652_3678_1090_3672_3673_3676_3677_3679_6803
DB06779,19050_4781_44348_44349
DB09260,5068
DB09260,6716
DB09260,6652_3678_1090_3672_3673_3676_3677_3679_6803
DB09260,19050_4781_44348_44349
DB15404,5068
DB15404,6716
DB15404,6652_3678_1090_3672_3673_3676_3677_3679_6803
DB15404,19050_4781_44348_44349
DB00727,5068
DB00727,6716
DB00727,6652_3678_1090_3672_3673_3676_3677_3679_6803
DB00727,19050_4781_44348_44349
DB00569,5068
DB00569,6716
DB00569,6652_3678_1090_3672_3673_3676_3677_3679_6803
DB00569,19050_4781_44348_44349
DB01185,2280
DB01185,2281
DB00762,8433
DB00441,8433
DB00361,8433
DB00541,8433
DB00958,8433
DB01181,8433
DB01229,8433
DB01248,8433
DB01174,24288
DB01174,2408
DB01174,7745
DB00762,16684
DB00762,19781
DB01168,16684
DB01168,19781
DB00541,16684
DB00541,19781
DB00262,16684
DB00262,19781
DB00318,1673
DB00575,1673
DB00424,1673
DB00762,5233
DB00762,8903
DB00570,5233
DB00570,8903
DB00305,5233
DB00305,8903
DB00958,5233
DB00958,8903
DB01181,5233
DB01181,8903
DB09110,5233
DB09110,8903
DB00773,5233
DB00773,8903
DB00762,2501
DB01168,2501
DB00541,2501
DB00762,12817
DB00441,12817
DB00853,12817
DB00541,12817
DB00958,12817
DB01181,12817
DB09110,12817
DB00773,12817
DB00997,12817
DB01030,12817
DB01248,12817
DB00526,6047
DB00997,6047
DB01101,6047
DB00916,705
DB00916,4639
DB00766,24330
DB00964,6875
DB00575,6875
DB00741,6608_6609
DB00741,24343
DB01380,6608_6609
DB01380,24343
DB00410,6552
DB00410,6608_6609
DB09357,2406
DB00162,2406
DB00281,2406
DB00981,1868_1744_1742_1864
DB00981,1966_1817
DB00133,1868_1744_1742_1864
DB00133,1966_1817
DB00373,1868_1744_1742_1864
DB00373,1966_1817
DB01214,1868_1744_1742_1864
DB01214,1966_1817
DB04272,8369_11422_9967_8368_15827_17828_1909_18440_17829
DB09154,8369_11422_9967_8368_15827_17828_1909_18440_17829
DB00635,9688_18325
DB00635,18324
DB00635,20124
DB00860,9688_18325
DB00860,18324
DB00860,20124
DB01234,9688_18325
DB01234,18324
DB01234,20124
DB01221,5263
DB01221,12048
DB01221,2009_12050_12100
DB01221,8187_2050_5618_5451_5371_100081_5383_1942_1098_3265_11924_12384
DB00780,5452
DB00458,5452
DB00321,5452
DB01151,5452
DB01022,1751
DB01022,11559_9469_19008
DB01022,15762_17290_18804
DB00760,4652
DB00440,4652
DB01015,4652
DB09324,4652
DB09324,18059_5373
DB00760,16595
DB00760,5119
DB00537,16595
DB00537,5119
DB01165,16595
DB01165,5119
DB01597,16595
DB01597,5119
DB01211,16595
DB01211,5119
DB01059,16595
DB01059,5119
DB00415,16595
DB00415,5119
DB01598,16595
DB01598,5119
DB00446,16595
DB00446,5119
DB01190,16595
DB01190,5119
DB00512,16595
DB00512,5119
DB01045,16595
DB01045,5119
DB00199,16595
DB00199,5119
DB00760,4789_1929_1930_1931
DB00760,1928
DB00760,13433_18646_18647
DB00760,18645
DB00595,4789_1929_1930_1931
DB00595,1928
DB00595,13433_18646_18647
DB00595,18645
DB00713,4789_1929_1930_1931
DB00713,1928
DB00713,13433_18646_18647
DB00713,18645
DB01147,4789_1929_1930_1931
DB01147,1928
DB01147,13433_18646_18647
DB01147,18645
DB01603,4789_1929_1930_1931
DB01603,1928
DB01603,13433_18646_18647
DB01603,18645
DB00759,4789_1929_1930_1931
DB00759,1928
DB00759,13433_18646_18647
DB00759,18645
DB00766,4789_1929_1930_1931
DB00766,1928
DB00766,13433_18646_18647
DB00766,18645
DB00948,4789_1929_1930_1931
DB00948,1928
DB00948,13433_18646_18647
DB00948,18645
DB01602,4789_1929_1930_1931
DB01602,1928
DB01602,13433_18646_18647
DB01602,18645
DB01061,4789_1929_1930_1931
DB01061,1928
DB01061,13433_18646_18647
DB01061,18645
DB01000,4789_1929_1930_1931
DB01000,1928
DB01000,13433_18646_18647
DB01000,18645
DB01607,4789_1929_1930_1931
DB01607,1928
DB01607,13433_18646_18647
DB01607,18645
DB01060,4789_1929_1930_1931
DB01060,1928
DB01060,13433_18646_18647
DB01060,18645
DB13092,4789_1929_1930_1931
DB13092,1928
DB13092,13433_18646_18647
DB13092,18645
DB00681,4789_1929_1930_1931
DB00681,1928
DB00681,13433_18646_18647
DB00681,18645
DB00618,4789_1929_1930_1931
DB00618,1928
DB00618,13433_18646_18647
DB00618,18645
DB01017,4789_1929_1930_1931
DB01017,1928
DB01017,13433_18646_18647
DB01017,18645
DB00760,17775
DB01597,17775
DB00438,17775
DB01598,17775
DB00415,1316
DB09324,1316
DB00512,1316
DB00760,17776
DB00440,17776
DB01017,17776
DB00760,41850
DB00760,1701
DB00537,1701
DB01165,1701
DB01597,1701
DB01211,1701
DB01059,1701
DB00415,1701
DB01598,1701
DB00446,1701
DB01190,1701
DB00512,1701
DB01045,1701
DB00199,1701
DB00760,40728
DB01597,40728
DB02703,40728
DB00415,40728
DB01598,40728
DB08841,44751
DB01432,44751
DB01117,5921
DB02703,5921
DB00254,5921
DB01131,5921
DB01117,5989_5697
DB01117,1191_24302_24303
DB01117,19147
DB00250,5989_5697
DB00250,1191_24302_24303
DB00250,19147
DB01190,5989_5697
DB01190,1191_24302_24303
DB01190,19147
DB01117,5661
DB01190,5661
DB00468,5661
DB01087,19121
DB00250,19121
DB01190,19121
DB00563,18874_4643
DB00563,15667
DB00563,5223
DB00563,5224
DB00563,15165
DB00563,15166
DB00563,17893
DB00563,17894
DB00563,18256
DB00563,18433
DB00563,18434
DB00563,18435
DB00563,18437
DB00563,19457
DB00563,20320
DB01033,18874_4643
DB01033,15667
DB01033,5223
DB01033,5224
DB01033,15165
DB01033,15166
DB01033,17893
DB01033,17894
DB01033,18256
DB01033,18433
DB01033,18434
DB01033,18435
DB01033,18437
DB01033,19457
DB01033,20320
DB00958,18874_4643
DB00958,15667
DB00958,5223
DB00958,5224
DB00958,15165
DB00958,15166
DB00958,17893
DB00958,17894
DB00958,18256
DB00958,18433
DB00958,18434
DB00958,18435
DB00958,18437
DB00958,19457
DB00958,20320
DB00773,18874_4643
DB00773,15667
DB00773,5223
DB00773,5224
DB00773,15165
DB00773,15166
DB00773,17893
DB00773,17894
DB00773,18256
DB00773,18433
DB00773,18434
DB00773,18435
DB00773,18437
DB00773,19457
DB00773,20320
DB00441,5447
DB00441,10274_10108
DB00441,3669
DB00441,5744
DB00441,18193_6448
DB00441,20513
DB00441,3001
DB00526,5447
DB00526,10274_10108
DB00526,3669
DB00526,5744
DB00526,18193_6448
DB00526,20513
DB00526,3001
DB00958,5447
DB00958,10274_10108
DB00958,3669
DB00958,5744
DB00958,18193_6448
DB00958,20513
DB00958,3001
DB01229,5447
DB01229,10274_10108
DB01229,3669
DB01229,5744
DB01229,18193_6448
DB01229,20513
DB01229,3001
DB00441,5627
DB00441,5398
DB00570,5627
DB00570,5398
DB00544,5627
DB00544,5398
DB00305,5627
DB00305,5398
DB00958,5627
DB00958,5398
DB01181,5627
DB01181,5398
DB09110,5627
DB09110,5398
DB01229,5627
DB01229,5398
DB00997,5627
DB00997,5398
DB00441,1187
DB00441,4986
DB00441,4987
DB00441,4114
DB00441,16211
DB00570,1187
DB00570,4986
DB00570,4987
DB00570,4114
DB00570,16211
DB00563,1187
DB00563,4986
DB00563,4987
DB00563,4114
DB00563,16211
DB00544,1187
DB00544,4986
DB00544,4987
DB00544,4114
DB00544,16211
DB00305,1187
DB00305,4986
DB00305,4987
DB00305,4114
DB00305,16211
DB00958,1187
DB00958,4986
DB00958,4987
DB00958,4114
DB00958,16211
DB01229,1187
DB01229,4986
DB01229,4987
DB01229,4114
DB01229,16211
DB00541,4948_872_4963_20511_4947_814
DB00541,2083
DB00552,4948_872_4963_20511_4947_814
DB00552,2083
DB00997,4948_872_4963_20511_4947_814
DB00997,2083
DB00853,5191
DB00959,9693
DB00541,9693
DB00635,9693
DB00860,9693
DB01380,9693
DB00443,9693
DB00773,9693
DB00620,9693
DB00563,12883
DB00936,5101
DB00233,5101
DB01033,5101
DB00993,5101
DB00987,11996
DB01168,9891
DB01168,5615
DB01168,5571
DB01033,9891
DB01033,5615
DB01033,5571
DB01005,9891
DB01005,5615
DB01005,5571
DB08877,5719
DB00407,5719
DB01109,5719
DB01225,5719
DB06005,5719
DB06779,5719
DB09260,5719
DB15404,5719
DB00207,5719
DB00959,5719
DB00507,5719
DB00608,5719
DB00877,5719
DB00126,5719
DB06273,5719
DB00811,5719
DB12466,5719
DB01264,5719
DB13997,5719
DB00198,5719
DB01601,5719
DB14761,5719
DB14724,5719
DB00503,5719
DB14126,5719
DB00879,5719
DB13609,5719
DB11817,5719
DB01611,5719
DB09065,5719
DB05382,4425
DB05382,5364
DB05382,10138
DB00364,7186
DB00364,1409
DB00364,6896
DB00199,7186
DB00199,1409
DB00199,6896
DB00250,6554
DB00770,5294
DB00770,5295
DB00770,5386
DB00979,20283_6651
DB00979,2289
DB00979,2970
DB00979,17255
DB06781,20283_6651
DB06781,2289
DB06781,2970
DB06781,17255
DB00672,4782
DB00672,7450
DB00672,19846_15790
DB00310,4782
DB00310,7450
DB00310,19846_15790
DB00232,4782
DB00232,7450
DB00232,19846_15790
DB00571,10138
DB00571,4425
DB00571,5364
DB00264,10138
DB00264,4425
DB00264,5364
DB01203,10138
DB01203,4425
DB01203,5364
DB01193,10138
DB01193,4425
DB01193,5364
DB00335,10138
DB00335,4425
DB00335,5364
DB04824,2203
DB00959,6314
DB00635,6314
DB00860,6314
DB01380,6314
DB01234,6314
DB00443,6314
DB00620,6314
DB01086,2268
DB04465,2268
DB01174,8159
DB01174,5298
DB00196,1461
DB00196,5982
DB00264,5477
DB00264,14191_12762_11484_13966_13529_17990
DB00264,18685
DB09203,4745
DB00388,4745
DB00610,4745
DB00445,1056
DB00445,21085
DB00445,7648_5017
DB00445,18184
DB00445,4950
DB06769,18876_6430
DB06769,4095
DB06769,4638
DB00242,100280
DB00242,432
DB00242,5190
DB00291,100280
DB00291,432
DB00291,5190
DB00959,6932
DB00860,6932
DB01219,19790
DB01200,19790
DB00285,5146
DB00370,5146
DB00215,5146
DB00472,5146
DB00176,5146
DB00321,5146
DB01175,5146
DB06700,1247
DB06700,3699
DB13092,6802
DB13092,10356
DB00618,6802
DB00618,10356
DB00285,21667
DB06700,21667
DB00555,21667
DB00497,21667
DB00726,21667
DB00540,21667
DB00996,21667
DB00252,21667
DB00295,21667
DB00458,21667
DB00321,21667
DB01151,21667
DB01174,21667
DB00564,21667
DB00193,21667
DB00704,21667
DB00794,21667
DB00934,21667
DB06700,8187_2050_5618_5451_5371_100081_5383_1942_1098_3265_11924_12384
DB00434,18546
DB00215,8187_2050_5618_5451_5371_100081_5383_1942_1098_3265_11924_12384
DB00475,8187_2050_5618_5451_5371_100081_5383_1942_1098_3265_11924_12384
DB00458,8187_2050_5618_5451_5371_100081_5383_1942_1098_3265_11924_12384
DB01151,8187_2050_5618_5451_5371_100081_5383_1942_1098_3265_11924_12384
DB00829,8187_2050_5618_5451_5371_100081_5383_1942_1098_3265_11924_12384
DB01175,8187_2050_5618_5451_5371_100081_5383_1942_1098_3265_11924_12384
DB00683,2125
DB01174,2125
DB00312,9468
DB00312,6810
DB00819,9468
DB00819,6810
DB00215,8114_1158
DB01175,8114_1158
DB00747,11786_5324_24332
DB00747,6004
DB11315,11786_5324_24332
DB11315,6004
DB06794,5642
DB06794,2309_2308
DB06794,2313
DB06781,5642
DB06781,2309_2308
DB06781,2313
DB00747,3014_4514
DB11315,3014_4514
DB02703,5313
DB00415,5313
DB00479,5313
DB00186,6642
DB13719,5546
DB13719,6862
DB00715,5546
DB00715,6862
DB00472,5546
DB00472,6862
DB00321,5546
DB00321,6862
DB00924,5546
DB00924,6862
DB00193,5546
DB00193,6862
DB00413,5546
DB00413,6862
DB00316,5546
DB00316,6862
DB00878,4845
DB00878,5318
DB01123,879
DB00857,879
DB06781,6814
DB00341,5492
DB00341,10481
DB00950,5492
DB00950,10481
DB00455,5492
DB00455,10481
DB00637,5492
DB00637,10481
DB00501,5492
DB00501,10481
DB00342,5492
DB00342,10481
DB06282,5492
DB06282,10481
DB14507,40797
DB13719,40797
DB00939,40797
DB00784,40797
DB01435,40797
DB14509,40797
DB06706,40797
DB00573,40797
DB00861,40797
DB01009,40797
DB00316,40797
DB01004,5132
DB00196,1628
DB01167,1628
DB00196,5915
DB00735,5915
DB00196,1405
DB00857,15908
DB01167,15908
DB01099,15908
DB00882,5372
DB00882,9461
DB00882,10220
DB00882,15746
DB00882,17173
DB00882,18389
DB00882,18390
DB00882,18391
DB00882,18392
DB00882,18393
DB00882,18394
DB00882,18395
DB00882,18407_20091
DB00882,20092
DB00445,2629
DB01181,2629
DB09110,2629
DB00773,2629
DB01151,44211_44212_44213
DB00104,24677
DB00104,5048
DB11063,6733
DB11063,10030
DB11061,6733
DB11061,10030
DB14478,6733
DB14478,10030
DB11060,6733
DB11060,10030
DB01839,6733
DB01839,10030
DB09287,6733
DB09287,10030
DB11077,6733
DB11077,10030
DB11161,6733
DB11161,10030
DB11236,6733
DB11236,10030
DB00871,6733
DB00871,10030
DB06718,13144
DB00722,5266
DB00722,1687
DB00440,5025_6669
DB00440,6981
DB01015,5025_6669
DB01015,6981
DB00713,5025_6669
DB00713,6981
DB01147,5025_6669
DB01147,6981
DB01603,5025_6669
DB01603,6981
DB00959,18097
DB00959,10632_33369_33371_10472_14477_32598_10396_32768_33361_13389_14859_14392_33373_32752_32657_14593_32663_14947_13388_14377_32808_14895_30059_13387_32880_33363_32678_13989_33366_10375_13277_33362_14917_14921_14933_14942_30054_14607_14595_14133_33370_14201_32918_14949_32813_14533_14598_10246_33368_15025_14371_54845_14360_13056_13801_14718_14719_32812_32858_30072_14505_14199_14003_14328_15000_33367_33372_15002_12245_30856_32710_32725_33364_33365_14868_29138_32822_12812_32895_14625_34106_33374_100079_14916_14647_100062_25353
DB00635,18097
DB00635,10632_33369_33371_10472_14477_32598_10396_32768_33361_13389_14859_14392_33373_32752_32657_14593_32663_14947_13388_14377_32808_14895_30059_13387_32880_33363_32678_13989_33366_10375_13277_33362_14917_14921_14933_14942_30054_14607_14595_14133_33370_14201_32918_14949_32813_14533_14598_10246_33368_15025_14371_54845_14360_13056_13801_14718_14719_32812_32858_30072_14505_14199_14003_14328_15000_33367_33372_15002_12245_30856_32710_32725_33364_33365_14868_29138_32822_12812_32895_14625_34106_33374_100079_14916_14647_100062_25353
DB00860,18097
DB00860,10632_33369_33371_10472_14477_32598_10396_32768_33361_13389_14859_14392_33373_32752_32657_14593_32663_14947_13388_14377_32808_14895_30059_13387_32880_33363_32678_13989_33366_10375_13277_33362_14917_14921_14933_14942_30054_14607_14595_14133_33370_14201_32918_14949_32813_14533_14598_10246_33368_15025_14371_54845_14360_13056_13801_14718_14719_32812_32858_30072_14505_14199_14003_14328_15000_33367_33372_15002_12245_30856_32710_32725_33364_33365_14868_29138_32822_12812_32895_14625_34106_33374_100079_14916_14647_100062_25353
DB01380,18097
DB01380,10632_33369_33371_10472_14477_32598_10396_32768_33361_13389_14859_14392_33373_32752_32657_14593_32663_14947_13388_14377_32808_14895_30059_13387_32880_33363_32678_13989_33366_10375_13277_33362_14917_14921_14933_14942_30054_14607_14595_14133_33370_14201_32918_14949_32813_14533_14598_10246_33368_15025_14371_54845_14360_13056_13801_14718_14719_32812_32858_30072_14505_14199_14003_14328_15000_33367_33372_15002_12245_30856_32710_32725_33364_33365_14868_29138_32822_12812_32895_14625_34106_33374_100079_14916_14647_100062_25353
DB01234,18097
DB01234,10632_33369_33371_10472_14477_32598_10396_32768_33361_13389_14859_14392_33373_32752_32657_14593_32663_14947_13388_14377_32808_14895_30059_13387_32880_33363_32678_13989_33366_10375_13277_33362_14917_14921_14933_14942_30054_14607_14595_14133_33370_14201_32918_14949_32813_14533_14598_10246_33368_15025_14371_54845_14360_13056_13801_14718_14719_32812_32858_30072_14505_14199_14003_14328_15000_33367_33372_15002_12245_30856_32710_32725_33364_33365_14868_29138_32822_12812_32895_14625_34106_33374_100079_14916_14647_100062_25353
DB00443,18097
DB00443,10632_33369_33371_10472_14477_32598_10396_32768_33361_13389_14859_14392_33373_32752_32657_14593_32663_14947_13388_14377_32808_14895_30059_13387_32880_33363_32678_13989_33366_10375_13277_33362_14917_14921_14933_14942_30054_14607_14595_14133_33370_14201_32918_14949_32813_14533_14598_10246_33368_15025_14371_54845_14360_13056_13801_14718_14719_32812_32858_30072_14505_14199_14003_14328_15000_33367_33372_15002_12245_30856_32710_32725_33364_33365_14868_29138_32822_12812_32895_14625_34106_33374_100079_14916_14647_100062_25353
DB01284,18097
DB01284,10632_33369_33371_10472_14477_32598_10396_32768_33361_13389_14859_14392_33373_32752_32657_14593_32663_14947_13388_14377_32808_14895_30059_13387_32880_33363_32678_13989_33366_10375_13277_33362_14917_14921_14933_14942_30054_14607_14595_14133_33370_14201_32918_14949_32813_14533_14598_10246_33368_15025_14371_54845_14360_13056_13801_14718_14719_32812_32858_30072_14505_14199_14003_14328_15000_33367_33372_15002_12245_30856_32710_32725_33364_33365_14868_29138_32822_12812_32895_14625_34106_33374_100079_14916_14647_100062_25353
DB00620,18097
DB00620,10632_33369_33371_10472_14477_32598_10396_32768_33361_13389_14859_14392_33373_32752_32657_14593_32663_14947_13388_14377_32808_14895_30059_13387_32880_33363_32678_13989_33366_10375_13277_33362_14917_14921_14933_14942_30054_14607_14595_14133_33370_14201_32918_14949_32813_14533_14598_10246_33368_15025_14371_54845_14360_13056_13801_14718_14719_32812_32858_30072_14505_14199_14003_14328_15000_33367_33372_15002_12245_30856_32710_32725_33364_33365_14868_29138_32822_12812_32895_14625_34106_33374_100079_14916_14647_100062_25353
DB00770,1999_5149
DB01087,1601
DB01087,5136
DB00136,20578
DB00136,1068
DB00136,5520
DB00146,20578
DB00146,1068
DB00146,5520
DB00580,8143_7704_11923_12893_12894_12568
DB00580,5178_6629_5416_6630_6631_6632
DB00580,6816
DB00291,6835
DB00929,5412
DB05351,5412
DB09104,5412
DB00213,5412
DB01023,6021
DB00622,6021
DB00544,7576
DB00544,19086
DB01248,7576
DB01248,19086
DB01219,10679
DB01219,11486_12279_19950_20121_23595_18281
DB01219,10311
DB00359,19340
DB00359,19562
DB00359,5100
DB00795,19340
DB00795,19562
DB00795,5100
DB00493,1080
DB11195,2508
DB11092,2508
DB11090,2508
DB09325,2508
DB09413,313
DB09414,313
DB01241,11393_17773_32766
DB00417,19632
DB01211,19632
DB01212,19632
DB02703,19632
DB00493,19632
DB01053,19632
DB00254,19632
DB01060,19632
DB00199,19632
DB00417,5631
DB00417,2885
DB00417,6921
DB01190,5631
DB01190,2885
DB01190,6921
DB00199,5631
DB00199,2885
DB00199,6921
DB01190,1266
DB00512,1266
DB00199,1266
DB00417,24389
DB01053,24389
DB00254,2508
DB00364,2508
DB00104,5052
DB00104,705
DB00104,1315
DB00517,5052
DB00517,705
DB00517,1315
DB00505,5052
DB00505,705
DB00505,1315
DB00940,5052
DB00940,705
DB00940,1315
DB00782,5052
DB00782,705
DB00782,1315
DB04843,5052
DB04843,705
DB04843,1315
DB00424,5052
DB00424,705
DB00424,1315
DB00604,6769
DB00199,6769
DB09125,9067_19745_19746
DB09125,9294_13291_10598_13091_10362_9868_9295_9293_9290_9291_2413_2412
DB09125,5775
DB09125,30105_18116
DB04272,9067_19745_19746
DB04272,9294_13291_10598_13091_10362_9868_9295_9293_9290_9291_2413_2412
DB04272,5775
DB04272,30105_18116
DB09154,9067_19745_19746
DB09154,9294_13291_10598_13091_10362_9868_9295_9293_9290_9291_2413_2412
DB09154,5775
DB09154,30105_18116
DB01197,9067_19745_19746
DB01197,9294_13291_10598_13091_10362_9868_9295_9293_9290_9291_2413_2412
DB01197,5775
DB01197,30105_18116
DB00570,5072
DB00773,5072
DB00444,5072
DB00694,5072
DB00361,5055
DB00970,5055
DB00773,5055
DB00196,5706
DB00196,1699
DB00196,11989_5446
DB00738,11989_5446
DB00681,5723
DB00196,18312
DB00196,1827
DB00196,5657_240
DB00196,5669
DB00196,5968
DB00196,5672
DB09322,5362
DB09322,1196
DB09322,1780
DB00692,5362
DB00692,1196
DB00692,1780
DB01392,5362
DB01392,1196
DB01392,1780
DB00722,1214_6668_2314_5808_4811
DB00722,1226
DB09093,1214_6668_2314_5808_4811
DB09093,1226
DB00446,1214_6668_2314_5808_4811
DB00446,1226
DB00634,1214_6668_2314_5808_4811
DB00634,1226
DB00626,1214_6668_2314_5808_4811
DB00626,1226
DB00199,1214_6668_2314_5808_4811
DB00199,1226
DB00537,1517
DB00537,1673
DB00207,1517
DB00207,1673
DB01165,1517
DB01165,1673
DB01220,1517
DB01220,1673
DB01059,1517
DB01059,1673
DB02703,1517
DB02703,1673
DB00254,1517
DB00254,1673
DB01294,1517
DB01294,1673
DB01137,1517
DB01137,1673
DB00537,827
DB00537,17944
DB01165,827
DB01165,17944
DB01059,827
DB01059,17944
DB01330,6816
DB01330,4471
DB00948,6816
DB00948,4471
DB01607,6816
DB01607,4471
DB00467,1797
DB00467,5825
DB00467,5834
DB00467,6019
DB00467,6865
DB00440,1797
DB00440,5825
DB00440,5834
DB00440,6019
DB00440,6865
DB01015,1797
DB01015,5825
DB01015,5834
DB01015,6019
DB01015,6865
DB00766,1797
DB00766,5825
DB00766,5834
DB00766,6019
DB00766,6865
DB01060,1797
DB01060,5825
DB01060,5834
DB01060,6019
DB01060,6865
DB00199,1797
DB00199,5825
DB00199,5834
DB00199,6019
DB00199,6865
DB00537,4215
DB01165,4215
DB01597,4215
DB01059,4215
DB01598,4215
DB01190,4215
DB00512,4215
DB01045,4215
DB00199,4215
DB00860,4795_1051
DB00860,2776
DB00324,4795_1051
DB00324,2776
DB00253,4795_1051
DB00253,2776
DB00207,5498
DB02703,5498
DB00479,5498
DB00199,5498
DB01190,24294_24295
DB00199,24294_24295
DB00186,6731
DB01068,6731
DB01143,18881
DB00987,18881
DB01169,18881
DB06718,12197
DB06718,15909
DB00595,5867
DB00759,5867
DB13092,5867
DB00681,5867
DB00618,5867
DB01017,5867
DB01167,5706
DB01167,1827
DB01167,5657_240
DB01167,5669
DB01167,5968
DB01167,18312
DB01167,304
DB00681,304
DB00186,45057
DB00502,45057
DB06201,1386
DB00186,5433
DB00186,10198
DB00458,11918
DB01151,11918
DB01193,11918
DB01242,11918
DB00975,5264
DB00975,1613
DB00608,15104
DB00608,8296
DB00608,8295
DB00608,17754
DB00608,19142
DB01611,15104
DB01611,8296
DB01611,8295
DB01611,17754
DB01611,19142
DB00929,41526
DB00959,2251
DB00860,2251
DB01380,2251
DB00443,2251
DB00620,2251
DB00544,2974
DB00544,2877
DB00544,5131
DB00958,2974
DB00958,2877
DB00958,5131
DB01229,2974
DB01229,2877
DB01229,5131
DB00361,11962
DB00361,21251
DB01022,8692
DB00162,8692
DB00541,607
DB00459,607
DB00459,15758
DB00982,607
DB00982,15758
DB00291,607
DB00755,607
DB00755,15758
DB00997,607
DB00997,15758
DB09115,6585
DB09115,6570
DB14539,6585
DB14539,6570
DB01103,19558_4706
DB01103,15574
DB01103,4670_5282_19561
DB01041,19558_4706
DB01041,15574
DB01041,4670_5282_19561
DB00207,24472
DB00207,1195
DB01211,24472
DB01211,1195
DB00207,5077
DB01211,5077
DB00440,5077
DB01015,5077
DB00104,15183
DB00104,1979
DB00104,4566
DB00104,5803_18619
DB00104,7834
DB00104,12382_11153_9734
DB00104,19010
DB00104,1933
DB00104,1221
DB00104,21645
DB00544,100347
DB00997,100347
DB00428,100347
DB00104,45030
DB00104,9960_12845_33643_11471_12831_12875_12941_13153_8617_54849_5265_12832_12610_12840_11087_11521_11661_11699_11700_11701_12040_12829_12837_12838_12841_12852_12886_12887_12940_12973_13012
DB00104,41167
DB00270,8364
DB01023,8364
DB00622,8364
DB01115,8364
DB09322,7743
DB09322,5302
DB00540,7743
DB00540,5302
DB00458,7743
DB00458,5302
DB01151,7743
DB01151,5302
DB11248,7743
DB11248,5302
DB01156,7743
DB01156,5302
DB00564,7743
DB00564,5302
DB01103,2076
DB00140,9281
DB00140,9282
DB00959,5904
DB00328,5904
DB00635,5904
DB00860,5904
DB01380,5904
DB01234,5904
DB00443,5904
DB00620,5904
DB00936,11429_19433
DB00936,32920
DB00936,5095_43377
DB00359,11429_19433
DB00359,32920
DB00359,5095_43377
DB00608,11429_19433
DB00608,32920
DB00608,5095_43377
DB00461,11429_19433
DB00461,32920
DB00461,5095_43377
DB00554,11429_19433
DB00554,32920
DB00554,5095_43377
DB00995,11429_19433
DB00995,32920
DB00995,5095_43377
DB01397,11429_19433
DB01397,32920
DB01397,5095_43377
DB01611,11429_19433
DB01611,32920
DB01611,5095_43377
DB00741,18479_19847_23601_60783
DB00741,15898
DB00959,100053
DB00860,100053
DB00959,16848_8538
DB00635,16848_8538
DB01380,16848_8538
DB01234,16848_8538
DB00443,16848_8538
DB00959,19170_18593_18592_18596_18594
DB00959,18595
DB00959,9303
DB00959,12105_15943_2341
DB00959,17991
DB00635,19170_18593_18592_18596_18594
DB00635,18595
DB00635,9303
DB00635,12105_15943_2341
DB00635,17991
DB00860,19170_18593_18592_18596_18594
DB00860,18595
DB00860,9303
DB00860,12105_15943_2341
DB00860,17991
DB01380,19170_18593_18592_18596_18594
DB01380,18595
DB01380,9303
DB01380,12105_15943_2341
DB01380,17991
DB01234,19170_18593_18592_18596_18594
DB01234,18595
DB01234,9303
DB01234,12105_15943_2341
DB01234,17991
DB00443,19170_18593_18592_18596_18594
DB00443,18595
DB00443,9303
DB00443,12105_15943_2341
DB00443,17991
DB00620,19170_18593_18592_18596_18594
DB00620,18595
DB00620,9303
DB00620,12105_15943_2341
DB00620,17991
DB00959,4496
DB00959,5267
DB00959,24636
DB00635,4496
DB00635,5267
DB00635,24636
DB00860,4496
DB00860,5267
DB00860,24636
DB01380,4496
DB01380,5267
DB01380,24636
DB01234,4496
DB01234,5267
DB01234,24636
DB00443,4496
DB00443,5267
DB00443,24636
DB00620,4496
DB00620,5267
DB00620,24636
DB00959,17767
DB00959,43079
DB00936,17767
DB00936,43079
DB00635,17767
DB00635,43079
DB00860,17767
DB00860,43079
DB01380,17767
DB01380,43079
DB01234,17767
DB01234,43079
DB00443,17767
DB00443,43079
DB01397,17767
DB01397,43079
DB00620,17767
DB00620,43079
DB00959,4980
DB00959,2406
DB00860,4980
DB00860,2406
DB01380,4980
DB01380,2406
DB01234,4980
DB01234,2406
DB00443,4980
DB00443,2406
DB00410,2406
DB00620,4980
DB00620,2406
DB00959,10917_7319_1314
DB00959,2081
DB00635,10917_7319_1314
DB00635,2081
DB00860,10917_7319_1314
DB00860,2081
DB01380,10917_7319_1314
DB01380,2081
DB01234,10917_7319_1314
DB01234,2081
DB00443,10917_7319_1314
DB00443,2081
DB00620,10917_7319_1314
DB00620,2081
DB00959,19735
DB00635,19735
DB01380,19735
DB01234,19735
DB00443,19735
DB00620,19735
DB00959,18882
DB00563,18882
DB00635,18882
DB00860,18882
DB01380,18882
DB01234,18882
DB00443,18882
DB00620,18882
DB00959,5130
DB00959,18353
DB00635,5130
DB00635,18353
DB00860,5130
DB00860,18353
DB01380,5130
DB01380,18353
DB01234,5130
DB01234,18353
DB00443,5130
DB00443,18353
DB00620,5130
DB00620,18353
DB00959,19082
DB00250,19082
DB00635,19082
DB00860,19082
DB01380,19082
DB01234,19082
DB00443,19082
DB00891,19082
DB00620,19082
DB01004,17988
DB01004,17989
DB00640,17988
DB00640,17989
DB00264,17988
DB00264,17989
DB00280,5477
DB00759,6604
DB03904,6604
DB00254,6604
DB01190,6604
DB00634,6604
DB00681,6604
DB06781,4773
DB06781,17210
DB06781,17256_17257
DB00595,6604
DB02703,6604
DB09093,6604
DB13092,6604
DB00618,6604
DB01017,6604
DB00787,5883
DB00668,745
DB08841,17863
DB01432,17863
DB00668,190
DB00187,6846_1785_1133
DB00759,1078
DB00681,1078
DB00975,6809
DB01011,6640
DB01011,18912
DB00648,6640
DB00648,18912
DB00250,18824
DB00891,18824
DB00609,5124
DB01045,5124
DB01017,5124
DB00250,16823
DB00250,6614
DB00250,6617
DB00891,6614
DB00891,6617
DB00250,18746
DB00250,20548
DB00717,1836
DB00977,1836
DB00304,1836
DB00655,1836
DB00783,1836
DB00957,1836
DB14491,1836
DB00997,2691
DB00997,7256_18902_16216_3243
DB01104,12048
DB01104,7440_10648_12685_694_12881_12319_12642_12686_12877_12882
DB00472,12048
DB00472,7440_10648_12685_694_12881_12319_12642_12686_12877_12882
DB00263,5834
DB00263,1797
DB00263,5825
DB00263,6019
DB00263,6865
DB00595,5701
DB00595,21697
DB00440,5701
DB00440,21697
DB01015,5701
DB01015,21697
DB00759,5701
DB00759,21697
DB13092,5701
DB13092,21697
DB00681,5701
DB00681,21697
DB00618,5701
DB00618,21697
DB01017,5701
DB01017,21697
DB00440,5683
DB01015,5683
DB01053,19633
DB00199,19633
DB00595,18077
DB00759,18077
DB13092,18077
DB00681,18077
DB00618,18077
DB00199,1249
DB00199,5888
DB00595,19095
DB02703,19095
DB00759,19095
DB00254,19095
DB13092,19095
DB00681,19095
DB00618,19095
DB00440,5777
DB01015,5777
DB00199,5777
DB00440,5961
DB01015,5961
DB01000,5961
DB01190,5961
DB00199,5961
DB00595,9172
DB00595,2269
DB02703,9172
DB02703,2269
DB00415,9172
DB00415,2269
DB00759,9172
DB00759,2269
DB00254,9172
DB00254,2269
DB13092,9172
DB13092,2269
DB00618,9172
DB00618,2269
DB01017,9172
DB01017,2269
DB00585,19610
DB00585,1770
DB00585,2177
DB05351,19610
DB05351,1770
DB05351,2177
DB09104,19610
DB09104,1770
DB09104,2177
DB00722,4577
DB00626,4577
DB00585,16586
DB00585,7950
DB11132,16586
DB11132,7950
DB13595,16586
DB13595,7950
DB09154,16586
DB09154,7950
DB09481,16586
DB09481,7950
DB11098,16586
DB11098,7950
DB09281,16586
DB09281,7950
DB09104,16586
DB09104,7950
DB00585,12552_8234_8082_7540_19003_17169
DB11132,12552_8234_8082_7540_19003_17169
DB13595,12552_8234_8082_7540_19003_17169
DB09154,12552_8234_8082_7540_19003_17169
DB09481,12552_8234_8082_7540_19003_17169
DB11098,12552_8234_8082_7540_19003_17169
DB09281,12552_8234_8082_7540_19003_17169
DB09104,12552_8234_8082_7540_19003_17169
DB09322,2269
DB11248,2269
DB09322,8713
DB14533,8713
DB11248,8713
DB00603,19165_88_15791_15714
DB00603,7690
DB00603,8303
DB00396,19165_88_15791_15714
DB00396,7690
DB00396,8303
DB01406,19165_88_15791_15714
DB01406,7690
DB01406,8303
DB06715,5968
DB05382,5968
DB06715,1555
DB05382,1555
DB00915,7403_5357_7012
DB00915,16079_18686_6518_34976
DB00915,18926
DB00926,45011
DB00722,2307_1853_2306
DB00759,2307_1853_2306
DB09093,2307_1853_2306
DB00446,2307_1853_2306
DB00199,2307_1853_2306
DB00722,4926_1610_4925
DB00626,4926_1610_4925
DB00599,5299
DB00599,5264
DB00624,14143_11531_14693_13186_8104_12371_14691_13379_12690_32786_12547_32839_33669_18997
DB00624,8300
DB06710,14143_11531_14693_13186_8104_12371_14691_13379_12690_32786_12547_32839_33669_18997
DB06710,8300
DB06710,9047
DB06710,6823
DB06710,18068
DB00553,7082_12551_5340
DB11157,7082_12551_5340
DB00459,18056_6572_16767_43923_16769_16770
DB00553,18056_6572_16767_43923_16769_16770
DB05382,6996
DB00763,6996
DB01421,15474
DB00330,5936
DB00330,20590
DB02703,5936
DB02703,20590
DB00254,5936
DB00254,20590
DB00951,5936
DB00951,20590
DB00609,5936
DB00609,20590
DB01045,5936
DB01045,20590
DB00440,15766
DB01015,15766
DB00440,6836
DB01015,6836
DB00415,6836
DB00440,5894
DB01015,5894
DB00681,5894
DB00440,5116
DB01015,5116
DB01212,7024
DB01212,19095
DB01212,5901
DB00438,7024
DB00438,19095
DB00438,5901
DB02703,7024
DB02703,5901
DB00415,7024
DB00415,19095
DB00415,5901
DB00493,7024
DB00493,19095
DB00493,5901
DB00479,7024
DB00479,19095
DB00479,5901
DB00948,6753
DB01607,6753
DB01212,7023
DB01212,42370
DB00438,7023
DB00438,42370
DB02703,7023
DB02703,42370
DB00493,7023
DB00493,42370
DB00479,7023
DB00479,42370
DB02703,5136
DB00759,5136
DB00254,5136
DB01190,5136
DB00681,5136
DB06288,1442
DB06288,5379
DB00575,7661
DB00526,21063
DB00526,5575
DB00526,5401
DB00526,18513
DB00410,25419
DB02703,4794
DB00446,4794
DB00684,4794
DB00415,5828
DB01045,24313
DB01026,5898
DB01127,5898
DB00257,5898
DB01110,5898
DB09321,5898
DB02703,16003
DB00254,16003
DB02703,5825
DB02703,1797
DB02703,5834
DB02703,6019
DB02703,6865
DB00254,5825
DB00254,1797
DB00254,5834
DB00254,6019
DB00254,6865
DB03904,6522
DB03904,10962_7758_14622_19272_6588_18865_17667_17673_17672_44663
DB01255,13652_12179_8062_21107
DB01255,16158
DB01255,2602
DB01255,16430
DB01255,18544_10247
DB00458,13652_12179_8062_21107
DB00458,16158
DB00458,2602
DB00458,16430
DB00458,18544_10247
DB00571,4910
DB00571,8004
DB00571,11479
DB00571,24529
DB00571,1298
DB00264,4910
DB00264,8004
DB00264,11479
DB00264,24529
DB00264,1298
DB01203,4910
DB01203,8004
DB01203,11479
DB01203,24529
DB01203,1298
DB01193,4910
DB01193,8004
DB01193,11479
DB01193,24529
DB01193,1298
DB00335,4910
DB00335,8004
DB00335,11479
DB00335,24529
DB00335,1298
DB00373,4910
DB00373,8004
DB00373,11479
DB00373,24529
DB00373,1298
DB01005,8554_13794_11173_5029_10301
DB01005,19111
DB00364,4842
DB00260,20590
DB00260,5124
DB00133,20590
DB00133,5124
DB00845,20590
DB00845,5124
DB01017,20590
DB00359,703
DB00795,703
DB00115,4737
DB00158,4737
DB00115,2012
DB00200,2012
DB14098,2012
DB01168,1657
DB01168,5440
DB01168,6372
DB01168,16682
DB01168,16686
DB01168,16687
DB01168,16688
DB01168,16689
DB01168,16690
DB01168,16691_4000_3999
DB01168,16692
DB01168,2544_16695_18744_2543_2540
DB01168,16696
DB01168,16700
DB01168,16701_16702
DB01168,16703
DB01168,16705
DB01168,16706
DB01168,16707
DB01168,16715
DB01168,21193_17046
DB01168,18177
DB01168,18271
DB01168,18843
DB01168,18905_17601_6117_6268_6428
DB01168,2571
DB01168,6383
DB01168,17346
DB01168,17347
DB01168,17596
DB01168,17597
DB01168,18225
DB01168,20323
DB01168,20324
DB00445,18905_17601_6117_6268_6428
DB00445,2571
DB00445,6383
DB00445,17346
DB00445,17347
DB00445,17596
DB00445,17597
DB00445,18225
DB00445,20323
DB00445,20324
DB00773,18905_17601_6117_6268_6428
DB00773,2571
DB00773,6383
DB00773,17346
DB00773,17347
DB00773,17596
DB00773,17597
DB00773,18225
DB00773,20323
DB00773,20324
DB01042,18905_17601_6117_6268_6428
DB01042,2571
DB01042,6383
DB01042,17346
DB01042,17347
DB01042,17596
DB01042,17597
DB01042,18225
DB01042,20323
DB01042,20324
DB00987,18905_17601_6117_6268_6428
DB00987,2571
DB00987,6383
DB00987,17346
DB00987,17347
DB00987,17596
DB00987,17597
DB00987,18225
DB00987,20323
DB00987,20324
DB00169,6946
DB01070,6946
DB00153,6946
DB00331,5406
DB00806,1505
DB01053,4854
DB00871,4822
DB00871,18956
DB06151,13843
DB06151,54868
DB00151,13843
DB00151,54868
DB00282,24650
DB00399,24650
DB00199,237
DB01053,21562
DB00727,2519
DB00573,5578
DB00573,6816
DB00861,5578
DB00861,6816
DB00819,995
DB00819,16122
DB00819,5336
DB00819,13234_42979_8223
DB00819,1896
DB00819,1150
DB00563,19127
DB00563,19734
DB00993,19127
DB00993,19734
DB01181,7243
DB09110,7243
DB00773,7243
DB00987,7243
DB00738,5445
DB00766,1920_1031
DB00741,1920_1031
DB01380,1920_1031
DB01607,1920_1031
DB01060,1920_1031
DB00803,1920_1031
DB00880,16383
DB00999,16383
DB00328,16383
DB00594,16383
DB00121,9665
DB00121,11628
DB00121,9666
DB00295,5566
DB00694,19004_24675
DB00694,8679_11112_14779_11056_8680_8683_6058
DB00694,5636
DB00544,4989
DB00544,21100
DB00958,4989
DB00958,21100
DB00985,7972
DB00985,6744
DB00424,1445
DB00424,5693
DB00459,7417
DB00459,6582
DB00459,9925
DB00755,7417
DB00755,6582
DB00755,9925
DB00459,17778
DB00459,11026_11218_14011_33091_11680_14009_9441_15018_12847_11485_33092_9439_14010_13495_9443_17265
DB00459,19269
DB00459,15085
DB00459,17267_17268
DB00459,12208_19306
DB00755,17778
DB00755,11026_11218_14011_33091_11680_14009_9441_15018_12847_11485_33092_9439_14010_13495_9443_17265
DB00755,19269
DB00755,15085
DB00755,17267_17268
DB00755,12208_19306
DB00459,10031
DB00878,6723
DB00643,44346
DB00643,18408
DB00472,5929
DB00472,5379
DB00472,13652_12179_8062_21107
DB00472,16158
DB00472,19371
DB00926,18056_6572_16767_43923_16769_16770
DB00608,41182
DB00608,8273
DB00608,18024
DB01611,41182
DB01611,8273
DB01611,18024
DB00608,20576
DB01611,20576
DB00328,41755
DB00328,11822_100344_9424_909_10503_11242_15231
DB00328,1422
DB00328,3009
DB00328,20854_29132_20607_8323
DB00621,19499
DB00621,20466
DB00621,1967
DB02901,19499
DB02901,20466
DB02901,1967
DB00635,5665
DB00635,1835
DB00635,7592
DB00860,5665
DB00860,1835
DB00860,7592
DB00859,7603
DB00995,7603
DB09276,7603
DB09121,7603
DB00859,43267
DB00948,939
DB01061,939
DB01607,939
DB00512,939
DB00544,1879
DB00305,1879
DB00544,4844
DB00544,15748
DB00544,43771
DB00544,43300
DB01151,13652_12179_8062_21107
DB00344,13652_12179_8062_21107
DB01242,13652_12179_8062_21107
DB01041,8273
DB01041,4845
DB01041,15573
DB00741,18544_10247
DB00741,15339
DB01380,18544_10247
DB01380,15339
DB00136,10619_10358_20720
DB01234,5722
DB00017,13924_12592_14672_13460_12591_12536_30861_8146_8148_32846_13459_44329_14544_9805_49223_9804_14086_8147_13515_14029_12581_19019
DB00017,8149
DB00017,9803
DB00017,11215
DB00017,7204_14573_16085
DB00017,17791
DB00017,7842_20066_20521_20522
DB00993,16264_5543_21176_21177
DB00916,5662
DB00916,16472
DB00730,16472
DB00242,15531_17025_18310_17036_17029
DB00242,20519
DB00242,4638
DB00155,9109
DB00811,5820
DB00811,20501
DB00811,17880
DB00811,5784
DB00811,18081
DB00674,7488
DB00989,7488
DB00843,7488
DB01229,21355
DB01229,7576
DB00437,13869
DB00437,43176
DB00643,5776
DB00643,1532
DB00643,5745
DB00730,1532
DB00730,5745
DB00181,8599
DB00564,7450
DB00564,10582
DB00564,19846_15790
DB00564,4782
DB01045,41751
DB06819,9475
DB00586,7935
DB00586,3005
DB11156,5645
DB11156,5995
DB00730,5995
DB00730,297
DB01267,5260
DB01267,20643
DB01267,5258
DB00512,41259
DB00512,5504_1479
DB01045,41752
DB00410,6541
DB00410,7554_7551_7555_7550_14661_9181_18747_15551_19276_15550_17610_11869
DB00410,1404
DB00199,1404
