sample_id,dataset_id,sample_title,sex,age,tissue,disease_group_raw,fibrosis_stage_raw,nas_score_raw
GSM3615293,GSE126848,NAFL_1,Male,,Liver,NAFLD,,
GSM3615294,GSE126848,NAFL_2,Male,,Liver,NAFLD,,
GSM3615295,GSE126848,NAFL_3,Male,,Liver,NAFLD,,
GSM3615296,GSE126848,NAFL_4,Female,,Liver,NAFLD,,
GSM3615297,GSE126848,NAFL_5,Female,,Liver,NAFLD,,
GSM3615298,GSE126848,NAFL_6,Male,,Liver,NAFLD,,
GSM3615299,GSE126848,NAFL_7,Male,,Liver,NAFLD,,
GSM3615300,GSE126848,NAFL_8,Female,,Liver,NAFLD,,
GSM3615301,GSE126848,NAFL_9,Male,,Liver,NAFLD,,
GSM3615302,GSE126848,NAFL_10,Male,,Liver,NAFLD,,
GSM3615303,GSE126848,NAFL_11,Male,,Liver,NAFLD,,
GSM3615304,GSE126848,NAFL_12,Female,,Liver,NAFLD,,
GSM3615305,GSE126848,NAFL_13,Female,,Liver,NAFLD,,
GSM3615306,GSE126848,NAFL_14,Male,,Liver,NAFLD,,
GSM3615307,GSE126848,NAFL_15,Female,,Liver,NAFLD,,
GSM3615308,GSE126848,NASH_1,Male,,Liver,NASH,,
GSM3615309,GSE126848,NASH_2,Female,,Liver,NASH,,
GSM3615310,GSE126848,NASH_3,Male,,Liver,NASH,,
GSM3615311,GSE126848,NASH_4,Female,,Liver,NASH,,
GSM3615312,GSE126848,NASH_5,Male,,Liver,NASH,,
GSM3615313,GSE126848,NASH_6,Male,,Liver,NASH,,
GSM3615314,GSE126848,NASH_7,Male,,Liver,NASH,,
GSM3615315,GSE126848,NASH_8,Male,,Liver,NASH,,
GSM3615316,GSE126848,NASH_9,Male,,Liver,NASH,,
GSM3615317,GSE126848,NASH_10,Female,,Liver,NASH,,
GSM3615318,GSE126848,NASH_11,Female,,Liver,NASH,,
GSM3615319,GSE126848,NASH_12,Male,,Liver,NASH,,
GSM3615320,GSE126848,NASH_13,Male,,Liver,NASH,,
GSM3615321,GSE126848,NASH_14,Male,,Liver,NASH,,
GSM3615322,GSE126848,NASH_15,Male,,Liver,NASH,,
GSM3615323,GSE126848,NASH_16,Male,,Liver,NASH,,
GSM3615324,GSE126848,Normal-weight_1,Male,,Liver,healthy,,
GSM3615325,GSE126848,Normal-weight_2,Male,,Liver,healthy,,
GSM3615326,GSE126848,Normal-weight_3,Male,,Liver,healthy,,
GSM3615327,GSE126848,Normal-weight_4,Male,,Liver,healthy,,
GSM3615328,GSE126848,Normal-weight_5,Male,,Liver,healthy,,
GSM3615329,GSE126848,Normal-weight_6,Male,,Liver,healthy,,
GSM3615330,GSE126848,Normal-weight_7,Male,,Liver,healthy,,
GSM3615331,GSE126848,Normal-weight_8,Male,,Liver,healthy,,
GSM3615332,GSE126848,Normal-weight_9,Male,,Liver,healthy,,
GSM3615333,GSE126848,Normal-weight_10,Male,,Liver,healthy,,
GSM3615334,GSE126848,Normal-weight_11,Male,,Liver,healthy,,
GSM3615335,GSE126848,Normal-weight_12,Male,,Liver,healthy,,
GSM3615336,GSE126848,Normal-weight_13,Male,,Liver,healthy,,
GSM3615337,GSE126848,Normal-weight_14,Male,,Liver,healthy,,
GSM3615338,GSE126848,Obese_1,Male,,Liver,obese,,
GSM3615339,GSE126848,Obese_2,Male,,Liver,obese,,
GSM3615340,GSE126848,Obese_3,Male,,Liver,obese,,
GSM3615341,GSE126848,Obese_4,Male,,Liver,obese,,
GSM3615342,GSE126848,Obese_5,Male,,Liver,obese,,
GSM3615343,GSE126848,Obese_6,Male,,Liver,obese,,
GSM3615344,GSE126848,Obese_7,Male,,Liver,obese,,
GSM3615345,GSE126848,Obese_8,Male,,Liver,obese,,
GSM3615346,GSE126848,Obese_9,Male,,Liver,obese,,
GSM3615347,GSE126848,Obese_10,Male,,Liver,obese,,
GSM3615348,GSE126848,Obese_11,Male,,Liver,obese,,
GSM3615349,GSE126848,Obese_12,Male,,Liver,obese,,
GSM3758005,GSE130970,440349.1.X_1,F,80,liver biopsy,,3,5
GSM3758006,GSE130970,440350.1.X_1,F,48,liver biopsy,,3,4
GSM3758007,GSE130970,440351.1.X_4,F,65,liver biopsy,,3,5
GSM3758008,GSE130970,440352.1.X_4,F,53,liver biopsy,,3,5
GSM3758009,GSE130970,440353.1.X_4,F,61,liver biopsy,,3,6
GSM3758010,GSE130970,440354.1.X_4,F,46,liver biopsy,,3,6
GSM3758011,GSE130970,440355.1.X_4,F,56,liver biopsy,,3,5
GSM3758012,GSE130970,440357.1.X_5,F,55,liver biopsy,,3,6
GSM3758013,GSE130970,440375.1.X_8,F,60,liver biopsy,,3,4
GSM3758014,GSE130970,440376.1.X_1,M,56,liver biopsy,,3,4
GSM3758015,GSE130970,440377.1.X_1,F,64,liver biopsy,,3,4
GSM3758016,GSE130970,440378.1.X_1,M,45,liver biopsy,,2,5
GSM3758017,GSE130970,440379.1.X_1,M,43,liver biopsy,,1,5
GSM3758018,GSE130970,440380.1.X_1,F,49,liver biopsy,,2,5
GSM3758019,GSE130970,440381.1.X_1,F,64,liver biopsy,,2,5
GSM3758020,GSE130970,440382.1.X_1,M,41,liver biopsy,,2,3
GSM3758021,GSE130970,440383.1.X_1,F,36,liver biopsy,,2,4
GSM3758022,GSE130970,440384.1.X_1,M,69,liver biopsy,,1,5
GSM3758023,GSE130970,440385.1.X_1,M,39,liver biopsy,,1,4
GSM3758024,GSE130970,440388.1.X_1,F,55,liver biopsy,,2,3
GSM3758025,GSE130970,440389.1.X_1,F,31,liver biopsy,,1,3
GSM3758026,GSE130970,440390.1.X_1,F,65,liver biopsy,,2,3
GSM3758027,GSE130970,440391.1.X_3,F,48,liver biopsy,,1,3
GSM3758028,GSE130970,440393.1.X_3,F,53,liver biopsy,,2,2
GSM3758029,GSE130970,440394.1.X_3,M,50,liver biopsy,,1,2
GSM3758030,GSE130970,440395.1.X_3,F,52,liver biopsy,,2,5
GSM3758031,GSE130970,440408.1.X_6,F,64,liver biopsy,,3,4
GSM3758032,GSE130970,440409.1.X_6,F,70,liver biopsy,,3,3
GSM3758033,GSE130970,440410.1.X_6,M,41,liver biopsy,,4,3
GSM3758034,GSE130970,440411.1.X_7,F,46,liver biopsy,,4,5
GSM3758035,GSE130970,440417.1.X_8,F,47,liver biopsy,,0,3
GSM3758036,GSE130970,440418.1.X_8,M,65,liver biopsy,,1,5
GSM3758037,GSE130970,440419.1.X_8,M,49,liver biopsy,,0,3
GSM3758038,GSE130970,440420.1.X_8,M,40,liver biopsy,,1,3
GSM3758039,GSE130970,440421.1.X_1,M,61,liver biopsy,,0,1
GSM3758040,GSE130970,440422.1.X_1,F,53,liver biopsy,,1,6
GSM3758041,GSE130970,440423.1.X_1,M,31,liver biopsy,,0,4
GSM3758042,GSE130970,440424.1.X_1,F,38,liver biopsy,,0,3
GSM3758043,GSE130970,440426.1.X_2,F,59,liver biopsy,,0,3
GSM3758044,GSE130970,440429.1.X_2,M,59,liver biopsy,,0,2
GSM3758045,GSE130970,440430.1.X_2,M,34,liver biopsy,,0,2
GSM3758046,GSE130970,440432.1.X_1,M,57,liver biopsy,,0,4
GSM3758047,GSE130970,440435.1.X_3,M,64,liver biopsy,,0,3
GSM3758048,GSE130970,440436.1.X_4,F,43,liver biopsy,,0,2
GSM3758049,GSE130970,440437.1.X_1,F,41,liver biopsy,,0,4
GSM3758050,GSE130970,440438.1.X_4,F,53,liver biopsy,,0,4
GSM3758051,GSE130970,440440.1.X_4,M,37,liver biopsy,,0,5
GSM3758052,GSE130970,440441.1.X_5,M,32,liver biopsy,,0,3
GSM3758053,GSE130970,440451.1.X_7,F,60,liver biopsy,,0,2
GSM3758054,GSE130970,440474.1.X_2,F,56,liver biopsy,,0,2
GSM3758055,GSE130970,440475.1.X_2,F,59,liver biopsy,,0,1
GSM3758056,GSE130970,440476.1.X_2,M,51,liver biopsy,,0,2
GSM3758057,GSE130970,440477.1.X_2,F,41,liver biopsy,,1,4
GSM3758058,GSE130970,440478.1.X_2,F,34,liver biopsy,,1,4
GSM3758059,GSE130970,440479.1.X_3,M,44,liver biopsy,,1,4
GSM3758060,GSE130970,440480.1.X_3,M,43,liver biopsy,,1,5
GSM3758061,GSE130970,440481.1.X_3,M,38,liver biopsy,,1,3
GSM3758062,GSE130970,440482.1.X_3,M,52,liver biopsy,,1,4
GSM3758063,GSE130970,440483.1.X_3,F,53,liver biopsy,,1,3
GSM3758064,GSE130970,440484.1.X_4,M,52,liver biopsy,,1,2
GSM3758065,GSE130970,440485.1.X_4,F,55,liver biopsy,,1,5
GSM3758066,GSE130970,440487.1.X_4,M,21,liver biopsy,,1,5
GSM3758067,GSE130970,440488.1.X_4,F,41,liver biopsy,,1,1
GSM3758068,GSE130970,440490.1.X_5,M,57,liver biopsy,,1,5
GSM3758069,GSE130970,440492.1.X_5,F,57,liver biopsy,,1,6
GSM3758070,GSE130970,440525.1.X_4,F,45,liver biopsy,,1,4
GSM3758071,GSE130970,440526.1.X_4,F,53,liver biopsy,,1,3
GSM3758072,GSE130970,440527.1.X_4,M,44,liver biopsy,,1,6
GSM3758073,GSE130970,440528.1.X_5,F,68,liver biopsy,,0,1
GSM3758074,GSE130970,440529.1.X_5,M,19,liver biopsy,,0,1
GSM3758075,GSE130970,440534.1.X_5,F,64,liver biopsy,,0,0
GSM3758076,GSE130970,440538.1.X_6,M,26,liver biopsy,,0,0
GSM3758077,GSE130970,440548.1.X_7,F,60,liver biopsy,,0,0
GSM3758078,GSE130970,449058.1.X_7,F,77,liver biopsy,,3,6
GSM3758079,GSE130970,449060.1.X_8,F,55,liver biopsy,,1,6
GSM3758080,GSE130970,449063.1.X_8,F,54,liver biopsy,,1,5
GSM3758081,GSE130970,449064.1.X_8,F,35,liver biopsy,,1,3
GSM3758082,GSE130970,449065.1.X_5,F,62,liver biopsy,,0,0
GSM3998167,GSE135251,Liver patient 97,,,,early,2,4
GSM3998168,GSE135251,Liver patient 98,,,,moderate,3,7
GSM3998169,GSE135251,Liver patient 101,,,,early,2,7
GSM3998170,GSE135251,Liver patient 102,,,,moderate,3,6
GSM3998171,GSE135251,Liver patient 105,,,,early,0,5
GSM3998172,GSE135251,Liver patient 106,,,,early,1,5
GSM3998173,GSE135251,Liver patient 108,,,,moderate,3,6
GSM3998174,GSE135251,Liver patient 110,,,,early,2,6
GSM3998175,GSE135251,Liver patient 112,,,,early,0,2
GSM3998176,GSE135251,Liver patient 114,,,,early,2,5
GSM3998177,GSE135251,Liver patient 115,,,,early,1,1
GSM3998178,GSE135251,Liver patient 116,,,,early,2,5
GSM3998179,GSE135251,Liver patient 117,,,,moderate,3,8
GSM3998180,GSE135251,Liver patient 118,,,,early,2,5
GSM3998181,GSE135251,Liver patient 119,,,,early,1,4
GSM3998182,GSE135251,Liver patient 120,,,,early,2,3
GSM3998183,GSE135251,Liver patient 6,,,,early,1,6
GSM3998184,GSE135251,Liver patient 7,,,,early,2,5
GSM3998185,GSE135251,Liver patient 8,,,,moderate,3,6
GSM3998186,GSE135251,Liver patient 9,,,,early,2,3
GSM3998187,GSE135251,Liver patient 12,,,,early,2,8
GSM3998188,GSE135251,Liver patient 14,,,,moderate,3,7
GSM3998189,GSE135251,Liver patient 15,,,,early,0,5
GSM3998190,GSE135251,Liver patient 10,,,,moderate,3,6
GSM3998191,GSE135251,Liver patient 78,,,,moderate,4,6
GSM3998192,GSE135251,Liver patient 83,,,,early,1,2
GSM3998193,GSE135251,Liver patient 71,,,,moderate,3,5
GSM3998194,GSE135251,Liver patient 84,,,,early,1,3
GSM3998195,GSE135251,Liver patient 2,,,,moderate,3,5
GSM3998196,GSE135251,Liver patient 3,,,,early,1,4
GSM3998197,GSE135251,Liver patient 203,,,,early,1,2
GSM3998198,GSE135251,Liver patient 205,,,,early,1,2
GSM3998199,GSE135251,Liver patient 166,,,,early,2,5
GSM3998200,GSE135251,Liver patient 167,,,,moderate,3,4
GSM3998201,GSE135251,Liver patient 168,,,,moderate,4,8
GSM3998202,GSE135251,Liver patient 169,,,,early,0,5
GSM3998203,GSE135251,Liver patient 170,,,,moderate,3,4
GSM3998204,GSE135251,Liver patient 171,,,,early,1,6
GSM3998205,GSE135251,Liver patient 172,,,,early,1,3
GSM3998206,GSE135251,Liver patient 173,,,,early,0,6
GSM3998207,GSE135251,Liver patient 174,,,,moderate,3,6
GSM3998208,GSE135251,Liver patient 175,,,,moderate,4,5
GSM3998209,GSE135251,Liver patient 176,,,,moderate,3,8
GSM3998210,GSE135251,Liver patient 177,,,,moderate,3,5
GSM3998211,GSE135251,Liver patient 123,,,,early,2,5
GSM3998212,GSE135251,Liver patient 124,,,,early,1,5
GSM3998213,GSE135251,Liver patient 195,,,,early,0,4
GSM3998214,GSE135251,Liver patient 127,,,,moderate,4,6
GSM3998215,GSE135251,Liver patient 178,,,,early,2,7
GSM3998216,GSE135251,Liver control sample 2,,,,control,0,0
GSM3998217,GSE135251,Liver control sample 3,,,,control,0,0
GSM3998218,GSE135251,Liver control sample 5,,,,control,0,0
GSM3998219,GSE135251,Liver patient 196,,,,early,0,2
GSM3998220,GSE135251,Liver control sample 6,,,,control,0,0
GSM3998221,GSE135251,Liver control sample 7,,,,control,0,0
GSM3998222,GSE135251,Liver control sample 8,,,,control,0,0
GSM3998223,GSE135251,Liver control sample 9,,,,control,0,0
GSM3998224,GSE135251,Liver control sample 10,,,,control,1,0
GSM3998225,GSE135251,Liver patient 21,,,,moderate,3,6
GSM3998226,GSE135251,Liver patient 197,,,,moderate,4,7
GSM3998227,GSE135251,Liver patient 23,,,,moderate,4,3
GSM3998228,GSE135251,Liver patient 198,,,,early,1,7
GSM3998229,GSE135251,Liver patient 46,,,,moderate,3,5
GSM3998230,GSE135251,Liver patient 90,,,,moderate,4,3
GSM3998231,GSE135251,Liver patient 79,,,,early,1,3
GSM3998232,GSE135251,Liver patient 202,,,,early,1,1
GSM3998233,GSE135251,Liver patient 75,,,,moderate,3,4
GSM3998234,GSE135251,Liver patient 77,,,,early,1,6
GSM3998235,GSE135251,Liver patient 81,,,,early,2,4
GSM3998236,GSE135251,Liver patient 82,,,,early,1,3
GSM3998237,GSE135251,Liver patient 70,,,,early,2,4
GSM3998238,GSE135251,Liver patient 121,,,,early,2,4
GSM3998239,GSE135251,Liver patient 72,,,,moderate,3,5
GSM3998240,GSE135251,Liver patient 73,,,,early,2,4
GSM3998241,GSE135251,Liver patient 74,,,,moderate,3,6
GSM3998242,GSE135251,Liver patient 189,,,,moderate,4,5
GSM3998243,GSE135251,Liver patient 85,,,,early,2,4
GSM3998244,GSE135251,Liver patient 80,,,,early,0,3
GSM3998245,GSE135251,Liver patient 86,,,,early,2,4
GSM3998246,GSE135251,Liver patient 89,,,,early,2,5
GSM3998247,GSE135251,Liver patient 204,,,,early,0,4
GSM3998248,GSE135251,Liver patient 51,,,,early,2,7
GSM3998249,GSE135251,Liver patient 87,,,,early,0,2
GSM3998250,GSE135251,Liver patient 88,,,,moderate,4,5
GSM3998251,GSE135251,Liver patient 30,,,,moderate,3,5
GSM3998252,GSE135251,Liver patient 44,,,,early,2,4
GSM3998253,GSE135251,Liver patient 57,,,,moderate,3,8
GSM3998254,GSE135251,Liver patient 5,,,,early,0,4
GSM3998255,GSE135251,Liver patient 40,,,,early,1,5
GSM3998256,GSE135251,Liver patient 58,,,,early,2,6
GSM3998257,GSE135251,Liver patient 59,,,,early,2,7
GSM3998258,GSE135251,Liver patient 32,,,,moderate,4,2
GSM3998259,GSE135251,Liver patient 188,,,,early,2,6
GSM3998260,GSE135251,Liver patient 187,,,,early,2,3
GSM3998261,GSE135251,Liver patient 13,,,,moderate,3,7
GSM3998262,GSE135251,Liver patient 24,,,,moderate,3,4
GSM3998263,GSE135251,Liver patient 28,,,,early,2,6
GSM3998264,GSE135251,Liver patient 29,,,,early,2,6
GSM3998265,GSE135251,Liver patient 34,,,,moderate,3,3
GSM3998266,GSE135251,Liver patient 36,,,,early,0,3
GSM3998267,GSE135251,Liver patient 42,,,,early,0,2
GSM3998268,GSE135251,Liver patient 186,,,,moderate,3,5
GSM3998269,GSE135251,Liver patient 113,,,,early,2,5
GSM3998270,GSE135251,Liver patient 31,,,,early,0,4
GSM3998271,GSE135251,Liver patient 33,,,,early,1,6
GSM3998272,GSE135251,Liver patient 35,,,,early,0,3
GSM3998273,GSE135251,Liver patient 37,,,,early,1,6
GSM3998274,GSE135251,Liver patient 38,,,,moderate,3,6
GSM3998275,GSE135251,Liver patient 39,,,,moderate,4,1
GSM3998276,GSE135251,Liver patient 43,,,,early,0,2
GSM3998277,GSE135251,Liver patient 184,,,,early,2,4
GSM3998278,GSE135251,Liver patient 11,,,,early,2,5
GSM3998279,GSE135251,Liver patient 76,,,,early,1,2
GSM3998280,GSE135251,Liver patient 183,,,,moderate,3,5
GSM3998281,GSE135251,Liver patient 122,,,,early,0,1
GSM3998282,GSE135251,Liver patient 22,,,,moderate,3,5
GSM3998283,GSE135251,Liver patient 25,,,,early,1,2
GSM3998284,GSE135251,Liver patient 92,,,,early,2,4
GSM3998285,GSE135251,Liver patient 182,,,,moderate,4,4
GSM3998286,GSE135251,Liver patient 52,,,,early,0,2
GSM3998287,GSE135251,Liver patient 109,,,,early,2,4
GSM3998288,GSE135251,Liver patient 49,,,,early,0,2
GSM3998289,GSE135251,Liver patient 63,,,,early,0,3
GSM3998290,GSE135251,Liver patient 111,,,,early,0,4
GSM3998291,GSE135251,Liver patient 47,,,,early,1,6
GSM3998292,GSE135251,Liver patient 48,,,,early,1,6
GSM3998293,GSE135251,Liver patient 50,,,,early,0,3
GSM3998294,GSE135251,Liver patient 54,,,,early,1,2
GSM3998295,GSE135251,Liver patient 55,,,,early,1,3
GSM3998296,GSE135251,Liver patient 68,,,,early,1,3
GSM3998297,GSE135251,Liver patient 56,,,,early,2,5
GSM3998298,GSE135251,Liver patient 60,,,,moderate,3,5
GSM3998299,GSE135251,Liver patient 199,,,,early,2,4
GSM3998300,GSE135251,Liver patient 61,,,,early,1,5
GSM3998301,GSE135251,Liver patient 69,,,,moderate,3,4
GSM3998302,GSE135251,Liver patient 94,,,,early,1,3
GSM3998303,GSE135251,Liver patient 95,,,,early,0,1
GSM3998304,GSE135251,Liver patient 96,,,,early,0,2
GSM3998305,GSE135251,Liver patient 20,,,,early,0,1
GSM3998306,GSE135251,Liver patient 194,,,,early,1,3
GSM3998307,GSE135251,Liver patient 1,,,,early,0,1
GSM3998308,GSE135251,Liver patient 16,,,,moderate,3,7
GSM3998309,GSE135251,Liver patient 17,,,,moderate,3,5
GSM3998310,GSE135251,Liver patient 18,,,,early,1,1
GSM3998311,GSE135251,Liver patient 200,,,,early,1,3
GSM3998312,GSE135251,Liver patient 19,,,,early,2,6
GSM3998313,GSE135251,Liver patient 201,,,,early,2,7
GSM3998314,GSE135251,Liver patient 93,,,,moderate,3,8
GSM3998315,GSE135251,Liver patient 100,,,,early,1,5
GSM3998316,GSE135251,Liver patient 103,,,,early,1,4
GSM3998317,GSE135251,Liver patient 104,,,,early,1,5
GSM3998318,GSE135251,Liver patient 107,,,,early,2,6
GSM3998319,GSE135251,Liver patient 41,,,,moderate,3,4
GSM3998320,GSE135251,Liver patient 53,,,,early,1,6
GSM3998321,GSE135251,Liver patient 192,,,,early,0,4
GSM3998322,GSE135251,Liver patient 62,,,,moderate,3,5
GSM3998323,GSE135251,Liver patient 64,,,,early,0,4
GSM3998324,GSE135251,Liver patient 65,,,,moderate,3,7
GSM3998325,GSE135251,Liver patient 66,,,,early,0,4
GSM3998326,GSE135251,Liver patient 67,,,,early,0,2
GSM3998327,GSE135251,Liver patient 179,,,,moderate,3,7
GSM3998328,GSE135251,Liver patient 180,,,,moderate,3,6
GSM3998329,GSE135251,Liver patient 45,,,,moderate,3,7
GSM3998330,GSE135251,Liver patient 181,,,,moderate,3,4
GSM3998331,GSE135251,Liver patient 191,,,,early,1,3
GSM3998332,GSE135251,Liver patient 190,,,,moderate,4,8
GSM3998333,GSE135251,Liver patient 185,,,,moderate,3,5
GSM3998334,GSE135251,Liver patient 193,,,,moderate,3,3
GSM3998335,GSE135251,Liver patient 26,,,,early,2,4
GSM3998336,GSE135251,Liver patient 27,,,,early,0,2
GSM3998337,GSE135251,Liver patient 206,,,,early,2,5
GSM3998338,GSE135251,Liver patient 4,,,,moderate,3,4
GSM3998339,GSE135251,Liver patient 91,,,,early,0,4
GSM3998340,GSE135251,Liver patient 99,,,,moderate,3,3
GSM3998341,GSE135251,Liver control sample 1,,,,control,2,0
GSM3998342,GSE135251,Liver control sample 4,,,,control,0,0
GSM3998343,GSE135251,Liver patient 139,,,,early,2,5
GSM3998344,GSE135251,Liver patient 140,,,,early,1,1
GSM3998345,GSE135251,Liver patient 141,,,,early,0,2
GSM3998346,GSE135251,Liver patient 142,,,,early,0,2
GSM3998347,GSE135251,Liver patient 143,,,,early,2,6
GSM3998348,GSE135251,Liver patient 144,,,,early,2,6
GSM3998349,GSE135251,Liver patient 145,,,,early,0,1
GSM3998350,GSE135251,Liver patient 146,,,,early,2,6
GSM3998351,GSE135251,Liver patient 147,,,,early,1,4
GSM3998352,GSE135251,Liver patient 148,,,,early,1,3
GSM3998353,GSE135251,Liver patient 149,,,,early,0,2
GSM3998354,GSE135251,Liver patient 150,,,,moderate,3,6
GSM3998355,GSE135251,Liver patient 151,,,,early,2,7
GSM3998356,GSE135251,Liver patient 152,,,,early,2,5
GSM3998357,GSE135251,Liver patient 153,,,,early,1,6
GSM3998358,GSE135251,Liver patient 154,,,,early,1,5
GSM3998359,GSE135251,Liver patient 155,,,,moderate,4,5
GSM3998360,GSE135251,Liver patient 156,,,,early,2,5
GSM3998361,GSE135251,Liver patient 157,,,,early,0,1
GSM3998362,GSE135251,Liver patient 158,,,,early,2,8
GSM3998363,GSE135251,Liver patient 159,,,,early,1,5
GSM3998364,GSE135251,Liver patient 160,,,,moderate,3,6
GSM3998365,GSE135251,Liver patient 161,,,,moderate,3,3
GSM3998366,GSE135251,Liver patient 162,,,,early,0,2
GSM3998367,GSE135251,Liver patient 163,,,,early,1,5
GSM3998368,GSE135251,Liver patient 164,,,,early,2,5
GSM3998369,GSE135251,Liver patient 165,,,,moderate,3,6
GSM3998370,GSE135251,Liver patient 131,,,,early,2,4
GSM3998371,GSE135251,Liver patient 132,,,,early,2,6
GSM3998372,GSE135251,Liver patient 133,,,,moderate,3,4
GSM3998373,GSE135251,Liver patient 125,,,,moderate,3,5
GSM3998374,GSE135251,Liver patient 126,,,,moderate,3,5
GSM3998375,GSE135251,Liver patient 128,,,,early,1,6
GSM3998376,GSE135251,Liver patient 129,,,,early,2,7
GSM3998377,GSE135251,Liver patient 130,,,,early,1,4
GSM3998378,GSE135251,Liver patient 134,,,,moderate,3,6
GSM3998379,GSE135251,Liver patient 135,,,,moderate,3,7
GSM3998380,GSE135251,Liver patient 136,,,,early,1,3
GSM3998381,GSE135251,Liver patient 137,,,,early,2,5
GSM3998382,GSE135251,Liver patient 138,,,,moderate,3,7
GSM4957321,GSE162694,nash1_F0 548nash1,Male,36,Liver,,0,3
GSM4957322,GSE162694,nash10_F1 548nash10,Female,55,Liver,,1,3
GSM4957323,GSE162694,nash100_N 548nash100,Female,25,Liver,,normal liver histology,0
GSM4957324,GSE162694,nash101_F3 548nash101,Female,46,Liver,,3,7
GSM4957325,GSE162694,nash102_F1 548nash102,Male,47,Liver,,1,5
GSM4957326,GSE162694,nash103_N 548nash103,Female,54,Liver,,normal liver histology,0
GSM4957327,GSE162694,nash10_F0 548nash104,Male,65,Liver,,0,4
GSM4957328,GSE162694,nash10_F2 548nash105,Male,45,Liver,,2,5
GSM4957329,GSE162694,nash106_F1 548nash106,Female,22,Liver,,1,4
GSM4957330,GSE162694,nash10_N 548nash108,Female,55,Liver,,normal liver histology,0
GSM4957331,GSE162694,nash109_N 548nash109,Female,34,Liver,,normal liver histology,0
GSM4957332,GSE162694,nash11_F1 548nash11,Male,25,Liver,,1,5
GSM4957333,GSE162694,nash110_F2 548nash110,Female,59,Liver,,2,6
GSM4957334,GSE162694,nash111_F2 548nash111,Female,61,Liver,,2,5
GSM4957335,GSE162694,nash1119_F4 548nash1119,Female,59,Liver,,4,
GSM4957336,GSE162694,nash112_N 548nash112,Female,35,Liver,,normal liver histology,0
GSM4957337,GSE162694,nash1120_F4 548nash1120,Female,68,Liver,,4,
GSM4957338,GSE162694,nash1121_F4 548nash1121,Female,64,Liver,,4,
GSM4957339,GSE162694,nash1122_F4 548nash1122,Male,55,Liver,,4,
GSM4957340,GSE162694,nash1123_F4 548nash1123,Female,56,Liver,,4,
GSM4957341,GSE162694,nash112_F4 548nash1124,Male,69,Liver,,4,
GSM4957342,GSE162694,nash112_F4 548nash1125,Male,48,Liver,,4,
GSM4957343,GSE162694,nash1126_F2 548nash1126,Female,49,Liver,,2,7
GSM4957344,GSE162694,nash1127_F2 548nash1127,Female,46,Liver,,2,5
GSM4957345,GSE162694,nash112_F3 548nash1128,Female,50,Liver,,3,7
GSM4957346,GSE162694,nash1129_F2 548nash1129,Female,18,Liver,,2,7
GSM4957347,GSE162694,nash113_F1 548nash113,Male,34,Liver,,1,4
GSM4957348,GSE162694,nash1130_F2 548nash1130,Female,57,Liver,,2,5
GSM4957349,GSE162694,nash1131_F4 548nash1131,Female,65,Liver,,4,4
GSM4957350,GSE162694,nash1132_F2 548nash1132,Male,59,Liver,,2,6
GSM4957351,GSE162694,nash1133_F2 548nash1133,Male,64,Liver,,2,6
GSM4957352,GSE162694,nash113_F2 548nash1134,Male,51,Liver,,2,
GSM4957353,GSE162694,nash113_F2 548nash1135,Female,35,Liver,,2,7
GSM4957354,GSE162694,nash1136_F2 548nash1136,Female,51,Liver,,2,7
GSM4957355,GSE162694,nash1137_F3 548nash1137,Male,61,Liver,,3,
GSM4957356,GSE162694,nash113_F3 548nash1138,Male,62,Liver,,3,
GSM4957357,GSE162694,nash1139_F2 548nash1139,Male,54,Liver,,2,7
GSM4957358,GSE162694,nash11_N 548nash114,Female,58,Liver,,normal liver histology,0
GSM4957359,GSE162694,nash11_F1 548nash115,Male,58,Liver,,1,3
GSM4957360,GSE162694,nash116_F4 548nash116,Male,64,Liver,,4,6
GSM4957361,GSE162694,nash117_F1 548nash117,Female,22,Liver,,1,6
GSM4957362,GSE162694,nash12_F2 548nash12,Female,32,Liver,,2,6
GSM4957363,GSE162694,nash13_F0 548nash13,Female,48,Liver,,0,2
GSM4957364,GSE162694,nash1_F0 548nash14,Male,32,Liver,,0,5
GSM4957365,GSE162694,nash143_F1 548nash143,Female,37,Liver,,1,
GSM4957366,GSE162694,nash1_F4 548nash144,Female,59,Liver,,4,
GSM4957367,GSE162694,nash1_F1 548nash145,Female,41,Liver,,1,
GSM4957368,GSE162694,nash146_F0 548nash146,Female,56,Liver,,0,
GSM4957369,GSE162694,nash1_F0 548nash148,Female,42,Liver,,0,
GSM4957370,GSE162694,nash149_F1 548nash149,Female,26,Liver,,1,
GSM4957371,GSE162694,nash1_F0 548nash15,Male,35,Liver,,0,3
GSM4957372,GSE162694,nash150_F0 548nash150,Female,53,Liver,,0,
GSM4957373,GSE162694,nash151_F0 548nash151,Female,45,Liver,,0,
GSM4957374,GSE162694,nash153_F3 548nash153,Female,55,Liver,,3,
GSM4957375,GSE162694,nash1_F0 548nash154,Female,52,Liver,,0,
GSM4957376,GSE162694,nash1_F1 548nash155,Male,25,Liver,,1,
GSM4957377,GSE162694,nash156_F1 548nash156,Male,44,Liver,,1,
GSM4957378,GSE162694,nash157_F0 548nash157,Male,51,Liver,,0,
GSM4957379,GSE162694,nash1_F0 548nash158,Female,28,Liver,,0,
GSM4957380,GSE162694,nash159_F0 548nash159,Female,57,Liver,,0,
GSM4957381,GSE162694,nash16_F1 548nash16,Male,37,Liver,,1,5
GSM4957382,GSE162694,nash160_F0 548nash160,Female,57,Liver,,0,
GSM4957383,GSE162694,nash17_F1 548nash17,Female,66,Liver,,1,4
GSM4957384,GSE162694,nash19_F2 548nash19,Male,42,Liver,,2,4
GSM4957385,GSE162694,nash2_F2 548nash2,Female,57,Liver,,2,4
GSM4957386,GSE162694,nash21_F0 548nash21,Male,65,Liver,,0,3
GSM4957387,GSE162694,nash22_F1 548nash22,Male,54,Liver,,1,5
GSM4957388,GSE162694,nash23_F0 548nash23,Female,53,Liver,,0,2
GSM4957389,GSE162694,nash2_F0 548nash24,Female,20,Liver,,0,1
GSM4957390,GSE162694,nash2_F2 548nash25,Female,20,Liver,,2,5
GSM4957391,GSE162694,nash26_N 548nash26,Female,61,Liver,,normal liver histology,0
GSM4957392,GSE162694,nash27_F1 548nash27,Male,40,Liver,,1,5
GSM4957393,GSE162694,nash2_F1 548nash28,Female,64,Liver,,1,6
GSM4957394,GSE162694,nash29_F0 548nash29,Female,30,Liver,,0,3
GSM4957395,GSE162694,nash3_F4 548nash3,Male,61,Liver,,4,0
GSM4957396,GSE162694,nash30_F2 548nash30,Female,25,Liver,,2,7
GSM4957397,GSE162694,nash31_F0 548nash31,Female,54,Liver,,0,4
GSM4957398,GSE162694,nash32_N 548nash32,Male,50,Liver,,normal liver histology,0
GSM4957399,GSE162694,nash33_F0 548nash33,Female,28,Liver,,0,1
GSM4957400,GSE162694,nash3_F2 548nash34,Female,33,Liver,,2,7
GSM4957401,GSE162694,nash3_F0 548nash35,Female,72,Liver,,0,3
GSM4957402,GSE162694,nash36_N 548nash36,Female,44,Liver,,normal liver histology,0
GSM4957403,GSE162694,nash37_F3 548nash37,Female,45,Liver,,3,5
GSM4957404,GSE162694,nash3_N 548nash38,Female,28,Liver,,normal liver histology,0
GSM4957405,GSE162694,nash39_F0 548nash39,Male,50,Liver,,0,1
GSM4957406,GSE162694,nash40_N 548nash40,Female,22,Liver,,normal liver histology,0
GSM4957407,GSE162694,nash41_F3 548nash41,Male,32,Liver,,3,6
GSM4957408,GSE162694,nash_F0 548nash44,Female,53,Liver,,0,2
GSM4957409,GSE162694,nash_N 548nash45,Female,37,Liver,,normal liver histology,0
GSM4957410,GSE162694,nash46_F0 548nash46,Female,41,Liver,,0,2
GSM4957411,GSE162694,nash47_F1 548nash47,Female,60,Liver,,1,2
GSM4957412,GSE162694,nash_F1 548nash48,Female,49,Liver,,1,2
GSM4957413,GSE162694,nash49_N 548nash49,Female,47,Liver,,normal liver histology,0
GSM4957414,GSE162694,nash_F0 548nash5,Female,40,Liver,,0,3
GSM4957415,GSE162694,nash51_F2 548nash51,Female,34,Liver,,2,1
GSM4957416,GSE162694,nash52_F0 548nash52,Female,25,Liver,,0,1
GSM4957417,GSE162694,nash53_F1 548nash53,Female,32,Liver,,1,1
GSM4957418,GSE162694,nash_N 548nash54,Female,44,Liver,,normal liver histology,0
GSM4957419,GSE162694,nash_F1 548nash55,Female,34,Liver,,1,4
GSM4957420,GSE162694,nash56_F1 548nash56,Female,62,Liver,,1,4
GSM4957421,GSE162694,nash57_N 548nash57,Female,60,Liver,,normal liver histology,0
GSM4957422,GSE162694,nash_F0 548nash58,Female,46,Liver,,0,3
GSM4957423,GSE162694,nash59_N 548nash59,Female,47,Liver,,normal liver histology,0
GSM4957424,GSE162694,nash6_F1 548nash6,Male,42,Liver,,1,6
GSM4957425,GSE162694,nash60_N 548nash60,Female,28,Liver,,normal liver histology,0
GSM4957426,GSE162694,nash61_F1 548nash61,Female,56,Liver,,1,5
GSM4957427,GSE162694,nash62_N 548nash62,Female,29,Liver,,normal liver histology,0
GSM4957428,GSE162694,nash63_F0 548nash63,Female,49,Liver,,0,5
GSM4957429,GSE162694,nash6_N 548nash64,Female,49,Liver,,normal liver histology,0
GSM4957430,GSE162694,nash6_N 548nash65,Female,41,Liver,,normal liver histology,0
GSM4957431,GSE162694,nash66_F1 548nash66,Female,46,Liver,,1,1
GSM4957432,GSE162694,nash67_F2 548nash67,Female,60,Liver,,2,3
GSM4957433,GSE162694,nash6_F2 548nash68,Female,43,Liver,,2,4
GSM4957434,GSE162694,nash69_N 548nash69,Female,54,Liver,,normal liver histology,0
GSM4957435,GSE162694,nash7_N 548nash7,Female,51,Liver,,normal liver histology,0
GSM4957436,GSE162694,nash70_F0 548nash70,Female,39,Liver,,0,2
GSM4957437,GSE162694,nash71_N 548nash71,Female,37,Liver,,normal liver histology,0
GSM4957438,GSE162694,nash72_N 548nash72,Female,57,Liver,,normal liver histology,0
GSM4957439,GSE162694,nash73_N 548nash73,Female,49,Liver,,normal liver histology,0
GSM4957440,GSE162694,nash7_N 548nash75,Female,33,Liver,,normal liver histology,0
GSM4957441,GSE162694,nash76_N 548nash76,Female,32,Liver,,normal liver histology,0
GSM4957442,GSE162694,nash77_F0 548nash77,Female,53,Liver,,0,1
GSM4957443,GSE162694,nash7_F1 548nash78,Female,21,Liver,,1,1
GSM4957444,GSE162694,nash79_N 548nash79,Female,34,Liver,,normal liver histology,0
GSM4957445,GSE162694,nash80_F2 548nash80,Female,42,Liver,,2,3
GSM4957446,GSE162694,nash81_F2 548nash81,Female,33,Liver,,2,5
GSM4957447,GSE162694,nash82_F1 548nash82,Female,60,Liver,,1,5
GSM4957448,GSE162694,nash83_F2 548nash83,Female,39,Liver,,2,5
GSM4957449,GSE162694,nash_F0 548nash84,Female,54,Liver,,0,2
GSM4957450,GSE162694,nash_F0 548nash85,Female,44,Liver,,0,1
GSM4957451,GSE162694,nash86_F4 548nash86,Female,62,Liver,,4,4
GSM4957452,GSE162694,nash87_F0 548nash87,Male,36,Liver,,0,2
GSM4957453,GSE162694,nash_N 548nash88,Female,52,Liver,,normal liver histology,0
GSM4957454,GSE162694,nash89_F1 548nash89,Female,68,Liver,,1,6
GSM4957455,GSE162694,nash9_F1 548nash9,Female,58,Liver,,1,1
GSM4957456,GSE162694,nash90_N 548nash90,Male,55,Liver,,normal liver histology,0
GSM4957457,GSE162694,nash91_F2 548nash91,Male,30,Liver,,2,6
GSM4957458,GSE162694,nash92_F3 548nash92,Male,52,Liver,,3,4
GSM4957459,GSE162694,nash93_F0 548nash93,Male,20,Liver,,0,1
GSM4957460,GSE162694,nash9_F2 548nash95,Male,48,Liver,,2,6
GSM4957461,GSE162694,nash96_F0 548nash96,Male,48,Liver,,0,5
GSM4957462,GSE162694,nash9_F1 548nash98,Female,48,Liver,,1,5
GSM4957463,GSE162694,nash99_N 548nash99,Male,52,Liver,,normal liver histology,0
GSM5106590,GSE167523,NAFLD liver 1,M,50,liver biopsy,NAFL,,
GSM5106591,GSE167523,NAFLD liver 2,M,36,liver biopsy,NAFL,,
GSM5106592,GSE167523,NAFLD liver 3,M,77,liver biopsy,NAFL,,
GSM5106593,GSE167523,NAFLD liver 4,M,50,liver biopsy,NAFL,,
GSM5106594,GSE167523,NAFLD liver 5,M,57,liver biopsy,NASH,,
GSM5106595,GSE167523,NAFLD liver 6,M,48,liver biopsy,NAFL,,
GSM5106596,GSE167523,NAFLD liver 7,M,51,liver biopsy,NAFL,,
GSM5106597,GSE167523,NAFLD liver 8,M,40,liver biopsy,NAFL,,
GSM5106598,GSE167523,NAFLD liver 9,M,55,liver biopsy,NAFL,,
GSM5106599,GSE167523,NAFLD liver 10,M,29,liver biopsy,NAFL,,
GSM5106600,GSE167523,NAFLD liver 11,M,54,liver biopsy,NAFL,,
GSM5106601,GSE167523,NAFLD liver 12,M,45,liver biopsy,NAFL,,
GSM5106602,GSE167523,NAFLD liver 13,F,48,liver biopsy,NAFL,,
GSM5106603,GSE167523,NAFLD liver 14,M,46,liver biopsy,NAFL,,
GSM5106604,GSE167523,NAFLD liver 15,F,54,liver biopsy,NASH,,
GSM5106605,GSE167523,NAFLD liver 16,M,66,liver biopsy,NAFL,,
GSM5106606,GSE167523,NAFLD liver 17,M,36,liver biopsy,NAFL,,
GSM5106607,GSE167523,NAFLD liver 18,M,51,liver biopsy,NAFL,,
GSM5106608,GSE167523,NAFLD liver 19,M,50,liver biopsy,NAFL,,
GSM5106609,GSE167523,NAFLD liver 20,M,38,liver biopsy,NAFL,,
GSM5106610,GSE167523,NAFLD liver 21,F,61,liver biopsy,NAFL,,
GSM5106611,GSE167523,NAFLD liver 22,F,54,liver biopsy,NAFL,,
GSM5106612,GSE167523,NAFLD liver 23,M,36,liver biopsy,NAFL,,
GSM5106613,GSE167523,NAFLD liver 24,M,59,liver biopsy,NAFL,,
GSM5106614,GSE167523,NAFLD liver 25,M,30,liver biopsy,NAFL,,
GSM5106615,GSE167523,NAFLD liver 26,M,37,liver biopsy,NAFL,,
GSM5106616,GSE167523,NAFLD liver 27,M,46,liver biopsy,NAFL,,
GSM5106617,GSE167523,NAFLD liver 28,M,51,liver biopsy,NAFL,,
GSM5106618,GSE167523,NAFLD liver 29,M,40,liver biopsy,NAFL,,
GSM5106619,GSE167523,NAFLD liver 30,M,53,liver biopsy,NAFL,,
GSM5106620,GSE167523,NAFLD liver 31,M,47,liver biopsy,NAFL,,
GSM5106621,GSE167523,NAFLD liver 32,M,71,liver biopsy,NAFL,,
GSM5106622,GSE167523,NAFLD liver 33,M,58,liver biopsy,NAFL,,
GSM5106623,GSE167523,NAFLD liver 34,M,62,liver biopsy,NAFL,,
GSM5106624,GSE167523,NAFLD liver 35,M,47,liver biopsy,NAFL,,
GSM5106625,GSE167523,NAFLD liver 36,M,49,liver biopsy,NAFL,,
GSM5106626,GSE167523,NAFLD liver 37,M,45,liver biopsy,NAFL,,
GSM5106627,GSE167523,NAFLD liver 38,F,64,liver biopsy,NAFL,,
GSM5106628,GSE167523,NAFLD liver 39,F,30,liver biopsy,NAFL,,
GSM5106629,GSE167523,NAFLD liver 40,M,43,liver biopsy,NAFL,,
GSM5106630,GSE167523,NAFLD liver 41,M,45,liver biopsy,NAFL,,
GSM5106631,GSE167523,NAFLD liver 42,F,73,liver biopsy,NAFL,,
GSM5106632,GSE167523,NAFLD liver 43,M,47,liver biopsy,NAFL,,
GSM5106633,GSE167523,NAFLD liver 44,M,57,liver biopsy,NAFL,,
GSM5106634,GSE167523,NAFLD liver 45,M,24,liver biopsy,NAFL,,
GSM5106635,GSE167523,NAFLD liver 46,M,56,liver biopsy,NAFL,,
GSM5106636,GSE167523,NAFLD liver 47,M,64,liver biopsy,NAFL,,
GSM5106637,GSE167523,NAFLD liver 48,F,70,liver biopsy,NASH,,
GSM5106638,GSE167523,NAFLD liver 49,F,62,liver biopsy,NASH,,
GSM5106639,GSE167523,NAFLD liver 50,M,40,liver biopsy,NASH,,
GSM5106640,GSE167523,NAFLD liver 51,M,49,liver biopsy,NASH,,
GSM5106641,GSE167523,NAFLD liver 52,F,63,liver biopsy,NASH,,
GSM5106642,GSE167523,NAFLD liver 53,F,58,liver biopsy,NAFL,,
GSM5106643,GSE167523,NAFLD liver 54,F,78,liver biopsy,NASH,,
GSM5106644,GSE167523,NAFLD liver 55,F,66,liver biopsy,NASH,,
GSM5106645,GSE167523,NAFLD liver 56,F,69,liver biopsy,NASH,,
GSM5106646,GSE167523,NAFLD liver 57,F,67,liver biopsy,NASH,,
GSM5106647,GSE167523,NAFLD liver 58,F,46,liver biopsy,NAFL,,
GSM5106648,GSE167523,NAFLD liver 59,M,63,liver biopsy,NASH,,
GSM5106649,GSE167523,NAFLD liver 60,F,50,liver biopsy,NASH,,
GSM5106650,GSE167523,NAFLD liver 61,F,66,liver biopsy,NASH,,
GSM5106651,GSE167523,NAFLD liver 62,F,77,liver biopsy,NASH,,
GSM5106652,GSE167523,NAFLD liver 63,F,46,liver biopsy,NASH,,
GSM5106653,GSE167523,NAFLD liver 64,M,66,liver biopsy,NASH,,
GSM5106654,GSE167523,NAFLD liver 65,M,74,liver biopsy,NASH,,
GSM5106655,GSE167523,NAFLD liver 66,F,60,liver biopsy,NASH,,
GSM5106656,GSE167523,NAFLD liver 67,M,48,liver biopsy,NASH,,
GSM5106657,GSE167523,NAFLD liver 68,M,47,liver biopsy,NASH,,
GSM5106658,GSE167523,NAFLD liver 69,M,49,liver biopsy,NAFL,,
GSM5106659,GSE167523,NAFLD liver 70,M,64,liver biopsy,NAFL,,
GSM5106660,GSE167523,NAFLD liver 71,M,45,liver biopsy,NASH,,
GSM5106661,GSE167523,NAFLD liver 72,F,74,liver biopsy,NASH,,
GSM5106662,GSE167523,NAFLD liver 73,M,66,liver biopsy,NAFL,,
GSM5106663,GSE167523,NAFLD liver 74,M,62,liver biopsy,NASH,,
GSM5106664,GSE167523,NAFLD liver 75,F,63,liver biopsy,NASH,,
GSM5106665,GSE167523,NAFLD liver 76,M,50,liver biopsy,NASH,,
GSM5106666,GSE167523,NAFLD liver 77,M,31,liver biopsy,NASH,,
GSM5106667,GSE167523,NAFLD liver 78,F,63,liver biopsy,NASH,,
GSM5106668,GSE167523,NAFLD liver 79,F,53,liver biopsy,NASH,,
GSM5106669,GSE167523,NAFLD liver 80,M,71,liver biopsy,NASH,,
GSM5106670,GSE167523,NAFLD liver 81,M,44,liver biopsy,NASH,,
GSM5106671,GSE167523,NAFLD liver 82,M,81,liver biopsy,NASH,,
GSM5106672,GSE167523,NAFLD liver 83,M,55,liver biopsy,NAFL,,
GSM5106673,GSE167523,NAFLD liver 84,F,62,liver biopsy,NASH,,
GSM5106674,GSE167523,NAFLD liver 85,M,56,liver biopsy,NASH,,
GSM5106675,GSE167523,NAFLD liver 86,F,62,liver biopsy,NASH,,
GSM5106676,GSE167523,NAFLD liver 87,F,69,liver biopsy,NASH,,
GSM5106677,GSE167523,NAFLD liver 88,F,67,liver biopsy,NASH,,
GSM5106678,GSE167523,NAFLD liver 89,M,63,liver biopsy,NASH,,
GSM5106679,GSE167523,NAFLD liver 90,F,54,liver biopsy,NASH,,
GSM5106680,GSE167523,NAFLD liver 91,M,19,liver biopsy,NASH,,
GSM5106681,GSE167523,NAFLD liver 92,M,18,liver biopsy,NASH,,
GSM5106682,GSE167523,NAFLD liver 93,F,45,liver biopsy,NASH,,
GSM5106683,GSE167523,NAFLD liver 94,M,48,liver biopsy,NASH,,
GSM5106684,GSE167523,NAFLD liver 95,F,76,liver biopsy,NASH,,
GSM5106685,GSE167523,NAFLD liver 96,F,65,liver biopsy,NASH,,
GSM5106686,GSE167523,NAFLD liver 97,F,61,liver biopsy,NASH,,
GSM5106687,GSE167523,NAFLD liver 98,M,67,liver biopsy,NASH,,
GSM5772501,GSE193066,HUnafld001,female,46,Liver,,0,5
GSM5772502,GSE193066,HUnafld002,male,43,Liver,,1,2
GSM5772503,GSE193066,HUnafld003,male,65,Liver,,0,3
GSM5772504,GSE193066,HUnafld004,male,55,Liver,,1,5
GSM5772505,GSE193066,HUnafld005,male,20,Liver,,1,6
GSM5772506,GSE193066,HUnafld006,male,44,Liver,,1,3
GSM5772507,GSE193066,HUnafld007,male,31,Liver,,1,5
GSM5772508,GSE193066,HUnafld008,male,48,Liver,,0,6
GSM5772509,GSE193066,HUnafld009,male,62,Liver,,1,2
GSM5772510,GSE193066,HUnafld010,male,74,Liver,,1,3
GSM5772511,GSE193066,HUnafld011,male,71,Liver,,0,3
GSM5772512,GSE193066,HUnafld012,male,32,Liver,,0,5
GSM5772513,GSE193066,HUnafld013,male,59,Liver,,0,1
GSM5772514,GSE193066,HUnafld015,female,40,Liver,,1,6
GSM5772515,GSE193066,HUnafld016,male,47,Liver,,1,4
GSM5772516,GSE193066,HUnafld017,male,66,Liver,,1,1
GSM5772517,GSE193066,HUnafld018,male,41,Liver,,1,3
GSM5772518,GSE193066,HUnafld019,female,59,Liver,,1,3
GSM5772519,GSE193066,HUnafld020,male,31,Liver,,1,6
GSM5772520,GSE193066,HUnafld021,male,51,Liver,,1,4
GSM5772521,GSE193066,HUnafld023,male,31,Liver,,1,4
GSM5772522,GSE193066,HUnafld024,female,57,Liver,,1,6
GSM5772523,GSE193066,HUnafld025,female,54,Liver,,1,3
GSM5772524,GSE193066,HUnafld026,female,57,Liver,,1,3
GSM5772525,GSE193066,HUnafld027,male,63,Liver,,1,3
GSM5772526,GSE193066,HUnafld029,female,51,Liver,,1,3
GSM5772527,GSE193066,HUnafld034,female,62,Liver,,2,5
GSM5772528,GSE193066,HUnafld035_1,male,20,Liver,,2,4
GSM5772529,GSE193066,HUnafld036,male,39,Liver,,3,4
GSM5772530,GSE193066,HUnafld037,male,45,Liver,,2,3
GSM5772531,GSE193066,HUnafld038_1,male,42,Liver,,2,6
GSM5772532,GSE193066,HUnafld039_1,male,55,Liver,,2,3
GSM5772533,GSE193066,HUnafld040,female,55,Liver,,2,3
GSM5772534,GSE193066,HUnafld041,male,41,Liver,,1,4
GSM5772535,GSE193066,HUnafld042,male,62,Liver,,2,3
GSM5772536,GSE193066,HUnafld043,male,36,Liver,,2,4
GSM5772537,GSE193066,HUnafld044,male,42,Liver,,2,3
GSM5772538,GSE193066,HUnafld045,male,64,Liver,,1,2
GSM5772539,GSE193066,HUnafld046_1,female,63,Liver,,2,3
GSM5772540,GSE193066,HUnafld047_1,male,50,Liver,,1,5
GSM5772541,GSE193066,HUnafld048_1,male,46,Liver,,1,3
GSM5772542,GSE193066,HUnafld049_1,male,57,Liver,,2,3
GSM5772543,GSE193066,HUnafld050_1,male,69,Liver,,3,4
GSM5772544,GSE193066,HUnafld051,male,52,Liver,,2,3
GSM5772545,GSE193066,HUnafld052_1,male,69,Liver,,3,2
GSM5772546,GSE193066,HUnafld053_1,male,49,Liver,,2,4
GSM5772547,GSE193066,HUnafld054_1,female,45,Liver,,2,3
GSM5772548,GSE193066,HUnafld055,female,50,Liver,,3,7
GSM5772549,GSE193066,HUnafld056_1,male,60,Liver,,3,7
GSM5772550,GSE193066,HUnafld057_1,female,68,Liver,,3,4
GSM5772551,GSE193066,HUnafld058_1,female,74,Liver,,2,4
GSM5772552,GSE193066,HUnafld059_1,female,62,Liver,,3,7
GSM5772553,GSE193066,HUnafld060_1,male,33,Liver,,2,4
GSM5772554,GSE193066,HUnafld061,male,60,Liver,,2,4
GSM5772555,GSE193066,HUnafld062,female,31,Liver,,2,7
GSM5772556,GSE193066,HUnafld063_1,female,60,Liver,,3,3
GSM5772557,GSE193066,HUnafld064_1,male,51,Liver,,2,5
GSM5772558,GSE193066,HUnafld065,female,48,Liver,,2,4
GSM5772559,GSE193066,HUnafld066_1,male,53,Liver,,3,8
GSM5772560,GSE193066,HUnafld067_1,female,73,Liver,,3,4
GSM5772561,GSE193066,HUnafld068_1,female,59,Liver,,2,3
GSM5772562,GSE193066,HUnafld069_1,female,50,Liver,,3,7
GSM5772563,GSE193066,HUnafld070_1,male,55,Liver,,3,7
GSM5772564,GSE193066,HUnafld071_1,female,50,Liver,,2,3
GSM5772565,GSE193066,HUnafld072_1,male,59,Liver,,3,3
GSM5772566,GSE193066,HUnafld073,female,37,Liver,,2,7
GSM5772567,GSE193066,HUnafld074_1,male,44,Liver,,2,6
GSM5772568,GSE193066,HUnafld075_1,male,46,Liver,,3,6
GSM5772569,GSE193066,HUnafld076_1,female,59,Liver,,3,8
GSM5772570,GSE193066,HUnafld077_1,female,37,Liver,,2,6
GSM5772571,GSE193066,HUnafld078_1,female,53,Liver,,2,3
GSM5772572,GSE193066,HUnafld079_1,male,60,Liver,,3,3
GSM5772573,GSE193066,HUnafld080_1,male,46,Liver,,3,4
GSM5772574,GSE193066,HUnafld081_1,female,37,Liver,,2,4
GSM5772575,GSE193066,HUnafld082_1,male,48,Liver,,2,5
GSM5772576,GSE193066,HUnafld083,male,64,Liver,,3,3
GSM5772577,GSE193066,HUnafld084,male,42,Liver,,1,4
GSM5772578,GSE193066,HUnafld085_1,male,32,Liver,,3,7
GSM5772579,GSE193066,HUnafld086,male,62,Liver,,2,5
GSM5772580,GSE193066,HUnafld087_1,female,63,Liver,,2,4
GSM5772581,GSE193066,HUnafld088_1,male,61,Liver,,1,4
GSM5772582,GSE193066,HUnafld089_1,male,58,Liver,,1,4
GSM5772583,GSE193066,HUnafld090_1,male,31,Liver,,1,4
GSM5772584,GSE193066,HUnafld091_1,male,73,Liver,,1,3
GSM5772585,GSE193066,HUnafld092_1,female,69,Liver,,3,2
GSM5772586,GSE193066,HUnafld093_1,female,61,Liver,,1,5
GSM5772587,GSE193066,HUnafld094_1,male,63,Liver,,2,6
GSM5772588,GSE193066,HUnafld095_1,female,79,Liver,,3,5
GSM5772589,GSE193066,HUnafld096_1,male,34,Liver,,2,5
GSM5772590,GSE193066,HUnafld097_1,male,33,Liver,,1,4
GSM5772591,GSE193066,HUnafld098_1,male,38,Liver,,2,7
GSM5772592,GSE193066,HUnafld099_1,female,47,Liver,,2,3
GSM5772593,GSE193066,HUnafld100,male,55,Liver,,1,5
GSM5772594,GSE193066,HUnafld101_1,female,64,Liver,,3,4
GSM5772595,GSE193066,HUnafld102_1,female,73,Liver,,2,7
GSM5772596,GSE193066,HUnafld103_1,male,35,Liver,,1,6
GSM5772597,GSE193066,HUnafld104,female,54,Liver,,1,3
GSM5772598,GSE193066,HUnafld105,male,38,Liver,,2,3
GSM5772599,GSE193066,HUnafld106_1,female,74,Liver,,3,3
GSM5772600,GSE193066,HUnafld107_1,female,43,Liver,,3,3
GSM5772601,GSE193066,HUnafld108_1,female,48,Liver,,1,6
GSM5772602,GSE193066,HUnafld109_1,female,71,Liver,,3,3
GSM5772603,GSE193066,HUnafld110_1,female,61,Liver,,3,3
GSM5772604,GSE193066,HUnafld111_1,male,33,Liver,,1,3
GSM5772605,GSE193066,HUnafld112_1,female,57,Liver,,1,3
GSM5772606,GSE193066,HUnafld113,female,55,Liver,,2,3
GSM5772607,GSE193066,HUnafld035_2,male,23,Liver,,2,4
GSM5772608,GSE193066,HUnafld038_2,male,44,Liver,,2,3
GSM5772609,GSE193066,HUnafld039_2,male,58,Liver,,2,1
GSM5772610,GSE193066,HUnafld046_2,female,64,Liver,,2,3
GSM5772611,GSE193066,HUnafld047_2,male,53,Liver,,1,4
GSM5772612,GSE193066,HUnafld048_2,male,48,Liver,,1,2
GSM5772613,GSE193066,HUnafld049_2,male,59,Liver,,2,3
GSM5772614,GSE193066,HUnafld050_2,male,71,Liver,,3,3
GSM5772615,GSE193066,HUnafld052_2,male,71,Liver,,1,1
GSM5772616,GSE193066,HUnafld053_2,male,51,Liver,,2,4
GSM5772617,GSE193066,HUnafld054_2,female,48,Liver,,2,2
GSM5772618,GSE193066,HUnafld056_2,male,62,Liver,,2,3
GSM5772619,GSE193066,HUnafld057_2,female,71,Liver,,3,2
GSM5772620,GSE193066,HUnafld058_2,female,75,Liver,,2,3
GSM5772621,GSE193066,HUnafld059_2,female,64,Liver,,3,3
GSM5772622,GSE193066,HUnafld060_2,male,37,Liver,,1,3
GSM5772623,GSE193066,HUnafld063_2,female,61,Liver,,3,3
GSM5772624,GSE193066,HUnafld064_2,male,54,Liver,,2,3
GSM5772625,GSE193066,HUnafld066_2,male,57,Liver,,3,4
GSM5772626,GSE193066,HUnafld067_2,female,75,Liver,,3,3
GSM5772627,GSE193066,HUnafld068_2,female,61,Liver,,2,3
GSM5772628,GSE193066,HUnafld069_2,female,51,Liver,,2,3
GSM5772629,GSE193066,HUnafld070_2,male,57,Liver,,2,3
GSM5772630,GSE193066,HUnafld071_2,female,53,Liver,,1,3
GSM5772631,GSE193066,HUnafld072_2,male,62,Liver,,2,3
GSM5772632,GSE193066,HUnafld074_2,male,46,Liver,,2,3
GSM5772633,GSE193066,HUnafld075_2,male,47,Liver,,1,2
GSM5772634,GSE193066,HUnafld076_2,female,62,Liver,,2,5
GSM5772635,GSE193066,HUnafld077_2,female,40,Liver,,2,2
GSM5772636,GSE193066,HUnafld078_2,female,54,Liver,,2,3
GSM5772637,GSE193066,HUnafld079_2,male,63,Liver,,1,3
GSM5772638,GSE193066,HUnafld080_2,male,41,Liver,,2,3
GSM5772639,GSE193066,HUnafld081_2,female,39,Liver,,2,4
GSM5772640,GSE193066,HUnafld082_2,male,50,Liver,,2,3
GSM5772641,GSE193066,HUnafld085_2,male,33,Liver,,2,5
GSM5772642,GSE193066,HUnafld087_2,female,65,Liver,,2,3
GSM5772643,GSE193066,HUnafld088_2,male,63,Liver,,3,3
GSM5772644,GSE193066,HUnafld089_2,male,60,Liver,,2,4
GSM5772645,GSE193066,HUnafld090_2,male,35,Liver,,2,3
GSM5772646,GSE193066,HUnafld091_2,male,75,Liver,,2,3
GSM5772647,GSE193066,HUnafld092_2,female,76,Liver,,1,3
GSM5772648,GSE193066,HUnafld093_2,female,62,Liver,,2,3
GSM5772649,GSE193066,HUnafld094_2,male,66,Liver,,3,3
GSM5772650,GSE193066,HUnafld095_2,female,83,Liver,,4,5
GSM5772651,GSE193066,HUnafld096_2,male,37,Liver,,3,3
GSM5772652,GSE193066,HUnafld097_2,male,39,Liver,,2,3
GSM5772653,GSE193066,HUnafld098_2,male,43,Liver,,3,7
GSM5772654,GSE193066,HUnafld099_2,female,49,Liver,,2,3
GSM5772655,GSE193066,HUnafld101_2,female,65,Liver,,2,5
GSM5772656,GSE193066,HUnafld102_2,female,75,Liver,,3,3
GSM5772657,GSE193066,HUnafld103_2,male,38,Liver,,2,4
GSM5772658,GSE193066,HUnafld106_2,female,77,Liver,,3,5
GSM5772659,GSE193066,HUnafld107_2,female,46,Liver,,3,4
GSM5772660,GSE193066,HUnafld108_2,female,51,Liver,,2,5
GSM5772661,GSE193066,HUnafld109_2,female,73,Liver,,3,5
GSM5772662,GSE193066,HUnafld110_2,female,63,Liver,,2,4
GSM5772663,GSE193066,HUnafld111_2,male,36,Liver,,2,4
GSM5772664,GSE193066,HUnafld112_2,female,58,Liver,,3,3
GSM7708388,GSE240729,7068-04-001-001,,,liver (FFPE = Formalin Fixed Paraffin Embedded),,F2,
GSM7708389,GSE240729,7068-04-001-002,,,liver (FFPE = Formalin Fixed Paraffin Embedded),,F0,
GSM7708390,GSE240729,7068-04-001-003,,,liver (FFPE = Formalin Fixed Paraffin Embedded),,F4,
GSM7708391,GSE240729,7068-04-001-004,,,liver (FFPE = Formalin Fixed Paraffin Embedded),,F1,
GSM7708392,GSE240729,7068-04-001-005,,,liver (FFPE = Formalin Fixed Paraffin Embedded),,F2,
GSM7708393,GSE240729,7068-04-001-006,,,liver (FFPE = Formalin Fixed Paraffin Embedded),,F2,
GSM7708394,GSE240729,7068-04-001-007,,,liver (FFPE = Formalin Fixed Paraffin Embedded),,F2,
GSM7708395,GSE240729,7068-04-001-008,,,liver (FFPE = Formalin Fixed Paraffin Embedded),,F2,
GSM7708396,GSE240729,7068-04-001-009,,,liver (FFPE = Formalin Fixed Paraffin Embedded),,F2,
GSM7708397,GSE240729,7068-04-001-010,,,liver (FFPE = Formalin Fixed Paraffin Embedded),,F2,
GSM7708398,GSE240729,7068-04-001-011,,,liver (FFPE = Formalin Fixed Paraffin Embedded),,F3,
GSM7708399,GSE240729,7068-04-001-012,,,liver (FFPE = Formalin Fixed Paraffin Embedded),,F2,
GSM7708400,GSE240729,7068-04-001-013,,,liver (FFPE = Formalin Fixed Paraffin Embedded),,F2,
GSM7708401,GSE240729,7068-04-001-014,,,liver (FFPE = Formalin Fixed Paraffin Embedded),,F2,
GSM7708402,GSE240729,7068-04-001-015,,,liver (FFPE = Formalin Fixed Paraffin Embedded),,F1,
GSM7708403,GSE240729,7068-04-001-017,,,liver (FFPE = Formalin Fixed Paraffin Embedded),,F3,
GSM7708404,GSE240729,7068-04-001-019,,,liver (FFPE = Formalin Fixed Paraffin Embedded),,F2,
GSM7708405,GSE240729,7068-04-001-020,,,liver (FFPE = Formalin Fixed Paraffin Embedded),,F2,
GSM7708406,GSE240729,7068-04-001-021,,,liver (FFPE = Formalin Fixed Paraffin Embedded),,F3,
GSM7708407,GSE240729,7068-04-001-022,,,liver (FFPE = Formalin Fixed Paraffin Embedded),,F3,
GSM7708408,GSE240729,7068-04-001-023,,,liver (FFPE = Formalin Fixed Paraffin Embedded),,F3,
GSM7708409,GSE240729,7068-04-001-024,,,liver (FFPE = Formalin Fixed Paraffin Embedded),,F3,
GSM7708410,GSE240729,7068-04-001-025,,,liver (FFPE = Formalin Fixed Paraffin Embedded),,F4,
GSM7708411,GSE240729,7068-04-001-026,,,liver (FFPE = Formalin Fixed Paraffin Embedded),,F2,
GSM7708412,GSE240729,7068-04-001-027,,,liver (FFPE = Formalin Fixed Paraffin Embedded),,F4,
GSM7708413,GSE240729,7068-04-001-028,,,liver (FFPE = Formalin Fixed Paraffin Embedded),,F4,
GSM7708414,GSE240729,7068-04-001-029,,,liver (FFPE = Formalin Fixed Paraffin Embedded),,F3,
GSM7708415,GSE240729,7068-04-001-030,,,liver (FFPE = Formalin Fixed Paraffin Embedded),,F0,
GSM7708416,GSE240729,7068-04-001-031,,,liver (FFPE = Formalin Fixed Paraffin Embedded),,F0,
GSM7708417,GSE240729,7068-04-001-032,,,liver (FFPE = Formalin Fixed Paraffin Embedded),,F4,
GSM7708418,GSE240729,7068-04-001-033,,,liver (FFPE = Formalin Fixed Paraffin Embedded),,F3,
GSM7708419,GSE240729,7068-04-001-035,,,liver (FFPE = Formalin Fixed Paraffin Embedded),,F4,
GSM7708420,GSE240729,7068-04-001-037,,,liver (FFPE = Formalin Fixed Paraffin Embedded),,F3,
GSM7708421,GSE240729,7068-04-001-038,,,liver (FFPE = Formalin Fixed Paraffin Embedded),,F0,
GSM7708422,GSE240729,7068-04-001-039,,,liver (FFPE = Formalin Fixed Paraffin Embedded),,F1,
GSM7708423,GSE240729,7068-04-001-040,,,liver (FFPE = Formalin Fixed Paraffin Embedded),,F1,
GSM7708424,GSE240729,7068-04-001-041,,,liver (FFPE = Formalin Fixed Paraffin Embedded),,F0,
GSM7708425,GSE240729,7068-04-001-042,,,liver (FFPE = Formalin Fixed Paraffin Embedded),,F0,
GSM7708426,GSE240729,7068-04-001-043,,,liver (FFPE = Formalin Fixed Paraffin Embedded),,F2,
GSM7708427,GSE240729,7068-04-001-044,,,liver (FFPE = Formalin Fixed Paraffin Embedded),,F2,
GSM7708428,GSE240729,7068-04-001-045,,,liver (FFPE = Formalin Fixed Paraffin Embedded),,F1,
GSM7708429,GSE240729,7068-04-001-046,,,liver (FFPE = Formalin Fixed Paraffin Embedded),,F2,
GSM7708430,GSE240729,7068-04-001-047,,,liver (FFPE = Formalin Fixed Paraffin Embedded),,F3,
GSM7708431,GSE240729,7068-04-001-048,,,liver (FFPE = Formalin Fixed Paraffin Embedded),,F1,
GSM7708432,GSE240729,7068-04-001-049,,,liver (FFPE = Formalin Fixed Paraffin Embedded),,F2,
GSM7708433,GSE240729,7068-04-001-050,,,liver (FFPE = Formalin Fixed Paraffin Embedded),,F2,
GSM7708434,GSE240729,7068-04-001-051,,,liver (FFPE = Formalin Fixed Paraffin Embedded),,F1,
GSM7708435,GSE240729,7068-04-001-052,,,liver (FFPE = Formalin Fixed Paraffin Embedded),,F1,
GSM7708436,GSE240729,7068-04-001-053,,,liver (FFPE = Formalin Fixed Paraffin Embedded),,F1,
GSM7708437,GSE240729,7068-04-001-054,,,liver (FFPE = Formalin Fixed Paraffin Embedded),,F2,
GSM7708438,GSE240729,7068-04-001-055,,,liver (FFPE = Formalin Fixed Paraffin Embedded),,F2,
GSM7708439,GSE240729,7068-04-001-056,,,liver (FFPE = Formalin Fixed Paraffin Embedded),,F0,
GSM7708440,GSE240729,7068-04-001-057,,,liver (FFPE = Formalin Fixed Paraffin Embedded),,F1,
GSM7708441,GSE240729,7068-04-001-058,,,liver (FFPE = Formalin Fixed Paraffin Embedded),,F2,
GSM7708442,GSE240729,7068-04-001-059,,,liver (FFPE = Formalin Fixed Paraffin Embedded),,F1,
GSM7708443,GSE240729,7068-04-001-060,,,liver (FFPE = Formalin Fixed Paraffin Embedded),,F2,
GSM7708444,GSE240729,7068-04-001-061,,,liver (FFPE = Formalin Fixed Paraffin Embedded),,F1,
GSM7708445,GSE240729,7068-04-001-062,,,liver (FFPE = Formalin Fixed Paraffin Embedded),,F1,
GSM7708446,GSE240729,7068-04-001-063,,,liver (FFPE = Formalin Fixed Paraffin Embedded),,F2,
GSM7708447,GSE240729,7068-04-001-064,,,liver (FFPE = Formalin Fixed Paraffin Embedded),,F0,
GSM7708448,GSE240729,7068-04-001-065,,,liver (FFPE = Formalin Fixed Paraffin Embedded),,F1,
GSM7708449,GSE240729,7068-04-001-067,,,liver (FFPE = Formalin Fixed Paraffin Embedded),,F1,
GSM7708450,GSE240729,7068-04-001-068,,,liver (FFPE = Formalin Fixed Paraffin Embedded),,F1,
GSM7708451,GSE240729,7068-04-001-069,,,liver (FFPE = Formalin Fixed Paraffin Embedded),,F2,
GSM7708452,GSE240729,7068-04-001-070,,,liver (FFPE = Formalin Fixed Paraffin Embedded),,F0,
GSM7708453,GSE240729,7068-04-001-071,,,liver (FFPE = Formalin Fixed Paraffin Embedded),,F2,
GSM7708454,GSE240729,7068-04-001-072,,,liver (FFPE = Formalin Fixed Paraffin Embedded),,F1,
GSM8314649,GSE269412,KYL112,,,Liver,,,
GSM8314650,GSE269412,YYD440,,,Liver,,,
GSM8314651,GSE269412,MRA483,,,Liver,,,
GSM8314652,GSE269412,YJW923,,,Liver,,,
GSM8314653,GSE269412,RJR816,,,Liver,,,
GSM8314654,GSE269412,JDH172,,,Liver,,,
GSM8314655,GSE269412,ZOD891,,,Liver,,,
GSM8314656,GSE269412,OKQ881,,,Liver,,,
GSM8314657,GSE269412,KFZ933,,,Liver,,,
GSM8314658,GSE269412,KCX451,,,Liver,,,
GSM8314659,GSE269412,OXX116,,,Liver,,,
GSM8314660,GSE269412,ROL427,,,Liver,,,
GSM8314661,GSE269412,LMT575,,,Liver,,,
GSM8314662,GSE269412,SEG748,,,Liver,,,
GSM8314663,GSE269412,HKD846,,,Liver,,,
GSM8314664,GSE269412,QCX420,,,Liver,,,
GSM8314665,GSE269412,WXI496,,,Liver,,,
GSM8314666,GSE269412,HOY965,,,Liver,,,
GSM8314667,GSE269412,QTB333,,,Liver,,,
GSM8314668,GSE269412,NIV336,,,Liver,,,
GSM8314669,GSE269412,XCC841,,,Liver,,,
GSM8314670,GSE269412,SLR4892,,,Liver,,,
GSM8314671,GSE269412,AXJ903,,,Liver,,,
GSM8314672,GSE269412,WGK828,,,Liver,,,
GSM8314673,GSE269412,JUT827,,,Liver,,,
GSM8314674,GSE269412,SDR783,,,Liver,,,
GSM8314675,GSE269412,HYC397,,,Liver,,,
GSM8314676,GSE269412,QKY201,,,Liver,,,
GSM8314677,GSE269412,VBR963,,,Liver,,,
GSM8314678,GSE269412,CLU626,,,Liver,,,
GSM8314679,GSE269412,REI423,,,Liver,,,
GSM8314680,GSE269412,JWQ775,,,Liver,,,
GSM8314681,GSE269412,UDF695,,,Liver,,,
GSM8314682,GSE269412,YKD902,,,Liver,,,
GSM8314683,GSE269412,XQE847,,,Liver,,,
GSM8314684,GSE269412,JFL906,,,Liver,,,
GSM8314685,GSE269412,JTN948,,,Liver,,,
GSM8314686,GSE269412,PNT686,,,Liver,,,
GSM8314687,GSE269412,GDJ739,,,Liver,,,
GSM8314688,GSE269412,VVI446,,,Liver,,,
GSM8314689,GSE269412,LQF210,,,Liver,,,
GSM8314690,GSE269412,UHL541,,,Liver,,,
GSM8314691,GSE269412,XPP673,,,Liver,,,
GSM8314692,GSE269412,YHB234,,,Liver,,,
GSM8314693,GSE269412,EJV194,,,Liver,,,
GSM8314694,GSE269412,YPG840,,,Liver,,,
GSM8314695,GSE269412,END612,,,Liver,,,
GSM8314696,GSE269412,CQW242,,,Liver,,,
GSM8314697,GSE269412,DCR810,,,Liver,,,
GSM8314698,GSE269412,KQF393,,,Liver,,,
GSM8314699,GSE269412,SQP633,,,Liver,,,
GSM8314700,GSE269412,PND513,,,Liver,,,
GSM8314701,GSE269412,FSM684,,,Liver,,,
GSM8314702,GSE269412,QJW266,,,Liver,,,
GSM8314703,GSE269412,SPI488,,,Liver,,,
GSM8314704,GSE269412,VCO315,,,Liver,,,
GSM8314705,GSE269412,MYN546,,,Liver,,,
GSM8314706,GSE269412,NJM268,,,Liver,,,
GSM8314707,GSE269412,QKK716,,,Liver,,,
GSM8314708,GSE269412,XDI475,,,Liver,,,
GSM8314709,GSE269412,XTU916,,,Liver,,,
GSM8314710,GSE269412,JVQ477,,,Liver,,,
GSM8314711,GSE269412,RFN819,,,Liver,,,
GSM8314712,GSE269412,SIT901,,,Liver,,,
GSM8314713,GSE269412,BRE547,,,Liver,,,
GSM8314714,GSE269412,LUH941,,,Liver,,,
GSM8314715,GSE269412,IBF935,,,Liver,,,
GSM8314716,GSE269412,GYZ241,,,Liver,,,
GSM8314717,GSE269412,KQC337,,,Liver,,,
GSM8314718,GSE269412,KZR101,,,Liver,,,
GSM8314719,GSE269412,VRE722,,,Liver,,,
GSM8314720,GSE269412,XYG500,,,Liver,,,
GSM8314721,GSE269412,REK696,,,Liver,,,
GSM8314722,GSE269412,OXK164,,,Liver,,,
GSM8314723,GSE269412,FKY810,,,Liver,,,
GSM8314724,GSE269412,XFO277,,,Liver,,,
GSM8314725,GSE269412,XPI774,,,Liver,,,
GSM8314726,GSE269412,KFY268,,,Liver,,,
GSM8314727,GSE269412,WIZ538,,,Liver,,,
GSM8314728,GSE269412,UAO361,,,Liver,,,
GSM8314729,GSE269412,ACO747,,,Liver,,,
GSM8314730,GSE269412,RZD705,,,Liver,,,
GSM8314731,GSE269412,ZKD805,,,Liver,,,
GSM8314732,GSE269412,PWY153,,,Liver,,,
GSM8314733,GSE269412,WVX781,,,Liver,,,
GSM8314734,GSE269412,EJK173,,,Liver,,,
GSM8314735,GSE269412,BIW515,,,Liver,,,
GSM8314736,GSE269412,FND585,,,Liver,,,
GSM8314737,GSE269412,DDX442,,,Liver,,,
GSM8314738,GSE269412,QJY851,,,Liver,,,
GSM8314739,GSE269412,CUG491,,,Liver,,,
GSM8314740,GSE269412,DGQ395,,,Liver,,,
GSM8314741,GSE269412,EXK318,,,Liver,,,
GSM8314742,GSE269412,CVW854,,,Liver,,,
GSM8314743,GSE269412,ZQQ777,,,Liver,,,
GSM8314744,GSE269412,HDW632,,,Liver,,,
GSM8314745,GSE269412,YVA544,,,Liver,,,
GSM8314746,GSE269412,ONT897,,,Liver,,,
GSM8314747,GSE269412,YXW946,,,Liver,,,
GSM8314748,GSE269412,UDT182,,,Liver,,,
GSM8314749,GSE269412,PUF962,,,Liver,,,
GSM8314750,GSE269412,QTT156,,,Liver,,,
GSM8314751,GSE269412,DTH947,,,Liver,,,
GSM8314752,GSE269412,ALD943,,,Liver,,,
GSM8314753,GSE269412,WNN537,,,Liver,,,
GSM8314754,GSE269412,TTG258,,,Liver,,,
GSM8314755,GSE269412,PFX974,,,Liver,,,
GSM8314756,GSE269412,ESJ967,,,Liver,,,
GSM8314757,GSE269412,WCG168,,,Liver,,,
GSM8314758,GSE269412,ZKP780,,,Liver,,,
GSM8314759,GSE269412,IQG997,,,Liver,,,
GSM8314760,GSE269412,MMJ737,,,Liver,,,
GSM8314761,GSE269412,IOA210,,,Liver,,,
GSM8314762,GSE269412,MJN217,,,Liver,,,
GSM8314763,GSE269412,OQG452,,,Liver,,,
GSM8314764,GSE269412,FUG307,,,Liver,,,
GSM8314765,GSE269412,KXW719,,,Liver,,,
GSM8314766,GSE269412,QDY893,,,Liver,,,
GSM8314767,GSE269412,PGH821,,,Liver,,,
GSM8314768,GSE269412,YSU419,,,Liver,,,
GSM8314769,GSE269412,YIU233,,,Liver,,,
GSM8314770,GSE269412,ADE464,,,Liver,,,
GSM8314771,GSE269412,WRY133,,,Liver,,,
GSM8314772,GSE269412,UXJ402,,,Liver,,,
GSM8314773,GSE269412,YSZ301,,,Liver,,,
GSM8314774,GSE269412,UHV721,,,Liver,,,
GSM8314775,GSE269412,KUV229,,,Liver,,,
GSM8314776,GSE269412,DDT659,,,Liver,,,
GSM8314777,GSE269412,GNI484,,,Liver,,,
GSM8314778,GSE269412,TLT507,,,Liver,,,
GSM8314779,GSE269412,RPC773,,,Liver,,,
GSM8314780,GSE269412,PXJ190,,,Liver,,,
GSM8314781,GSE269412,GBP913,,,Liver,,,
GSM8314782,GSE269412,HIY471,,,Liver,,,
GSM8314783,GSE269412,RYZ258,,,Liver,,,
GSM8314784,GSE269412,TPZ888,,,Liver,,,
GSM8314785,GSE269412,IOW123,,,Liver,,,
GSM8314786,GSE269412,BDR489,,,Liver,,,
GSM8314787,GSE269412,SPM565,,,Liver,,,
GSM8314788,GSE269412,ZOD179,,,Liver,,,
GSM8314789,GSE269412,VNQ333,,,Liver,,,
GSM8314790,GSE269412,ASX665,,,Liver,,,
GSM8314791,GSE269412,KHJ333,,,Liver,,,
GSM8314792,GSE269412,KIU550,,,Liver,,,
GSM8314793,GSE269412,GKM743,,,Liver,,,
GSM8314794,GSE269412,ALF449,,,Liver,,,
GSM8314795,GSE269412,TDW443,,,Liver,,,
GSM8314796,GSE269412,CIW710,,,Liver,,,
GSM8314797,GSE269412,ABJ468,,,Liver,,,
GSM8314798,GSE269412,BGB414,,,Liver,,,
GSM8314799,GSE269412,YHL587,,,Liver,,,
GSM8314800,GSE269412,JFF518,,,Liver,,,
GSM8314801,GSE269412,TKR960,,,Liver,,,
GSM8314802,GSE269412,UTB432,,,Liver,,,
GSM8314803,GSE269412,DNL679,,,Liver,,,
GSM8314804,GSE269412,SRC524,,,Liver,,,
GSM8314805,GSE269412,AUT782,,,Liver,,,
GSM8314806,GSE269412,EYC308,,,Liver,,,
GSM8314807,GSE269412,OUX828,,,Liver,,,
GSM8314808,GSE269412,JLG297,,,Liver,,,
GSM8314809,GSE269412,LUK585,,,Liver,,,
GSM8314810,GSE269412,OTW294,,,Liver,,,
GSM8314811,GSE269412,AQB432,,,Liver,,,
GSM8314812,GSE269412,FYS787,,,Liver,,,
GSM8314813,GSE269412,CFH377,,,Liver,,,
GSM8314814,GSE269412,YMK964,,,Liver,,,
GSM8314815,GSE269412,IMD704,,,Liver,,,
GSM8314816,GSE269412,YFH298,,,Liver,,,
GSM8314817,GSE269412,LOT902,,,Liver,,,
GSM8314818,GSE269412,VBL165,,,Liver,,,
GSM8314819,GSE269412,NWU655,,,Liver,,,
GSM8314820,GSE269412,DXN914,,,Liver,,,
GSM8314821,GSE269412,BVJ928,,,Liver,,,
GSM8314822,GSE269412,YXK696,,,Liver,,,
GSM8314823,GSE269412,GTX889,,,Liver,,,
GSM8314824,GSE269412,WLW163,,,Liver,,,
GSM8314825,GSE269412,YOX147,,,Liver,,,
GSM8314826,GSE269412,HTS420,,,Liver,,,
GSM8314827,GSE269412,HMU541,,,Liver,,,
GSM8314828,GSE269412,GNK557,,,Liver,,,
GSM8314829,GSE269412,RVT473,,,Liver,,,
GSM8314830,GSE269412,QFU156,,,Liver,,,
GSM8314831,GSE269412,HOI855,,,Liver,,,
GSM8314832,GSE269412,LSG225,,,Liver,,,
GSM8314833,GSE269412,HKE922,,,Liver,,,
GSM8314834,GSE269412,QMA457,,,Liver,,,
GSM8314835,GSE269412,XSP695,,,Liver,,,
GSM8314836,GSE269412,UBH208,,,Liver,,,
GSM8314837,GSE269412,YNE987,,,Liver,,,
GSM8314838,GSE269412,TVO619,,,Liver,,,
GSM8314839,GSE269412,SXI255,,,Liver,,,
GSM8314840,GSE269412,CCU357,,,Liver,,,
GSM8314841,GSE269412,HDN490,,,Liver,,,
GSM8314842,GSE269412,CMW958,,,Liver,,,
GSM8314843,GSE269412,TAB580,,,Liver,,,
GSM8314844,GSE269412,LAH821,,,Liver,,,
GSM8314845,GSE269412,QZV338,,,Liver,,,
GSM8314846,GSE269412,NWX937,,,Liver,,,
GSM8314847,GSE269412,QYJ155,,,Liver,,,
GSM8314848,GSE269412,DPS177,,,Liver,,,
GSM8314849,GSE269412,KAV782,,,Liver,,,
GSM8314850,GSE269412,TPT236,,,Liver,,,
GSM8314851,GSE269412,DNM623,,,Liver,,,
GSM8314852,GSE269412,JNK936,,,Liver,,,
GSM8314853,GSE269412,EEJ113,,,Liver,,,
GSM8314854,GSE269412,ERH825,,,Liver,,,
GSM8314855,GSE269412,EUU581,,,Liver,,,
GSM8314856,GSE269412,AEK876,,,Liver,,,
GSM8314857,GSE269412,EFW637,,,Liver,,,
GSM8314858,GSE269412,PYQ514,,,Liver,,,
GSM8314859,GSE269412,XTI939,,,Liver,,,
GSM8314860,GSE269412,BMO617,,,Liver,,,
GSM8314861,GSE269412,CCL865,,,Liver,,,
GSM8314862,GSE269412,CJU592,,,Liver,,,
GSM8314863,GSE269412,AUR380,,,Liver,,,
GSM8314864,GSE269412,WQI320,,,Liver,,,
GSM8314865,GSE269412,ENP459,,,Liver,,,
GSM8314866,GSE269412,CCA245,,,Liver,,,
GSM8314867,GSE269412,HNR861,,,Liver,,,
GSM8314868,GSE269412,MSD301,,,Liver,,,
GSM8314869,GSE269412,AWX180,,,Liver,,,
GSM8314870,GSE269412,ABZ370,,,Liver,,,
GSM8314871,GSE269412,IRP509,,,Liver,,,
GSM8314872,GSE269412,ZZX516,,,Liver,,,
GSM8314873,GSE269412,IPZ774,,,Liver,,,
GSM8314874,GSE269412,ADI555,,,Liver,,,
GSM8314875,GSE269412,YNL310,,,Liver,,,
GSM8314876,GSE269412,ZTZ746,,,Liver,,,
GSM8314877,GSE269412,GNO731,,,Liver,,,
GSM8314878,GSE269412,HPF205,,,Liver,,,
GSM8314879,GSE269412,RKT482,,,Liver,,,
GSM8314880,GSE269412,HML208,,,Liver,,,
GSM8314881,GSE269412,TWJ769,,,Liver,,,
GSM8314882,GSE269412,YDJ237,,,Liver,,,
GSM8314883,GSE269412,SBB944,,,Liver,,,
GSM8314884,GSE269412,BQG343,,,Liver,,,
GSM8314885,GSE269412,FAO468,,,Liver,,,
GSM8314886,GSE269412,XVC832,,,Liver,,,
GSM8314887,GSE269412,CNR595,,,Liver,,,
GSM8314888,GSE269412,TTQ135,,,Liver,,,
GSM8314889,GSE269412,GWX459,,,Liver,,,
GSM8314890,GSE269412,UMD368,,,Liver,,,
GSM8314891,GSE269412,UIX583,,,Liver,,,
GSM8314892,GSE269412,DWS954,,,Liver,,,
GSM8314893,GSE269412,NSF317,,,Liver,,,
GSM8314894,GSE269412,PWQ681,,,Liver,,,
GSM8314895,GSE269412,XNG554,,,Liver,,,
GSM8314896,GSE269412,FHC603,,,Liver,,,
GSM8314897,GSE269412,DJG504,,,Liver,,,
GSM8314898,GSE269412,WZG609,,,Liver,,,
GSM8314899,GSE269412,HNK873,,,Liver,,,
GSM8314900,GSE269412,MUH937,,,Liver,,,
GSM8314901,GSE269412,WAH911,,,Liver,,,
GSM8314902,GSE269412,AKE602,,,Liver,,,
GSM8314903,GSE269412,WEW415,,,Liver,,,
GSM8314904,GSE269412,NVS675,,,Liver,,,
GSM8314905,GSE269412,WVK235,,,Liver,,,
GSM8314906,GSE269412,OYE145,,,Liver,,,
GSM8314907,GSE269412,XSP436,,,Liver,,,
GSM8314908,GSE269412,YRI137,,,Liver,,,
GSM8314909,GSE269412,EFT620,,,Liver,,,
GSM8314910,GSE269412,RVO178,,,Liver,,,
