Sheet,Contents
1_shortlist_25_KG,The brief's table for the final 25 genes: one row per gene per connected pathway or biological process.
2_tier1_507_KG,The same for all 507 Tier 1 genes.
3_all_mechanisms_ranked,"Every mechanism the Tier 1 genes reach, with its fold enrichment, p and q, and the size / major / enriched flags - so the choice of 12 is auditable."
4_figure_edges,The edges drawn in Figure 12.
5_figure_nodes,The nodes drawn in Figure 12.
6_duplicates_collapsed,"Near-duplicate mechanisms collapsed, and which was kept instead."
,
,
Caveat,
"THE FINAL 25 BARELY CONVERGE, AND THE FIGURE SHOULD NOT BE READ AS IF THEY DO. Among the 25, only 2 pathways connect to two or more of them and none to three or more. This follows directly from step 9, which selected genes to be as unlike each other as possible. Most convergence visible in the figure comes from the other Tier 1 genes.",
"PATHWAYS AND BIOLOGICAL PROCESSES ARE NOT CONNECTED TO EACH OTHER in this graph. Both attach to genes. The brief's 'Gene -> Pathway -> Biological Process' is therefore two separate connections per gene, not a chain. No information is missing.",
"THE 12 MECHANISMS WERE CHOSEN BY ENRICHMENT, NOT BY GENE COUNT. Each graph node was tested the way Task 4 tested its gene sets - a hypergeometric test of the Tier 1 genes against the same 14,794-gene eligible background, BH-FDR across nodes - then filtered to 10-500 member genes and at least 10 Tier 1 genes, and ranked by q-value. Ranking by gene count instead returned 'positive regulation of gene expression', 'negative regulation of apoptotic process' and 'positive/negative regulation of cell population proliferation' in the top twelve: terms that appear in almost any gene list. They are significant here too, but only 2.3-3.0x enriched against 4-13x for the mechanisms shown, and q weighs size and fold together, so they fall away without a hand-picked fold cutoff.",
"ENRICHMENT WAS TESTED ON THE GRAPH'S OWN NODES RATHER THAN BY MATCHING THEIR NAMES TO TASK 4'S TERMS. Name matching was tried first and is brittle: MSigDB 2024.1 has no GOBP_EXTRACELLULAR_MATRIX_ORGANIZATION because GO renamed that term to external encapsulating structure organization, so the most connected mechanism in the graph - 56 Tier 1 genes, 7.5x enriched, q = 8e-30 - was marked 'not enriched' and dropped from the figure over a vocabulary change. Matching on gene membership was no better: that node's best Jaccard against any significant term is 0.45. Testing each node directly needs no vocabulary at all.",
"NEAR-DUPLICATE MECHANISMS WERE COLLAPSED at Jaccard > 0.5 of their Tier 1 members, so the figure shows distinct mechanisms rather than one mechanism worded several ways. Sheet 6 lists what was collapsed.",
"THE FIGURE DRAWS A SUBSET OF GENES: those reaching two or more of the 12 mechanisms, plus every one of the final 25 that reaches any. Genes absent from the figure are not absent from the analysis - sheets 1 and 2 carry every connection.",
"THE KNOWLEDGE GRAPH WAS NOT REBUILT. This reads the same CSVs that are loaded into Neo4j: data/graph_okg, the OptimusKG layer. Checked, not assumed -- verify_against_neo4j.py diffs the files against the live database at four levels, down to the gene IDs of each mechanism shown here, and all of them matched. An earlier version read data/graph_kg, the superseded PrimeKG layer, whose counts do not match the graph.",
