Node,ID,Kind,Degree_in_figure
positive regulation of cell migration,GO_0030335,BioProcess,18
cell-cell adhesion,GO_0098609,BioProcess,18
cell migration,GO_0016477,BioProcess,17
integrin-mediated signaling pathway,GO_0007229,BioProcess,17
angiogenesis,GO_0001525,BioProcess,16
inflammatory response,GO_0006954,BioProcess,14
positive regulation of ERK1 and ERK2 cascade,GO_0070374,BioProcess,12
extracellular matrix organization,GO_0030198,BioProcess,10
PDGFRA,ENSG00000134853,Final 25 gene,4
LYZ,ENSG00000090382,Final 25 gene,1
KNG1,ENSG00000113889,Final 25 gene,1
ADAMTSL2,ENSG00000197859,Final 25 gene,1
TREM2,ENSG00000095970,Final 25 gene,1
NFASC,ENSG00000163531,Final 25 gene,1
Integrin cell surface interactions,REACT:R-HSA-216083,Pathway,17
Interleukin-4 and Interleukin-13 signaling,REACT:R-HSA-6785807,Pathway,10
ECM proteoglycans,REACT:R-HSA-3000178,Pathway,10
Developmental Lineage of Pancreatic Ductal Cells,REACT:R-HSA-9925563,Pathway,6
ITGAX,ENSG00000140678,Tier 1 gene,6
ITGB5,ENSG00000082781,Tier 1 gene,5
THBS1,ENSG00000137801,Tier 1 gene,5
ITGB2,ENSG00000160255,Tier 1 gene,5
ITGA2,ENSG00000164171,Tier 1 gene,5
COL3A1,ENSG00000168542,Tier 1 gene,5
TGFB1,ENSG00000105329,Tier 1 gene,5
MMP2,ENSG00000087245,Tier 1 gene,5
ICAM1,ENSG00000090339,Tier 1 gene,4
ITGB8,ENSG00000105855,Tier 1 gene,4
COL1A1,ENSG00000108821,Tier 1 gene,4
COL5A1,ENSG00000130635,Tier 1 gene,4
COL4A2,ENSG00000134871,Tier 1 gene,4
COL1A2,ENSG00000164692,Tier 1 gene,4
ITGAM,ENSG00000169896,Tier 1 gene,4
COL8A2,ENSG00000171812,Tier 1 gene,4
CCL2,ENSG00000108691,Tier 1 gene,4
PDGFRB,ENSG00000113721,Tier 1 gene,4
CCN2,ENSG00000118523,Tier 1 gene,4
EPHA2,ENSG00000142627,Tier 1 gene,4
MMP14,ENSG00000157227,Tier 1 gene,4
CCL21,ENSG00000137077,Tier 1 gene,4
SEMA7A,ENSG00000138623,Tier 1 gene,4
CCN1,ENSG00000142871,Tier 1 gene,4
ITGA3,ENSG00000005884,Tier 1 gene,3
ITGA4,ENSG00000115232,Tier 1 gene,3
COL4A1,ENSG00000187498,Tier 1 gene,3
CXCL8,ENSG00000169429,Tier 1 gene,3
BCL2,ENSG00000171791,Tier 1 gene,3
SOX9,ENSG00000125398,Tier 1 gene,3
ANXA2,ENSG00000182718,Tier 1 gene,3
MYH9,ENSG00000100345,Tier 1 gene,3
PIK3CG,ENSG00000105851,Tier 1 gene,3
THY1,ENSG00000154096,Tier 1 gene,3
PDGFA,ENSG00000197461,Tier 1 gene,3
CXCR4,ENSG00000121966,Tier 1 gene,3
F2RL1,ENSG00000164251,Tier 1 gene,3
CCL19,ENSG00000172724,Tier 1 gene,3
NEDD9,ENSG00000111859,Tier 1 gene,3
SRC,ENSG00000197122,Tier 1 gene,3
ITGBL1,ENSG00000198542,Tier 1 gene,3
