cluster,cluster_name,database,n_sig_all,n_sig_core,n_shared,pct_core_terms_also_in_all,top10_all_also_sig_in_core
C1,"Early increase (F0→F1), then continued",GO_BP,367,0,0,,0
C1,"Early increase (F0→F1), then continued",KEGG,50,0,0,,0
C1,"Early increase (F0→F1), then continued",Reactome,70,0,0,,0
C1,"Early increase (F0→F1), then continued",Hallmark,15,0,0,,0
C2,Late increase (largest at F3→F4),GO_BP,530,344,280,81.4,10
C2,Late increase (largest at F3→F4),KEGG,20,6,6,100.0,5
C2,Late increase (largest at F3→F4),Reactome,50,35,29,82.9,9
C2,Late increase (largest at F3→F4),Hallmark,21,22,20,90.9,10
C3,"Early rise, then plateau",GO_BP,92,0,0,,0
C3,"Early rise, then plateau",KEGG,3,0,0,,0
C3,"Early rise, then plateau",Reactome,33,0,0,,0
C3,"Early rise, then plateau",Hallmark,3,0,0,,0
C4,Mid decrease (largest at F1→F2),GO_BP,9,0,0,,0
C4,Mid decrease (largest at F1→F2),KEGG,1,0,0,,0
C4,Mid decrease (largest at F1→F2),Reactome,2,0,0,,0
C4,Mid decrease (largest at F1→F2),Hallmark,2,0,0,,0
C5,Late decrease (largest at F3→F4),GO_BP,150,160,134,83.8,10
C5,Late decrease (largest at F3→F4),KEGG,33,32,30,93.8,10
C5,Late decrease (largest at F3→F4),Reactome,40,36,32,88.9,10
C5,Late decrease (largest at F3→F4),Hallmark,7,7,7,100.0,7
